date,cfr_62,cfr_65,port_stock_62,port_stock_65,inventories_mt,steel_production_mt,steel_inventories_mt
2018-07-03,,,,,158.0,370.0,472.0
2018-07-17,,,,,156.0,451.0,4.4
2018-07-19,,,,,,,
2018-07-31,,,,,156.0,451.0,4.1
2018-08-11,,,,,154.0,451.0,4.1
2018-08-28,,,,,151.0,533.0,4.1
2018-09-11,,,,,150.0,533.0,4.2
2018-09-25,,,,,149.0,617.0,4.1
2018-10-09,,,,,146.0,617.0,4.1
2018-10-23,,,,,144.0,699.0,4.2
2018-11-06,,,,,142.0,699.0,3.6
2018-11-20,,,,,141.0,782.0,3.1
2018-12-04,,,,,138.0,782.0,2.9
2018-12-18,,,,,137.0,857.0,2.8
2019-01-08,,,,,137.0,857.0,2.8
2019-01-22,,,,,141.0,928.0,3.7
2019-02-19,,,,,144.0,928.0,7.4
2019-03-05,,,,,146.0,928.0,9.1
2019-03-19,,,,,148.0,150.0,8.7
2019-04-02,,,,,148.0,150.0,8.1
2019-04-16,,,,,144.0,150.0,7.2
2019-04-30,,,,,144.0,150.0,7.2
2019-05-14,,,,,133.0,231.0,5.7
2019-05-28,,,,,128.0,315.0,5.2
2019-06-11,,,,,122.0,315.0,5.0
2019-06-25,,,,,117.0,405.0,5.3
2019-07-09,,,,,116.0,405.0,5.4
2019-07-23,,,,,118.0,492.0,5.6
2019-08-06,,,,,121.0,492.0,6.0
2019-08-20,,,,,123.0,577.0,6.0
2019-09-03,,,,,125.0,577.0,5.8
2019-09-17,,,,,125.0,665.0,5.2
2019-10-01,,,,,126.0,665.0,4.8
2019-10-15,,,,,130.0,665.0,4.9
2019-10-29,,,,,134.0,748.0,4.1
2019-11-12,,,,,132.0,748.0,3.5
2019-11-26,,,,,130.0,829.0,2.9
2019-12-10,,,,,130.0,829.0,2.9
2019-12-24,,,,,129.0,904.0,3.0
2020-01-07,,,,,130.0,904.0,3.1
2020-01-21,,,,,127.0,996.0,4.5
2020-02-04,,,,,127.0,996.0,4.5
2020-02-18,,,,,131.0,996.0,9.2
2020-03-03,,,,,127.0,996.0,11.5
2020-03-17,,,,,126.0,996.0,13.0
2020-03-31,,,,,121.0,155.0,12.4
2020-04-14,,,,,119.0,155.0,11.2
2020-04-28,,,,,118.0,234.0,10.4
2020-05-12,,,,,113.0,234.0,9.5
2020-05-26,,,,,110.0,319.0,8.2
2020-06-09,,,,,109.0,319.0,7.4
2020-06-23,,,,,108.0,412.0,7.2
2020-07-07,,,,,110.0,412.0,7.2
2020-07-21,,,,,112.0,499.0,7.6
2020-08-04,,,,,117.0,499.0,7.9
2020-08-18,,,,,117.0,593.0,7.8
2020-09-01,,,,,116.0,593.0,7.9
2020-09-15,,,,,119.0,593.0,8.0
2020-09-29,,,,,120.0,689.0,7.9
2020-10-13,,,,,124.0,689.0,7.7
2020-10-27,,,,,128.0,782.0,7.1
2020-11-10,,,,,131.0,782.0,6.1
2020-11-24,,,,,132.0,874.0,4.9
2020-12-08,,,,,129.0,874.0,4.2
2020-12-22,,,,,126.0,961.0,3.5
2021-01-05,,,,,127.0,961.0,3.4
2021-01-19,,,,,125.0,961.0,3.8
2021-02-02,,,,,126.0,1053.0,4.9
2021-02-16,,,,,126.0,1053.0,6.6
2021-03-02,,,,,129.0,1053.0,10.1
2021-03-16,,,,,131.0,175.0,11.6
2021-03-30,,,,,134.0,175.0,10.8
2021-04-13,,,,,134.0,175.0,9.8
2021-04-27,,,,,136.0,271.0,8.6
2021-05-11,,,,,133.0,271.0,8.0
2021-06-08,,,,,128.0,375.0,6.8
2021-06-22,,,,,125.0,473.0,6.8
2021-07-06,,,,,124.0,473.0,7.1
2021-07-14,169.25,250.0,1156.0,1333.0,,,
2021-07-19,169.25,227.0,1156.0,1333.0,,,
2021-07-20,,,,,129.0,563.0,7.4
2021-07-27,169.25,226.0,1156.0,1333.0,,,
2021-07-28,169.25,223.0,1156.0,1333.0,,,
2021-07-29,169.25,220.0,1156.0,1333.0,,,
2021-07-30,169.25,220.0,1156.0,1333.0,,,
2021-08-02,178.57,232.0,1211.0,1415.0,,,
2021-08-03,178.57,236.0,1211.0,1415.0,128.0,563.0,7.2
2021-08-04,178.57,247.0,1211.0,1415.0,,,
2021-08-05,178.57,247.0,1211.0,1415.0,,,
2021-08-06,178.57,65.0,1211.0,1415.0,,,
2021-08-09,178.57,65.0,1211.0,1415.0,,,
2021-08-10,178.57,65.0,1211.0,1415.0,,,
2021-08-11,178.57,65.0,1211.0,1415.0,,,
2021-08-12,178.57,65.0,1211.0,1415.0,,,
2021-08-13,178.57,65.0,1211.0,1415.0,,,
2021-08-16,178.57,65.0,1211.0,1415.0,,,
2021-08-17,178.57,65.0,1211.0,1415.0,127.0,649.0,7.1
2021-08-18,178.57,65.0,1211.0,1415.0,,,
2021-08-19,178.57,65.0,1211.0,1415.0,,,
2021-08-20,178.57,65.0,1211.0,1415.0,,,
2021-08-23,178.57,65.0,1211.0,1415.0,,,
2021-08-24,178.57,65.0,1211.0,1415.0,,,
2021-08-25,178.57,65.0,1211.0,1415.0,,,
2021-08-26,178.57,65.0,1211.0,1415.0,,,
2021-08-27,178.57,65.0,1211.0,1415.0,,,
2021-08-30,178.57,65.0,1211.0,1415.0,,,
2021-08-31,178.57,249.0,1211.0,1415.0,129.0,649.0,7.1
2021-09-01,208.38,235.0,1511.0,1693.0,,,
2021-09-02,208.38,222.0,1511.0,1693.0,,,
2021-09-03,208.38,212.0,1511.0,1693.0,,,
2021-09-06,208.38,213.0,1511.0,1693.0,,,
2021-09-07,208.38,211.0,1511.0,1693.0,,,
2021-09-08,208.38,211.0,1511.0,1693.0,,,
2021-09-09,208.38,220.0,1511.0,1693.0,,,
2021-09-10,208.38,230.0,1511.0,1693.0,,,
2021-09-13,208.38,238.0,1511.0,1693.0,,,
2021-09-14,208.38,247.0,1511.0,1693.0,131.0,649.0,7.0
2021-09-15,208.38,243.0,1511.0,1693.0,,,
2021-09-16,208.38,241.0,1511.0,1693.0,,,
2021-09-17,208.38,228.0,1511.0,1693.0,,,
2021-09-20,208.38,228.0,1511.0,1693.0,,,
2021-09-21,208.38,228.0,1511.0,1693.0,,,
2021-09-22,208.38,219.0,1511.0,1693.0,,,
2021-09-23,208.38,207.0,1511.0,1693.0,,,
2021-09-24,208.38,198.0,1511.0,1693.0,,,
2021-09-27,208.38,187.0,1511.0,1693.0,,,
2021-09-28,208.38,180.0,1511.0,1693.0,130.0,733.0,7.0
2021-09-29,208.38,181.0,1511.0,1693.0,,,
2021-09-30,208.38,173.0,1511.0,1693.0,,,
2021-10-01,213.9,173.0,1524.0,1756.0,,,
2021-10-04,213.9,173.0,1524.0,1756.0,,,
2021-10-05,213.9,173.0,1524.0,1756.0,,,
2021-10-06,213.9,173.0,1524.0,1756.0,,,
2021-10-07,213.9,173.0,1524.0,1756.0,,,
2021-10-08,213.9,160.0,1524.0,1756.0,,,
2021-10-11,213.9,157.0,1524.0,1756.0,,,
2021-10-12,213.9,156.0,1524.0,1756.0,134.0,733.0,6.3
2021-10-13,213.9,151.0,1524.0,1756.0,,,
2021-10-14,213.9,151.0,1524.0,1756.0,,,
2021-10-15,213.9,151.0,1524.0,1756.0,,,
2021-10-18,213.9,149.0,1524.0,1756.0,,,
2021-10-19,213.9,146.0,1524.0,1756.0,,,
2021-10-20,213.9,144.0,1524.0,1756.0,,,
2021-10-21,213.9,144.0,1524.0,1756.0,,,
2021-10-22,213.9,145.0,1524.0,1756.0,,,
2021-10-25,213.9,148.0,1524.0,1756.0,,,
2021-10-26,213.9,152.0,1524.0,1756.0,140.0,806.0,5.9
2021-10-28,213.9,151.0,1524.0,1756.0,,,
2021-10-29,213.9,151.0,1524.0,1756.0,,,
2021-11-01,211.65,171.0,1519.0,1750.0,,,
2021-11-02,211.65,187.0,1519.0,1750.0,,,
2021-11-03,211.65,187.0,1519.0,1750.0,,,
2021-11-04,211.65,187.0,1519.0,1750.0,,,
2021-11-05,211.65,205.0,1519.0,1750.0,,,
2021-11-08,211.65,226.0,1519.0,1750.0,,,
2021-11-09,211.65,242.0,1519.0,1750.0,145.0,806.0,5.4
2021-11-10,211.65,238.0,1519.0,1750.0,,,
2021-11-11,211.65,234.0,1519.0,1750.0,,,
2021-11-12,211.65,219.0,1519.0,1750.0,,,
2021-11-15,211.65,243.0,1519.0,1750.0,,,
2021-11-16,211.65,244.0,1519.0,1750.0,,,
2021-11-17,211.65,41.63,1519.0,1750.0,,,
2021-11-18,211.65,42.33,1519.0,1750.0,,,
2021-11-19,211.65,43.61,1519.0,1750.0,,,
2021-11-22,211.65,42.62,1519.0,1750.0,,,
2021-11-23,211.65,40.88,1519.0,1750.0,150.0,877.0,4.9
2021-11-24,211.65,250.0,1519.0,1750.0,,,
2021-11-25,211.65,238.0,1519.0,1750.0,,,
2021-11-26,211.65,221.0,1519.0,1750.0,,,
2021-11-29,211.65,205.0,1519.0,1750.0,,,
2021-11-30,211.65,193.0,1519.0,1750.0,,,
2021-12-01,211.65,194.0,1519.0,1750.0,,,
2021-12-02,162.8,194.0,1174.0,1466.0,,,
2021-12-03,162.8,194.0,1174.0,1466.0,,,
2021-12-06,162.8,194.0,1174.0,1466.0,,,
2021-12-07,162.8,194.0,1174.0,1466.0,155.0,877.0,4.4
2021-12-08,162.8,194.0,1174.0,1466.0,,,
2021-12-09,162.8,194.0,1174.0,1466.0,,,
2021-12-10,162.8,194.0,1174.0,1466.0,,,
2021-12-13,162.8,194.0,1174.0,1466.0,,,
2021-12-14,162.8,194.0,1174.0,1466.0,,,
2021-12-15,162.8,194.0,1174.0,1466.0,,,
2021-12-16,162.8,194.0,1174.0,1466.0,,,
2021-12-17,162.8,194.0,1174.0,1466.0,,,
2021-12-20,162.8,194.0,1174.0,1466.0,,,
2021-12-21,162.8,194.0,1174.0,1466.0,158.0,946.0,4.0
2021-12-22,162.8,194.0,1174.0,1466.0,,,
2021-12-23,162.8,193.0,1174.0,1466.0,,,
2021-12-24,162.8,194.0,1174.0,1466.0,,,
2021-12-27,162.8,194.0,1174.0,1466.0,,,
2021-12-28,162.8,194.0,1174.0,1466.0,,,
2021-12-29,162.8,194.0,1174.0,1466.0,,,
2021-12-30,162.8,194.0,1174.0,1466.0,,,
2022-01-04,162.8,194.0,1174.0,1466.0,156.0,946.0,3.8
2022-01-05,162.8,194.0,1174.0,1466.0,,,
2022-01-06,162.8,194.0,1174.0,1466.0,,,
2022-01-07,162.8,194.0,1174.0,1466.0,,,
2022-01-10,162.8,194.0,1174.0,1466.0,,,
2022-01-11,162.8,194.0,1174.0,1466.0,,,
2022-01-12,162.8,192.0,1174.0,1466.0,,,
2022-01-13,162.8,194.0,1174.0,1466.0,,,
2022-01-14,162.8,194.0,1174.0,1466.0,,,
2022-01-17,162.8,194.0,1174.0,1466.0,,,
2022-01-18,162.8,194.0,1174.0,1466.0,157.0,1033.0,4.0
2022-01-19,162.8,194.0,1174.0,1466.0,,,
2022-01-21,162.8,193.0,1174.0,1466.0,,,
2022-01-24,162.8,194.0,1174.0,1466.0,,,
2022-01-25,128.43,194.0,937.0,1152.0,,,
2022-01-26,128.43,194.0,937.0,1152.0,,,
2022-01-27,128.43,194.0,937.0,1152.0,,,
2022-01-28,126.13,194.0,893.0,1043.0,,,
2022-01-31,,,,,,,
2022-02-01,,,,,154.0,1033.0,4.9
2022-02-04,126.13,194.0,893.0,1043.0,,,
2022-02-07,126.13,193.0,893.0,1043.0,,,
2022-02-08,126.13,194.0,893.0,1043.0,,,
2022-02-09,126.13,194.0,893.0,1043.0,,,
2022-02-10,126.13,194.0,893.0,1043.0,,,
2022-02-11,126.13,194.0,893.0,1043.0,,,
2022-02-14,126.13,194.0,893.0,1043.0,,,
2022-02-15,126.13,194.0,893.0,1043.0,156.0,1033.0,7.0
2022-02-16,126.13,194.0,893.0,1043.0,,,
2022-02-17,126.13,194.0,893.0,1043.0,,,
2022-02-18,126.13,194.0,893.0,1043.0,,,
2022-02-21,126.13,186.0,893.0,1043.0,,,
2022-02-22,126.13,185.0,893.0,1043.0,,,
2022-02-23,126.13,189.0,893.0,1043.0,,,
2022-02-24,126.13,193.0,893.0,1043.0,,,
2022-02-25,126.13,197.0,893.0,1043.0,,,
2022-02-28,99.03,202.0,694.0,888.0,,,
2022-03-01,99.03,201.0,694.0,888.0,160.0,1033.0,8.7
2022-03-02,99.03,206.0,694.0,888.0,,,
2022-03-03,99.03,207.0,694.0,888.0,,,
2022-03-04,99.03,107.0,694.0,888.0,,,
2022-03-07,99.03,207.0,694.0,888.0,,,
2022-03-08,99.03,206.0,694.0,888.0,,,
2022-03-09,99.03,211.0,694.0,888.0,,,
2022-03-10,99.03,197.0,694.0,888.0,,,
2022-03-11,99.03,195.0,694.0,888.0,,,
2022-03-14,99.03,193.0,694.0,888.0,,,
2022-03-15,99.03,192.0,694.0,888.0,157.0,1033.0,9.2
2022-03-16,99.03,189.0,694.0,888.0,,,
2022-03-17,99.03,192.0,694.0,888.0,,,
2022-03-18,99.03,197.0,694.0,888.0,,,
2022-03-21,99.03,197.0,694.0,888.0,,,
2022-03-22,99.03,198.0,694.0,888.0,,,
2022-03-23,99.03,197.0,694.0,888.0,,,
2022-03-24,99.03,200.0,694.0,888.0,,,
2022-03-25,99.03,199.0,694.0,888.0,,,
2022-03-28,99.03,199.0,694.0,888.0,,,
2022-03-29,99.03,199.0,694.0,888.0,156.0,158.0,9.1
2022-03-30,99.03,193.0,694.0,888.0,,,
2022-03-31,115.86,189.0,770.0,962.0,,,
2022-04-01,115.86,184.0,770.0,962.0,,,
2022-04-06,115.86,179.0,770.0,962.0,,,
2022-04-07,115.86,173.0,770.0,962.0,,,
2022-04-08,115.86,172.0,770.0,962.0,,,
2022-04-11,115.86,172.0,770.0,962.0,,,
2022-04-12,115.86,173.0,770.0,962.0,155.0,158.0,9.1
2022-04-13,115.86,174.0,770.0,962.0,,,
2022-04-14,115.86,175.0,770.0,962.0,,,
2022-04-18,115.86,181.0,770.0,962.0,,,
2022-04-19,115.86,181.0,770.0,962.0,,,
2022-04-20,115.86,181.0,770.0,962.0,,,
2022-04-21,115.86,180.0,770.0,962.0,,,
2022-04-25,115.86,175.0,770.0,962.0,,,
2022-04-26,115.86,174.0,770.0,962.0,149.0,243.0,8.7
2022-04-27,115.86,171.0,770.0,962.0,,,
2022-04-28,115.86,170.0,770.0,962.0,,,
2022-04-29,137.61,169.0,886.0,1079.0,,,
2022-05-03,137.61,169.0,886.0,1079.0,,,
2022-05-04,137.61,169.0,886.0,1079.0,,,
2022-05-05,137.61,169.0,886.0,1079.0,,,
2022-05-06,137.61,168.0,886.0,1079.0,,,
2022-05-09,137.61,167.0,886.0,1079.0,,,
2022-05-10,137.61,164.0,886.0,1079.0,145.0,243.0,8.1
2022-05-11,137.61,164.0,886.0,1079.0,,,
2022-05-12,137.61,164.0,886.0,1079.0,,,
2022-05-13,137.61,164.0,886.0,1079.0,,,
2022-05-16,137.61,167.0,886.0,1079.0,,,
2022-05-17,137.61,166.0,886.0,1079.0,,,
2022-05-18,137.61,169.0,886.0,1079.0,,,
2022-05-19,137.61,173.0,886.0,1079.0,,,
2022-05-20,137.61,177.0,886.0,1079.0,,,
2022-05-23,137.61,179.0,886.0,1079.0,,,
2022-05-24,137.61,180.0,886.0,1079.0,137.0,336.0,7.9
2022-05-25,137.61,179.0,886.0,1079.0,,,
2022-05-26,137.61,178.0,886.0,1079.0,,,
2022-05-27,137.61,175.0,886.0,1079.0,,,
2022-05-30,137.61,175.0,886.0,1079.0,,,
2022-05-31,142.8,173.0,946.0,1139.0,,,
2022-06-01,142.8,173.0,946.0,1139.0,,,
2022-06-02,142.8,168.0,946.0,1139.0,,,
2022-06-06,142.8,164.0,946.0,1139.0,,,
2022-06-07,142.8,162.0,946.0,1139.0,132.0,336.0,7.7
2022-06-08,142.8,158.0,946.0,1139.0,,,
2022-06-09,142.8,158.0,946.0,1139.0,,,
2022-06-10,142.8,158.0,946.0,1139.0,,,
2022-06-13,142.8,158.0,946.0,1139.0,,,
2022-06-14,142.8,154.0,946.0,1139.0,,,
2022-06-15,142.8,147.0,946.0,1139.0,,,
2022-06-16,142.8,143.0,946.0,1139.0,,,
2022-06-17,142.8,142.0,946.0,1139.0,,,
2022-06-20,142.8,139.0,946.0,1139.0,,,
2022-06-21,142.8,139.0,946.0,1139.0,126.0,435.0,7.9
2022-06-22,142.8,139.0,946.0,1139.0,,,
2022-06-23,142.8,140.0,946.0,1139.0,,,
2022-06-24,142.8,142.0,946.0,1139.0,,,
2022-06-27,142.8,142.0,946.0,1139.0,,,
2022-06-28,142.8,142.0,946.0,1139.0,,,
2022-06-29,142.8,151.0,946.0,1139.0,,,
2022-06-30,141.23,163.0,1020.0,1219.0,,,
2022-07-01,141.23,163.0,1020.0,1219.0,,,
2022-07-04,141.23,168.0,1020.0,1219.0,,,
2022-07-05,141.23,170.0,1020.0,1219.0,126.0,435.0,7.7
2022-07-06,141.23,172.0,1020.0,1219.0,,,
2022-07-07,141.23,172.0,1020.0,1219.0,,,
2022-07-08,141.23,172.0,1020.0,1219.0,,,
2022-07-11,141.23,156.0,1020.0,1219.0,,,
2022-07-12,141.23,144.0,1020.0,1219.0,,,
2022-07-13,141.23,144.0,1020.0,1219.0,,,
2022-07-14,141.23,145.0,1020.0,1219.0,,,
2022-07-15,141.23,138.0,1020.0,1219.0,,,
2022-07-18,141.23,135.0,1020.0,1219.0,,,
2022-07-19,141.23,131.0,1020.0,1219.0,131.0,527.0,7.0
2022-07-20,141.23,130.0,1020.0,1219.0,,,
2022-07-21,141.23,130.0,1020.0,1219.0,,,
2022-07-22,141.23,127.0,1020.0,1219.0,,,
2022-07-25,141.23,124.0,1020.0,1219.0,,,
2022-07-26,141.23,128.0,1020.0,1219.0,,,
2022-07-27,141.23,133.0,1020.0,1219.0,,,
2022-07-28,141.23,132.0,1020.0,1219.0,,,
2022-07-29,155.13,130.0,1030.0,1206.0,,,
2022-08-01,155.13,130.0,1030.0,1206.0,,,
2022-08-02,155.13,119.0,1030.0,1206.0,136.0,527.0,6.2
2022-08-03,155.13,106.0,1030.0,1206.0,,,
2022-08-04,155.13,94.0,1030.0,1206.0,,,
2022-08-05,155.13,81.0,1030.0,1206.0,,,
2022-08-08,155.13,70.0,1030.0,1206.0,,,
2022-08-09,155.13,71.0,1030.0,1206.0,,,
2022-08-10,155.13,71.0,1030.0,1206.0,,,
2022-08-11,155.13,73.0,1030.0,1206.0,,,
2022-08-15,155.13,75.0,1030.0,1206.0,,,
2022-08-16,155.13,74.0,1030.0,1206.0,139.0,609.0,5.6
2022-08-17,155.13,77.0,1030.0,1206.0,,,
2022-08-18,155.13,79.0,1030.0,1206.0,,,
2022-08-19,155.13,79.0,1030.0,1206.0,,,
2022-08-22,155.13,80.0,1030.0,1206.0,,,
2022-08-23,155.13,96.0,1030.0,1206.0,,,
2022-08-24,155.13,110.0,1030.0,1206.0,,,
2022-08-25,155.13,126.0,1030.0,1206.0,,,
2022-08-26,155.13,125.0,1030.0,1206.0,,,
2022-08-29,155.13,140.0,1030.0,1206.0,,,
2022-08-30,155.13,139.0,1030.0,1206.0,140.0,609.0,5.2
2022-08-31,141.17,138.0,981.0,1152.0,,,
2022-09-01,141.17,138.0,981.0,1152.0,,,
2022-09-02,141.17,135.0,981.0,1152.0,,,
2022-09-05,141.17,135.0,981.0,1152.0,,,
2022-09-06,141.17,128.0,981.0,1152.0,,,
2022-09-07,141.17,126.0,981.0,1152.0,,,
2022-09-08,141.17,121.0,981.0,1152.0,,,
2022-09-09,141.17,120.0,981.0,1152.0,,,
2022-09-13,141.17,116.0,981.0,1152.0,142.0,609.0,4.9
2022-09-14,141.17,116.0,981.0,1152.0,,,
2022-09-15,141.17,111.0,981.0,1152.0,,,
2022-09-16,141.17,100.0,981.0,1152.0,,,
2022-09-19,141.17,90.0,981.0,1152.0,,,
2022-09-20,141.17,98.0,981.0,1152.0,,,
2022-09-22,141.17,100.0,981.0,1152.0,,,
2022-09-23,141.17,101.0,981.0,1152.0,,,
2022-09-26,141.17,99.0,981.0,1152.0,,,
2022-09-27,141.17,127.0,981.0,1152.0,138.0,693.0,4.8
2022-09-28,141.17,124.0,981.0,1152.0,,,
2022-09-29,141.17,129.0,981.0,1152.0,,,
2022-09-30,131.96,124.0,934.0,1086.0,,,
2022-10-03,131.96,124.0,934.0,1086.0,,,
2022-10-04,131.96,124.0,934.0,1086.0,,,
2022-10-10,131.96,125.0,934.0,1086.0,,,
2022-10-11,131.96,125.0,934.0,1086.0,132.0,693.0,4.9
2022-10-12,131.96,137.0,934.0,1086.0,,,
2022-10-13,131.96,140.0,934.0,1086.0,,,
2022-10-17,131.96,170.0,934.0,1086.0,,,
2022-10-25,131.96,213.0,934.0,1086.0,131.0,693.0,4.6
2022-10-26,131.96,204.0,934.0,1086.0,,,
2022-10-27,131.96,207.0,934.0,1086.0,,,
2022-10-28,131.96,205.0,934.0,1086.0,,,
2022-10-31,131.96,214.0,934.0,1086.0,,,
2022-11-02,110.07,211.0,770.0,915.0,,,
2022-11-03,110.07,211.0,770.0,915.0,,,
2022-11-04,110.07,206.0,770.0,915.0,,,
2022-11-07,110.07,197.0,770.0,915.0,,,
2022-11-08,110.07,183.0,770.0,915.0,134.0,781.0,4.1
2022-11-09,110.07,167.0,770.0,915.0,,,
2022-11-10,110.07,164.0,770.0,915.0,,,
2022-11-11,110.07,157.0,770.0,915.0,,,
2022-11-14,110.07,141.0,770.0,915.0,,,
2022-11-15,110.07,124.0,770.0,915.0,,,
2022-11-16,110.07,120.0,770.0,915.0,,,
2022-11-18,110.07,101.0,770.0,915.0,,,
2022-11-21,110.07,104.0,770.0,915.0,,,
2022-11-22,110.07,113.0,770.0,915.0,135.0,861.0,3.7
2022-11-23,110.07,125.0,770.0,915.0,,,
2022-11-24,110.07,132.0,770.0,915.0,,,
2022-11-25,110.07,133.0,770.0,915.0,,,
2022-11-28,110.07,138.0,770.0,915.0,,,
2022-11-29,110.07,128.0,770.0,915.0,,,
2022-11-30,110.64,118.0,781.0,878.0,,,
2022-12-01,110.64,111.0,781.0,878.0,,,
2022-12-02,110.64,112.0,781.0,878.0,,,
2022-12-05,110.64,112.0,781.0,878.0,,,
2022-12-06,110.64,112.0,781.0,878.0,138.0,861.0,3.6
2022-12-07,110.64,111.0,781.0,878.0,,,
2022-12-08,110.64,112.0,781.0,878.0,,,
2022-12-09,110.64,112.0,781.0,878.0,,,
2022-12-12,110.64,111.0,781.0,878.0,,,
2022-12-13,110.64,112.0,781.0,878.0,,,
2022-12-14,110.64,111.0,781.0,878.0,,,
2022-12-15,110.64,112.0,781.0,878.0,,,
2022-12-16,110.64,112.0,781.0,878.0,,,
2022-12-19,110.64,123.0,781.0,878.0,,,
2022-12-20,110.64,112.0,781.0,878.0,136.0,935.0,3.6
2022-12-21,110.64,112.0,781.0,878.0,,,
2022-12-22,110.64,112.0,781.0,878.0,,,
2022-12-23,110.64,111.0,781.0,878.0,,,
2022-12-26,110.64,112.0,781.0,878.0,,,
2022-12-27,110.64,112.0,781.0,878.0,,,
2022-12-28,110.64,112.0,781.0,878.0,,,
2022-12-29,110.64,112.0,781.0,878.0,,,
2022-12-30,101.12,112.0,759.0,875.0,,,
2023-01-03,101.12,112.0,759.0,875.0,134.0,935.0,3.7
2023-01-04,101.12,112.0,759.0,875.0,,,
2023-01-05,101.12,112.0,759.0,875.0,,,
2023-01-06,101.12,112.0,759.0,875.0,,,
2023-01-09,101.12,112.0,759.0,875.0,,,
2023-01-10,101.12,112.0,759.0,875.0,,,
2023-01-11,101.12,112.0,759.0,875.0,,,
2023-01-12,101.12,112.0,759.0,875.0,,,
2023-01-13,101.12,112.0,759.0,875.0,,,
2023-01-16,101.12,111.0,759.0,875.0,,,
2023-01-17,101.12,111.0,759.0,875.0,135.0,935.0,4.5
2023-01-18,101.12,112.0,759.0,875.0,,,
2023-01-19,101.12,112.0,759.0,875.0,,,
2023-01-20,101.12,112.0,759.0,875.0,,,
2023-01-23,101.12,112.0,759.0,875.0,,,
2023-01-24,101.12,112.0,759.0,875.0,,,
2023-01-25,101.12,112.0,759.0,875.0,,,
2023-01-26,101.12,112.0,759.0,875.0,,,
2023-01-27,101.12,112.0,759.0,875.0,,,
2023-01-30,101.12,112.0,759.0,875.0,,,
2023-01-31,95.8,111.0,736.0,918.0,134.0,1013.0,5.2
2023-02-01,95.8,112.0,736.0,918.0,,,
2023-02-02,95.8,111.0,736.0,918.0,,,
2023-02-03,95.8,112.0,736.0,918.0,,,
2023-02-06,95.8,112.0,736.0,918.0,,,
2023-02-07,95.8,112.0,736.0,918.0,,,
2023-02-08,95.8,112.0,736.0,918.0,,,
2023-02-09,95.8,112.0,736.0,918.0,,,
2023-02-10,95.8,112.0,736.0,918.0,,,
2023-02-13,95.8,112.0,736.0,918.0,,,
2023-02-14,95.8,111.0,736.0,918.0,138.0,1013.0,7.8
2023-02-15,95.8,112.0,736.0,918.0,,,
2023-02-16,95.8,112.0,736.0,918.0,,,
2023-02-17,95.8,65.0,736.0,918.0,,,
2023-02-20,95.8,111.0,736.0,918.0,,,
2023-02-21,95.8,112.0,736.0,918.0,,,
2023-02-23,95.8,112.0,736.0,918.0,,,
2023-02-24,95.8,112.0,736.0,918.0,,,
2023-02-28,95.8,111.0,736.0,918.0,143.0,1013.0,8.4
2023-03-01,93.05,112.0,714.0,865.0,,,
2023-03-02,93.05,111.0,714.0,865.0,,,
2023-03-03,93.05,111.0,714.0,865.0,,,
2023-03-06,93.05,112.0,714.0,865.0,,,
2023-03-07,93.05,112.0,714.0,865.0,,,
2023-03-08,93.05,112.0,714.0,865.0,,,
2023-03-09,93.05,111.0,714.0,865.0,,,
2023-03-10,93.05,111.0,714.0,865.0,,,
2023-03-13,93.05,112.0,714.0,865.0,,,
2023-03-14,93.05,113.0,714.0,865.0,139.0,1013.0,8.2
2023-03-15,93.05,112.0,714.0,865.0,,,
2023-03-16,93.05,112.0,714.0,865.0,,,
2023-03-17,93.05,112.0,714.0,865.0,,,
2023-03-20,93.05,112.0,714.0,865.0,,,
2023-03-21,93.05,112.0,714.0,865.0,,,
2023-03-22,93.05,112.0,714.0,865.0,,,
2023-03-23,93.05,112.0,714.0,865.0,,,
2023-03-24,93.05,112.0,714.0,865.0,,,
2023-03-27,93.05,112.0,714.0,865.0,,,
2023-03-28,93.05,112.0,714.0,865.0,137.0,169.0,7.8
2023-03-29,93.05,111.0,714.0,865.0,,,
2023-03-30,93.05,112.0,714.0,865.0,,,
2023-03-31,108.92,112.0,822.0,935.0,,,
2023-04-03,108.92,114.0,822.0,935.0,,,
2023-04-04,108.92,112.0,822.0,935.0,,,
2023-04-06,108.92,112.0,822.0,935.0,,,
2023-04-10,108.92,112.0,822.0,935.0,,,
2023-04-11,,,898.0,,137.0,169.0,7.7
2023-04-13,108.92,112.0,822.0,935.0,,,
2023-04-14,108.92,112.0,822.0,935.0,,,
2023-04-17,108.92,111.0,822.0,935.0,,,
2023-04-18,108.92,112.0,822.0,935.0,,,
2023-04-19,108.92,112.0,822.0,935.0,,,
2023-04-20,108.92,112.0,822.0,935.0,,,
2023-04-21,108.92,112.0,822.0,935.0,,,
2023-04-25,108.92,112.0,822.0,935.0,132.0,262.0,7.3
2023-04-26,108.92,112.0,822.0,935.0,,,
2023-04-27,108.92,111.0,822.0,935.0,,,
2023-04-28,108.92,111.0,822.0,935.0,,,
2023-05-02,108.92,111.0,822.0,935.0,,,
2023-05-03,108.92,111.0,822.0,935.0,,,
2023-05-04,108.92,112.0,822.0,935.0,,,
2023-05-05,108.92,112.0,822.0,935.0,,,
2023-05-08,108.92,112.0,822.0,935.0,129.0,262.0,6.7
2023-05-09,108.92,112.0,822.0,935.0,,,
2023-05-10,108.92,112.0,822.0,935.0,,,
2023-05-11,108.92,112.0,822.0,935.0,,,
2023-05-12,108.92,112.0,822.0,935.0,,,
2023-05-15,108.92,112.0,822.0,935.0,,,
2023-05-16,108.92,112.0,822.0,935.0,,,
2023-05-17,108.92,111.0,822.0,935.0,,,
2023-05-18,,,,,,,
2023-05-19,108.92,111.0,822.0,935.0,,,
2023-05-22,108.92,111.0,822.0,935.0,,,
2023-05-23,108.92,112.0,822.0,935.0,127.0,354.0,6.1
2023-05-24,108.92,112.0,822.0,935.0,,,
2023-05-25,108.92,112.0,822.0,935.0,,,
2023-05-26,108.92,112.0,822.0,935.0,,,
2023-05-29,108.92,112.0,822.0,935.0,,,
2023-05-30,108.92,112.0,822.0,935.0,,,
2023-05-31,127.73,112.0,892.0,1003.0,,,
2023-06-01,127.73,112.0,892.0,1003.0,,,
2023-06-02,127.73,111.0,892.0,1003.0,,,
2023-06-05,127.73,112.0,892.0,1003.0,,,
2023-06-06,127.73,112.0,892.0,1003.0,127.0,354.0,5.6
2023-06-07,127.73,112.0,892.0,1003.0,,,
2023-06-08,127.73,112.0,892.0,1003.0,,,
2023-06-09,127.73,112.0,892.0,1003.0,,,
2023-06-12,127.73,111.0,892.0,1003.0,,,
2023-06-13,127.73,112.0,892.0,1003.0,,,
2023-06-14,127.73,112.0,892.0,1003.0,,,
2023-06-15,127.73,112.0,892.0,1003.0,,,
2023-06-16,127.73,112.0,892.0,1003.0,,,
2023-06-19,127.73,112.0,892.0,1003.0,,,
2023-06-20,127.73,112.0,892.0,1003.0,126.0,445.0,5.4
2023-06-21,127.73,112.0,892.0,1003.0,,,
2023-06-26,127.73,112.0,892.0,1003.0,,,
2023-06-27,127.73,112.0,892.0,1003.0,,,
2023-06-28,127.73,112.0,892.0,1003.0,,,
2023-06-29,127.73,112.0,892.0,1003.0,,,
2023-06-30,134.77,112.0,924.0,1036.0,,,
2023-07-03,134.77,111.0,924.0,1036.0,,,
2023-07-04,134.77,112.0,924.0,1036.0,126.0,445.0,5.4
2023-07-05,134.77,112.0,924.0,1036.0,,,
2023-07-06,134.77,112.0,924.0,1036.0,,,
2023-07-07,134.77,112.0,924.0,1036.0,,,
2023-07-10,134.77,112.0,924.0,1036.0,,,
2023-07-11,134.77,111.0,924.0,1036.0,,,
2023-07-17,134.77,111.0,924.0,1036.0,,,
2023-07-18,134.77,111.0,924.0,1036.0,123.0,536.0,5.5
2023-07-19,134.77,112.0,924.0,1036.0,,,
2023-07-20,134.77,111.0,924.0,1036.0,,,
2023-07-21,134.77,111.0,924.0,1036.0,,,
2023-07-24,134.77,111.0,924.0,1036.0,,,
2023-07-25,134.77,112.0,924.0,1036.0,,,
2023-07-26,134.77,112.0,924.0,1036.0,,,
2023-07-27,134.77,112.0,924.0,1036.0,,,
2023-07-28,134.77,112.0,924.0,1036.0,,,
2023-07-31,144.76,111.0,879.0,991.0,,,
2023-08-01,144.76,112.0,879.0,991.0,122.0,536.0,5.5
2023-08-02,144.76,112.0,879.0,991.0,,,
2023-08-03,144.76,119.0,879.0,991.0,,,
2023-08-04,144.76,112.0,879.0,991.0,,,
2023-08-07,144.76,112.0,879.0,991.0,,,
2023-08-08,144.76,112.0,879.0,991.0,,,
2023-08-09,144.76,112.0,879.0,991.0,,,
2023-08-10,144.76,112.0,879.0,991.0,,,
2023-08-11,144.76,112.0,879.0,991.0,,,
2023-08-14,144.76,111.0,879.0,991.0,,,
2023-08-15,144.76,112.0,879.0,991.0,117.0,536.0,5.8
2023-08-16,144.76,112.0,879.0,991.0,,,
2023-08-17,144.76,112.0,879.0,991.0,,,
2023-08-18,144.76,112.0,879.0,991.0,,,
2023-08-21,144.76,112.0,879.0,991.0,,,
2023-08-22,144.76,112.0,879.0,991.0,,,
2023-08-23,144.76,112.0,879.0,991.0,,,
2023-08-24,144.76,111.0,879.0,991.0,,,
2023-08-25,144.76,112.0,879.0,991.0,,,
2023-08-28,144.76,112.0,879.0,991.0,,,
2023-08-29,144.76,112.0,879.0,991.0,119.0,627.0,5.6
2023-08-30,144.76,112.0,879.0,991.0,,,
2023-08-31,108.53,112.0,804.0,916.0,,,
2023-09-01,108.53,111.0,804.0,916.0,,,
2023-09-04,108.53,112.0,804.0,916.0,,,
2023-09-05,108.53,112.0,804.0,916.0,,,
2023-09-06,108.53,112.0,804.0,916.0,,,
2023-09-07,108.53,111.0,804.0,916.0,,,
2023-09-08,108.53,111.0,804.0,916.0,,,
2023-09-12,,,,,116.0,627.0,5.6
2023-09-13,108.53,112.0,804.0,916.0,,,
2023-09-14,108.53,112.0,804.0,916.0,,,
2023-09-15,108.53,112.0,804.0,916.0,,,
2023-09-18,108.53,111.0,804.0,916.0,,,
2023-09-19,108.53,112.0,804.0,916.0,,,
2023-09-20,108.53,112.0,804.0,916.0,,,
2023-09-21,108.53,111.0,804.0,916.0,,,
2023-09-22,108.53,112.0,804.0,916.0,,,
2023-09-25,108.53,112.0,804.0,916.0,,,
2023-09-26,108.53,112.0,804.0,916.0,111.0,713.0,5.2
2023-09-27,108.53,112.0,804.0,916.0,,,
2023-09-28,108.53,112.0,863.0,975.0,,,
2023-09-29,110.54,112.0,863.0,975.0,,,
2023-10-02,110.54,112.0,863.0,975.0,,,
2023-10-03,110.54,112.0,863.0,975.0,,,
2023-10-04,110.54,112.0,863.0,975.0,,,
2023-10-05,110.54,112.0,863.0,975.0,,,
2023-10-06,110.54,112.0,863.0,975.0,,,
2023-10-09,110.54,112.0,863.0,975.0,,,
2023-10-10,110.54,112.0,863.0,975.0,109.0,713.0,5.0
2023-10-11,110.54,112.0,863.0,975.0,,,
2023-10-12,110.54,112.0,863.0,975.0,,,
2023-10-13,110.54,112.0,863.0,975.0,,,
2023-10-16,110.54,112.0,863.0,975.0,,,
2023-10-17,110.54,112.0,863.0,975.0,,,
2023-10-18,110.54,112.0,863.0,975.0,,,
2023-10-19,110.54,112.0,863.0,975.0,,,
2023-10-20,110.54,112.0,863.0,975.0,,,
2023-10-23,110.54,112.0,863.0,975.0,,,
2023-10-24,,,,,105.0,795.0,4.7
2023-10-25,110.54,112.0,863.0,975.0,,,
2023-10-26,110.54,112.0,863.0,975.0,,,
2023-10-27,110.54,112.0,863.0,975.0,,,
2023-10-30,110.54,112.0,863.0,975.0,,,
2023-10-31,110.54,112.0,863.0,975.0,,,
2023-11-01,110.54,112.0,863.0,975.0,,,
2023-11-02,110.54,112.0,863.0,975.0,,,
2023-11-03,108.57,112.0,896.0,1008.0,,,
2023-11-06,108.57,112.0,896.0,1008.0,,,
2023-11-07,108.57,112.0,896.0,1008.0,107.0,795.0,4.1
2023-11-08,108.57,112.0,896.0,1008.0,,,
2023-11-09,108.57,112.0,896.0,1008.0,,,
2023-11-10,108.57,112.0,896.0,1008.0,,,
2023-11-13,108.57,112.0,896.0,1008.0,,,
2023-11-14,108.57,112.0,896.0,1008.0,,,
2023-11-15,108.57,112.0,896.0,1008.0,,,
2023-11-16,108.57,111.0,896.0,1008.0,,,
2023-11-20,108.57,112.0,896.0,1008.0,,,
2023-11-21,108.57,112.0,896.0,1008.0,108.0,875.0,3.7
2023-11-22,108.57,112.0,896.0,1008.0,,,
2023-11-23,108.57,112.0,896.0,1008.0,,,
2023-11-24,108.57,112.0,896.0,1008.0,,,
2023-11-27,108.57,112.0,896.0,1008.0,,,
2023-11-28,108.57,112.0,896.0,1008.0,,,
2023-11-29,108.57,112.0,896.0,1008.0,,,
2023-11-30,109.02,112.0,873.0,985.0,,,
2023-12-01,109.02,112.0,873.0,985.0,,,
2023-12-04,109.02,112.0,873.0,985.0,,,
2023-12-05,109.02,112.0,873.0,985.0,111.0,875.0,3.6
2023-12-06,109.02,112.0,873.0,985.0,,,
2023-12-07,109.02,112.0,873.0,985.0,,,
2023-12-08,109.02,65.0,873.0,985.0,,,
2023-12-11,109.02,112.0,873.0,985.0,,,
2023-12-12,109.02,112.0,873.0,985.0,,,
2023-12-13,109.02,65.0,873.0,985.0,,,
2023-12-14,109.02,112.0,873.0,985.0,,,
2023-12-15,109.02,112.0,873.0,985.0,,,
2023-12-18,109.02,112.0,873.0,985.0,,,
2023-12-19,109.02,112.0,873.0,985.0,114.0,952.0,3.5
2023-12-20,109.02,112.0,873.0,985.0,,,
2023-12-21,109.02,112.0,873.0,985.0,,,
2023-12-22,109.02,112.0,873.0,985.0,,,
2023-12-27,109.02,112.0,873.0,985.0,,,
2023-12-28,109.02,112.0,873.0,985.0,,,
2024-01-03,104.25,112.0,945.0,1057.0,,,
2024-01-05,104.25,112.0,945.0,1057.0,,,
2024-01-08,104.25,112.0,945.0,1057.0,,,
2024-01-09,104.25,112.0,945.0,1057.0,116.0,952.0,3.9
2024-01-12,104.25,112.0,945.0,1057.0,,,
2024-01-15,104.25,112.0,945.0,1057.0,,,
2024-01-16,104.25,112.0,945.0,1057.0,,,
2024-01-17,104.25,109.0,945.0,1057.0,,,
2024-01-18,104.25,114.0,945.0,1057.0,,,
2024-01-19,104.25,112.0,945.0,1057.0,,,
2024-01-22,104.25,112.0,945.0,1057.0,,,
2024-01-23,104.25,112.0,945.0,1057.0,122.0,1019.0,4.2
2024-01-26,104.25,112.0,945.0,1057.0,,,
2024-01-29,104.25,112.0,945.0,1057.0,,,
2024-01-30,104.25,112.0,945.0,1057.0,,,
2024-01-31,104.25,112.0,945.0,1057.0,,,
2024-02-01,106.44,112.0,947.0,1059.0,,,
2024-02-02,106.44,112.0,947.0,1059.0,,,
2024-02-05,106.44,112.0,947.0,1059.0,,,
2024-02-06,106.44,112.0,947.0,1059.0,125.0,1019.0,5.0
2024-02-15,106.44,112.0,947.0,1059.0,,,
2024-02-16,106.44,112.0,947.0,1059.0,,,
2024-02-19,106.44,112.0,947.0,1059.0,,,
2024-02-20,106.44,157.0,947.0,1059.0,126.0,1019.0,5.6
2024-02-21,106.44,112.0,947.0,1059.0,,,
2024-02-22,106.44,112.0,947.0,1059.0,,,
2024-02-23,106.44,112.0,947.0,1059.0,,,
2024-02-26,106.44,112.0,947.0,1059.0,,,
2024-02-27,106.44,112.0,947.0,1059.0,,,
2024-02-28,106.44,112.0,947.0,1059.0,,,
2024-02-29,124.61,112.0,988.0,1100.0,,,
2024-03-01,124.61,112.0,988.0,1100.0,,,
2024-03-04,124.61,112.0,988.0,1100.0,,,
2024-03-05,124.61,112.0,988.0,1100.0,135.0,1019.0,8.1
2024-03-06,124.61,112.0,988.0,1100.0,,,
2024-03-07,124.61,112.0,988.0,1100.0,,,
2024-03-08,124.61,112.0,988.0,1100.0,,,
2024-03-11,124.61,112.0,988.0,1100.0,,,
2024-03-12,124.61,111.0,988.0,1100.0,,,
2024-03-13,124.61,111.0,988.0,1100.0,,,
2024-03-14,124.61,112.0,988.0,1100.0,,,
2024-03-18,124.61,112.0,988.0,1100.0,,,
2024-03-19,124.61,112.0,988.0,1100.0,141.0,1019.0,8.3
2024-03-20,124.61,112.0,988.0,1100.0,,,
2024-03-21,124.61,112.0,988.0,1100.0,,,
2024-03-22,124.61,112.0,988.0,1100.0,,,
2024-03-25,124.61,112.0,988.0,1100.0,,,
2024-03-26,124.61,112.0,988.0,1100.0,,,
2024-03-27,124.61,112.0,988.0,1100.0,,,
2024-03-28,124.61,112.0,988.0,1100.0,,,
2024-03-29,124.61,112.0,988.0,1100.0,,,
2024-04-01,135.51,112.0,1017.0,1124.0,,,
2024-04-02,,,810.0,922.0,142.0,168.0,7.9
2024-04-03,135.51,112.0,1017.0,1124.0,,,
2024-04-08,135.51,112.0,1017.0,1124.0,,,
2024-04-09,135.51,112.0,1017.0,1124.0,,,
2024-04-10,135.51,112.0,1017.0,1124.0,,,
2024-04-11,135.51,112.0,1017.0,1124.0,,,
2024-04-12,135.51,112.0,1017.0,1124.0,,,
2024-04-16,135.51,112.0,1017.0,1124.0,144.0,168.0,7.4
2024-04-17,135.51,112.0,1017.0,1124.0,,,
2024-04-18,135.51,112.0,1017.0,1124.0,,,
2024-04-19,135.51,113.0,1017.0,1124.0,,,
2024-04-22,135.51,112.0,1017.0,1124.0,,,
2024-04-23,135.51,112.0,1017.0,1124.0,,,
2024-04-24,135.51,112.0,1017.0,1124.0,,,
2024-04-26,135.51,112.0,1017.0,1124.0,,,
2024-04-29,135.51,112.0,1017.0,1124.0,,,
2024-04-30,,,,,145.0,257.0,6.8
2024-05-06,139.58,111.0,1041.0,1152.0,,,
2024-05-07,139.58,112.0,992.0,1108.0,,,
2024-05-08,139.58,112.0,992.0,1108.0,,,
2024-05-10,139.58,112.0,992.0,1108.0,,,
2024-05-13,139.58,112.0,992.0,1108.0,,,
2024-05-14,139.58,112.0,992.0,1108.0,145.0,257.0,6.3
2024-05-15,139.58,112.0,992.0,1108.0,,,
2024-05-16,139.58,112.0,992.0,1108.0,,,
2024-05-17,139.58,112.0,992.0,1108.0,,,
2024-05-20,139.58,112.0,992.0,1108.0,,,
2024-05-21,139.58,112.0,992.0,1108.0,,,
2024-05-22,139.58,112.0,992.0,1108.0,,,
2024-05-23,139.58,113.0,992.0,1108.0,,,
2024-05-24,139.58,112.0,992.0,1108.0,,,
2024-05-27,139.58,112.0,992.0,1108.0,,,
2024-05-28,139.58,112.0,992.0,1108.0,145.0,344.0,6.1
2024-05-29,139.58,112.0,992.0,1108.0,,,
2024-05-30,139.58,112.0,992.0,1108.0,,,
2024-06-03,134.03,112.0,992.0,1108.0,,,
2024-06-04,134.03,112.0,992.0,1108.0,,,
2024-06-05,134.03,112.0,992.0,1108.0,,,
2024-06-06,134.03,112.0,992.0,1108.0,,,
2024-06-07,134.03,112.0,992.0,1108.0,,,
2024-06-11,,,,,147.0,344.0,5.7
2024-06-13,134.03,112.0,992.0,1108.0,,,
2024-06-14,134.03,112.0,992.0,1108.0,,,
2024-06-17,134.03,112.0,992.0,1108.0,,,
2024-06-19,134.03,112.0,992.0,1108.0,,,
2024-06-20,134.03,112.0,992.0,1108.0,,,
2024-06-25,134.03,112.0,992.0,1108.0,147.0,439.0,5.8
2024-06-27,134.03,112.0,992.0,1108.0,,,
2024-07-01,116.5,112.0,860.0,972.0,,,
2024-07-08,116.5,112.0,860.0,972.0,,,
2024-07-09,116.5,112.0,860.0,972.0,149.0,439.0,5.9
2024-07-10,116.5,112.0,860.0,972.0,,,
2024-07-11,116.5,112.0,860.0,972.0,,,
2024-07-12,116.5,111.0,860.0,972.0,,,
2024-07-15,116.5,112.0,860.0,972.0,,,
2024-07-16,116.5,112.0,860.0,972.0,,,
2024-07-17,116.5,111.0,860.0,972.0,,,
2024-07-18,116.5,112.0,860.0,972.0,,,
2024-07-19,116.5,112.0,860.0,972.0,,,
2024-07-22,116.5,112.0,860.0,972.0,,,
2024-07-23,116.5,112.0,860.0,972.0,150.0,531.0,5.9
2024-07-24,116.5,112.0,860.0,972.0,,,
2024-07-25,116.5,112.0,860.0,972.0,,,
2024-07-26,116.5,112.0,860.0,972.0,,,
2024-07-29,116.5,112.0,860.0,972.0,,,
2024-07-30,116.5,111.0,860.0,972.0,,,
2024-07-31,112.78,112.0,857.0,969.0,,,
2024-08-01,112.78,112.0,857.0,969.0,,,
2024-08-05,112.78,112.0,857.0,969.0,,,
2024-08-06,112.78,112.0,857.0,969.0,152.0,531.0,5.8
2024-08-07,112.78,112.0,857.0,969.0,,,
2024-08-08,112.78,112.0,857.0,969.0,,,
2024-08-09,112.78,112.0,857.0,969.0,,,
2024-08-12,112.78,112.0,857.0,969.0,,,
2024-08-13,112.78,112.0,857.0,969.0,,,
2024-08-14,112.78,112.0,857.0,969.0,,,
2024-08-15,112.78,112.0,857.0,969.0,,,
2024-08-16,112.78,112.0,857.0,969.0,,,
2024-08-19,112.78,112.0,857.0,969.0,,,
2024-08-20,112.78,112.0,857.0,969.0,150.0,614.0,5.5
2024-08-21,112.78,112.0,857.0,969.0,,,
2024-08-22,112.78,112.0,857.0,969.0,,,
2024-08-23,112.78,112.0,857.0,969.0,,,
2024-08-26,112.78,112.0,857.0,969.0,,,
2024-08-27,112.78,112.0,857.0,969.0,,,
2024-08-28,112.78,112.0,857.0,969.0,,,
2024-08-29,112.78,112.0,857.0,969.0,,,
2024-08-30,120.1,111.0,894.0,1006.0,,,
2024-09-02,120.1,111.0,894.0,1006.0,,,
2024-09-03,120.1,112.0,894.0,1006.0,151.0,614.0,4.8
2024-09-04,120.1,111.0,894.0,1006.0,,,
2024-09-05,120.1,112.0,894.0,1006.0,,,
2024-09-09,120.1,112.0,894.0,1006.0,,,
2024-09-10,120.1,112.0,894.0,1006.0,,,
2024-09-11,120.1,112.0,894.0,1006.0,,,
2024-09-12,120.1,112.0,894.0,1006.0,,,
2024-09-17,,,,,149.0,691.0,3.8
2024-09-18,120.1,112.0,894.0,1006.0,,,
2024-09-19,120.1,112.0,894.0,1006.0,,,
2024-09-20,120.1,112.0,894.0,1006.0,,,
2024-09-23,120.1,111.0,894.0,1006.0,,,
2024-09-24,120.1,112.0,894.0,1006.0,,,
2024-09-25,120.1,111.0,894.0,1006.0,,,
2024-09-30,,,,,,,
2024-10-01,,,,,146.0,691.0,3.2
2024-10-15,,,,,146.0,691.0,3.2
2024-10-29,,,,,148.0,768.0,3.0
2024-11-12,,,,,150.0,768.0,2.9
2024-11-26,169.25,112.0,829.0,940.0,151.0,851.0,3.0
2024-11-27,169.25,112.0,829.0,940.0,,,
2024-11-28,169.25,112.0,829.0,940.0,,,
2024-11-29,99.33,111.0,765.0,876.0,,,
2024-12-02,99.33,112.0,765.0,876.0,,,
2024-12-03,99.33,112.0,765.0,876.0,,,
2024-12-04,99.33,112.0,765.0,876.0,,,
2024-12-05,99.33,112.0,765.0,876.0,,,
2024-12-06,99.33,112.0,765.0,876.0,,,
2024-12-09,99.33,112.0,765.0,876.0,,,
2024-12-10,99.33,112.0,765.0,876.0,146.0,851.0,3.1
2024-12-11,99.33,112.0,765.0,876.0,,,
2024-12-12,99.33,112.0,765.0,876.0,,,
2024-12-13,99.33,112.0,765.0,876.0,,,
2024-12-16,99.33,112.0,765.0,876.0,,,
2024-12-17,99.33,111.0,765.0,876.0,,,
2024-12-18,99.33,111.0,765.0,876.0,,,
2024-12-19,99.33,112.0,765.0,876.0,,,
2024-12-20,99.33,112.0,765.0,876.0,,,
2024-12-23,99.33,112.0,765.0,876.0,,,
2024-12-24,99.33,111.0,765.0,876.0,,,
2024-12-27,99.33,112.0,765.0,876.0,,,
2024-12-30,99.33,112.0,765.0,876.0,,,
2024-12-31,99.33,112.0,765.0,876.0,,,
2025-01-02,99.33,112.0,765.0,876.0,,,
2025-01-03,94.36,112.0,718.0,829.0,,,
2025-01-07,94.36,112.0,718.0,829.0,145.0,929.0,2.9
2025-01-08,94.36,112.0,718.0,829.0,,,
2025-01-09,94.36,112.0,718.0,829.0,,,
2025-01-10,94.36,112.0,718.0,829.0,,,
2025-01-13,99.33,112.0,765.0,876.0,,,
2025-01-15,94.36,112.0,718.0,829.0,,,
2025-01-16,94.36,112.0,718.0,829.0,,,
2025-01-17,94.36,112.0,718.0,829.0,,,
2025-01-20,94.36,112.0,718.0,829.0,,,
2025-01-21,,,,,146.0,1005.0,3.1
2025-01-22,94.36,112.0,718.0,829.0,,,
2025-01-23,94.36,113.0,718.0,829.0,,,
2025-01-24,94.36,112.0,718.0,829.0,,,
2025-02-04,,,,,146.0,1005.0,3.4
2025-02-05,104.02,111.0,781.0,894.0,,,
2025-02-06,104.02,112.0,781.0,894.0,,,
2025-02-07,104.02,112.0,781.0,894.0,,,
2025-02-10,104.02,112.0,781.0,894.0,,,
2025-02-11,104.02,112.0,781.0,894.0,,,
2025-02-12,104.02,112.0,781.0,894.0,,,
2025-02-13,104.02,112.0,781.0,894.0,,,
2025-02-14,104.02,112.0,781.0,894.0,,,
2025-02-17,104.02,112.0,781.0,894.0,,,
2025-02-18,104.02,111.0,781.0,894.0,148.0,1005.0,5.5
2025-02-19,104.02,112.0,781.0,894.0,,,
2025-02-20,104.02,112.0,781.0,894.0,,,
2025-02-21,104.02,112.0,781.0,894.0,,,
2025-02-24,104.02,112.0,781.0,894.0,,,
2025-02-25,104.02,112.0,781.0,894.0,,,
2025-02-26,104.02,112.0,781.0,894.0,,,
2025-02-27,104.02,112.0,781.0,894.0,,,
2025-02-28,103.09,112.0,779.0,891.0,,,
2025-03-03,103.09,112.0,779.0,891.0,,,
2025-03-04,103.09,112.0,779.0,891.0,145.0,1005.0,6.2
2025-03-05,103.09,111.0,779.0,891.0,,,
2025-03-06,103.09,111.0,779.0,891.0,,,
2025-03-07,103.09,112.0,779.0,891.0,,,
2025-03-10,103.09,112.0,779.0,891.0,,,
2025-03-11,103.09,112.0,779.0,891.0,,,
2025-03-12,103.09,111.0,779.0,891.0,,,
2025-03-13,103.09,111.0,779.0,891.0,,,
2025-03-14,103.09,112.0,779.0,891.0,,,
2025-03-17,103.09,111.0,779.0,891.0,,,
2025-03-18,103.09,111.0,779.0,891.0,139.0,166.0,6.3
2025-03-19,103.09,111.0,779.0,891.0,,,
2025-03-20,103.09,111.0,779.0,891.0,,,
2025-03-21,103.09,112.0,779.0,891.0,,,
2025-03-24,103.09,112.0,779.0,891.0,,,
2025-03-25,103.09,112.0,779.0,891.0,,,
2025-03-26,103.09,112.0,779.0,891.0,,,
2025-03-27,103.09,112.0,779.0,891.0,,,
2025-03-28,103.09,112.0,779.0,891.0,,,
2025-03-31,104.94,112.0,791.0,903.0,,,
2025-04-01,104.94,112.0,791.0,903.0,138.0,166.0,6.1
2025-04-02,104.94,112.0,791.0,903.0,,,
2025-04-03,104.94,112.0,791.0,903.0,,,
2025-04-07,104.94,112.0,791.0,903.0,,,
2025-04-08,104.94,112.0,791.0,903.0,,,
2025-04-09,104.94,112.0,791.0,903.0,,,
2025-04-10,104.94,112.0,791.0,903.0,,,
2025-04-11,104.94,112.0,791.0,903.0,,,
2025-04-14,104.94,111.0,791.0,903.0,,,
2025-04-15,104.94,111.0,791.0,903.0,138.0,166.0,5.8
2025-04-16,104.94,111.0,791.0,903.0,,,
2025-04-17,104.94,112.0,791.0,903.0,,,
2025-04-18,104.94,112.0,791.0,903.0,,,
2025-04-21,104.94,112.0,791.0,903.0,,,
2025-04-22,104.94,112.0,791.0,903.0,,,
2025-04-23,104.94,112.0,791.0,903.0,,,
2025-04-24,104.94,112.0,791.0,903.0,,,
2025-04-25,104.94,112.0,791.0,903.0,,,
2025-04-29,,,,,134.0,259.0,5.2
2025-04-30,99.76,112.0,,,,,
2025-05-06,99.58,112.0,786.0,899.0,,,
2025-05-07,99.58,112.0,786.0,899.0,,,
2025-05-08,99.58,111.0,786.0,899.0,,,
2025-05-09,99.58,112.0,786.0,899.0,,,
2025-05-12,99.58,112.0,786.0,899.0,,,
2025-05-13,99.58,112.0,786.0,899.0,137.0,259.0,4.9
2025-05-14,99.58,112.0,786.0,899.0,,,
2025-05-15,99.58,112.0,786.0,899.0,,,
2025-05-16,99.58,111.0,786.0,899.0,,,
2025-05-19,99.58,112.0,786.0,899.0,,,
2025-05-20,99.58,112.0,786.0,899.0,,,
2025-05-21,99.58,111.0,786.0,899.0,,,
2025-05-22,99.58,112.0,786.0,899.0,,,
2025-05-23,99.58,112.0,786.0,899.0,,,
2025-05-26,99.58,112.0,786.0,899.0,,,
2025-05-27,99.58,112.0,786.0,899.0,137.0,259.0,4.9
2025-05-28,97.84,112.0,,,,,
2025-05-29,99.58,112.0,786.0,899.0,,,
2025-05-30,105.94,112.0,821.0,933.0,,,
2025-06-03,105.94,112.0,821.0,933.0,,,
2025-06-04,105.94,112.0,821.0,933.0,,,
2025-06-05,105.94,112.0,821.0,933.0,,,
2025-06-06,105.94,112.0,821.0,933.0,,,
2025-06-09,105.94,112.0,821.0,933.0,,,
2025-06-10,105.94,112.0,821.0,933.0,132.0,345.0,4.0
2025-06-11,105.94,112.0,821.0,933.0,,,
2025-06-12,105.94,111.0,821.0,933.0,,,
2025-06-13,105.94,111.0,821.0,933.0,,,
2025-06-16,105.94,112.0,821.0,933.0,,,
2025-06-17,105.94,112.0,821.0,933.0,,,
2025-06-18,105.94,112.0,821.0,933.0,,,
2025-06-19,105.94,112.0,821.0,933.0,,,
2025-06-20,105.94,112.0,821.0,933.0,,,
2025-06-23,105.94,112.0,821.0,933.0,,,
2025-06-24,105.94,112.0,821.0,933.0,135.0,432.0,3.8
2025-06-25,105.94,112.0,821.0,933.0,,,
2025-06-26,105.94,111.0,821.0,933.0,,,
2025-06-27,105.94,112.0,821.0,933.0,,,
2025-06-30,105.94,112.0,821.0,933.0,,,
2025-07-01,102.47,112.0,787.0,899.0,,,
2025-07-02,102.47,112.0,787.0,899.0,,,
2025-07-03,102.47,112.0,787.0,899.0,,,
2025-07-04,102.47,112.0,787.0,899.0,,,
2025-07-07,102.47,112.0,787.0,899.0,,,
2025-07-08,102.47,112.0,787.0,899.0,133.0,432.0,3.7
2025-07-09,102.47,112.0,787.0,899.0,,,
2025-07-10,102.47,112.0,787.0,899.0,,,
2025-07-11,102.47,111.0,787.0,899.0,,,
2025-07-14,102.47,112.0,787.0,899.0,,,
2025-07-15,102.47,112.0,787.0,899.0,,,
2025-07-16,102.47,112.0,787.0,899.0,,,
2025-07-17,102.47,112.0,787.0,899.0,,,
2025-07-18,102.47,112.0,787.0,899.0,,,
2025-07-21,102.47,111.0,787.0,899.0,,,
2025-07-22,102.47,112.0,787.0,899.0,131.0,515.0,3.7
2025-07-23,102.47,112.0,787.0,899.0,,,
2025-07-24,102.47,112.0,787.0,899.0,,,
2025-07-25,102.47,112.0,787.0,899.0,,,
2025-07-28,102.47,111.0,787.0,899.0,,,
2025-07-29,102.47,111.0,787.0,899.0,,,
2025-07-30,102.47,111.0,787.0,899.0,,,
2025-07-31,102.47,112.0,787.0,899.0,,,
2025-08-01,101.62,111.0,771.0,883.0,,,
2025-08-04,101.62,112.0,771.0,883.0,,,
2025-08-05,101.62,112.0,771.0,883.0,130.0,515.0,3.8
2025-08-06,101.62,112.0,771.0,883.0,,,
2025-08-07,101.62,112.0,771.0,883.0,,,
2025-08-08,101.62,112.0,771.0,883.0,,,
2025-08-11,101.62,112.0,771.0,883.0,,,
2025-08-12,101.62,112.0,771.0,883.0,,,
2025-08-13,101.62,112.0,771.0,883.0,,,
2025-08-14,101.62,112.0,771.0,883.0,,,
2025-08-15,101.62,111.0,771.0,883.0,,,
2025-08-18,101.62,111.0,771.0,883.0,,,
2025-08-19,101.62,111.0,771.0,883.0,131.0,594.0,4.1
2025-08-20,101.62,112.0,771.0,883.0,,,
2025-08-21,101.62,112.0,771.0,883.0,,,
2025-08-22,101.62,112.0,771.0,883.0,,,
2025-08-25,101.62,112.0,771.0,883.0,,,
2025-08-26,101.62,112.0,771.0,883.0,,,
2025-08-27,101.62,111.0,771.0,883.0,,,
2025-08-28,101.62,111.0,771.0,883.0,,,
2025-08-29,100.1,112.0,770.0,882.0,,,
2025-09-01,100.1,112.0,770.0,882.0,,,
2025-09-02,100.1,112.0,770.0,882.0,130.0,594.0,4.4
2025-09-03,100.1,112.0,770.0,882.0,,,
2025-09-04,100.1,112.0,770.0,882.0,,,
2025-09-05,100.1,111.0,770.0,882.0,,,
2025-09-08,100.1,112.0,770.0,882.0,,,
2025-09-09,100.1,111.0,770.0,882.0,,,
2025-09-10,100.1,111.0,770.0,882.0,,,
2025-09-11,100.1,112.0,770.0,882.0,,,
2025-09-12,100.1,112.0,770.0,882.0,,,
2025-09-15,100.1,112.0,770.0,882.0,,,
2025-09-16,100.1,112.0,770.0,882.0,133.0,672.0,4.7
2025-09-17,100.1,113.0,770.0,882.0,,,
2025-09-18,100.1,112.0,770.0,882.0,,,
2025-09-19,100.1,112.0,770.0,882.0,,,
2025-09-22,100.1,112.0,770.0,882.0,,,
2025-09-23,100.1,112.0,770.0,882.0,,,
2025-09-24,100.1,112.0,770.0,882.0,,,
2025-09-25,100.1,112.0,770.0,882.0,,,
2025-09-26,100.1,114.0,770.0,882.0,,,
2025-09-29,100.1,112.0,770.0,882.0,,,
2025-09-30,107.35,112.0,738.0,850.0,132.0,672.0,4.7
2025-10-01,107.1,112.0,783.0,850.0,,,
2025-10-02,107.45,112.0,738.0,850.0,,,
2025-10-03,107.5,112.0,783.0,850.0,,,
2025-10-09,96.53,112.0,738.0,850.0,,,
2025-10-13,96.53,110.0,738.0,850.0,,,
2025-10-14,,,787.0,,133.0,672.0,4.7
2025-10-15,96.53,111.0,738.0,850.0,,,
2025-10-16,96.53,112.0,738.0,850.0,,,
2025-10-17,96.53,112.0,738.0,850.0,,,
2025-10-20,96.53,112.0,738.0,850.0,,,
2025-10-21,96.53,112.0,738.0,850.0,,,
2025-10-22,96.53,112.0,738.0,850.0,,,
2025-10-23,96.53,112.0,738.0,850.0,,,
2025-10-24,96.53,112.0,738.0,850.0,,,
2025-10-27,96.53,112.0,738.0,850.0,,,
2025-10-28,,,,,134.0,746.0,4.6
2025-10-29,96.53,112.0,738.0,850.0,,,
2025-10-30,96.53,112.0,738.0,850.0,,,
2025-10-31,100.49,112.0,772.0,884.0,,,
2025-11-03,100.49,113.0,772.0,884.0,,,
2025-11-04,100.49,112.0,772.0,884.0,,,
2025-11-05,100.49,112.0,772.0,884.0,,,
2025-11-06,100.49,112.0,772.0,884.0,,,
2025-11-07,100.49,112.0,772.0,884.0,,,
2025-11-10,100.49,112.0,772.0,884.0,,,
2025-11-11,100.49,112.0,772.0,884.0,138.0,746.0,4.4
2025-11-12,100.49,112.0,772.0,884.0,,,
2025-11-13,100.49,112.0,772.0,884.0,,,
2025-11-14,100.49,112.0,772.0,884.0,,,
2025-11-17,100.49,112.0,772.0,884.0,,,
2025-11-18,100.49,112.0,772.0,884.0,,,
2025-11-19,100.49,112.0,772.0,884.0,,,
2025-11-20,100.49,112.0,772.0,884.0,,,
2025-11-21,100.49,112.0,772.0,884.0,,,
2025-11-24,100.49,111.0,772.0,884.0,,,
2025-11-25,100.49,112.0,772.0,884.0,140.0,818.0,4.1
2025-11-26,100.49,112.0,772.0,884.0,,,
2025-11-27,100.49,111.0,772.0,884.0,,,
2025-11-28,104.59,112.0,795.0,907.0,,,
2025-12-01,104.59,109.0,795.0,907.0,,,
2025-12-02,104.59,112.0,795.0,907.0,,,
2025-12-03,104.59,112.0,795.0,907.0,,,
2025-12-05,104.59,112.0,795.0,907.0,,,
2025-12-08,104.59,112.0,795.0,907.0,,,
2025-12-09,104.59,112.0,795.0,907.0,142.0,818.0,3.7
2025-12-10,104.59,112.0,795.0,907.0,,,
2025-12-11,104.59,111.0,795.0,907.0,,,
2025-12-12,104.59,111.0,795.0,907.0,,,
2025-12-15,104.59,112.0,795.0,907.0,,,
2025-12-16,104.59,112.0,795.0,907.0,,,
2025-12-17,104.59,112.0,795.0,907.0,,,
2025-12-18,104.59,112.0,795.0,907.0,,,
2025-12-19,104.59,112.0,795.0,907.0,,,
2025-12-22,104.59,112.0,795.0,907.0,,,
2025-12-23,104.59,112.0,795.0,907.0,,,
2025-12-24,104.59,112.0,795.0,907.0,,,
2025-12-25,104.59,112.0,795.0,907.0,,,
2025-12-29,104.59,111.0,795.0,907.0,,,
2025-12-30,104.59,112.0,795.0,907.0,,,
2026-01-05,104.59,86.0,795.0,907.0,,,
2026-01-06,104.59,71.0,795.0,907.0,151.0,892.0,2.8
2026-01-07,104.59,70.0,795.0,907.0,,,
2026-01-08,104.59,75.0,795.0,907.0,,,
2026-01-09,104.59,80.0,795.0,907.0,,,
2026-01-12,104.59,87.0,795.0,907.0,,,
2026-01-13,104.59,82.0,795.0,907.0,,,
2026-01-14,104.59,88.0,795.0,907.0,,,
2026-01-15,104.59,92.0,795.0,907.0,,,
2026-01-16,107.88,93.0,801.0,914.0,,,
2026-01-19,107.88,95.0,801.0,914.0,,,
2026-01-20,107.88,97.0,801.0,914.0,155.0,961.0,2.8
2026-01-21,107.88,96.0,801.0,914.0,,,
2026-01-22,107.88,94.0,801.0,914.0,,,
2026-01-23,107.88,93.0,801.0,914.0,,,
2026-01-26,107.88,101.0,801.0,914.0,,,
2026-01-27,107.88,104.0,801.0,914.0,,,
2026-01-28,107.88,105.0,801.0,914.0,,,
2026-01-29,107.88,99.0,801.0,914.0,,,
2026-01-30,107.27,100.0,792.0,903.0,,,
2026-02-02,107.27,102.0,792.0,903.0,,,
2026-02-03,107.27,105.0,792.0,903.0,159.0,961.0,3.0
2026-02-04,107.27,86.0,792.0,903.0,,,
2026-02-05,107.27,45.0,792.0,903.0,,,
2026-02-06,107.27,52.0,792.0,903.0,,,
2026-02-09,107.27,82.0,792.0,903.0,,,
2026-02-10,107.27,82.0,792.0,903.0,,,
2026-02-11,107.27,83.0,792.0,903.0,,,
2026-02-12,107.27,82.0,792.0,903.0,,,
2026-02-13,107.27,82.0,792.0,903.0,,,
2026-02-16,107.27,82.0,792.0,903.0,,,
2026-02-17,,,,,161.0,961.0,3.7
2026-02-19,107.27,82.0,792.0,903.0,,,
2026-02-20,107.27,82.0,792.0,903.0,,,
2026-02-23,107.27,82.0,792.0,903.0,,,
2026-02-24,107.27,86.0,792.0,903.0,,,
2026-02-25,107.27,88.0,792.0,903.0,,,
2026-02-26,107.27,87.0,792.0,903.0,,,
2026-02-27,106.33,102.0,805.0,917.0,,,
2026-03-02,106.33,108.0,805.0,917.0,,,
2026-03-03,106.33,110.0,805.0,917.0,162.0,961.0,5.0
2026-03-04,106.33,110.0,805.0,917.0,,,
2026-03-05,106.33,104.0,805.0,917.0,,,
2026-03-06,106.33,101.0,805.0,917.0,,,
2026-03-09,106.33,103.0,805.0,917.0,,,
2026-03-10,106.33,107.0,805.0,917.0,,,
2026-03-11,106.33,108.0,805.0,917.0,,,
2026-03-12,106.33,106.0,805.0,917.0,,,
2026-03-13,106.33,96.0,805.0,917.0,,,
2026-03-16,106.33,108.0,805.0,917.0,,,
2026-03-17,106.33,107.0,805.0,917.0,167.0,160.0,5.9
2026-03-18,106.33,111.0,805.0,917.0,,,
2026-03-19,106.33,113.0,805.0,917.0,,,
2026-03-20,106.33,119.0,805.0,917.0,,,
2026-03-23,106.33,119.0,805.0,917.0,,,
2026-03-24,106.33,119.0,805.0,917.0,,,
2026-03-25,106.33,133.0,805.0,917.0,,,
2026-03-26,106.33,156.0,805.0,917.0,,,
2026-03-27,106.33,160.0,805.0,917.0,,,
2026-03-30,106.33,166.0,805.0,917.0,,,
2026-03-31,105.42,165.0,798.0,925.0,165.0,160.0,5.9
2026-04-01,105.42,165.0,798.0,925.0,,,
2026-04-02,105.42,166.0,798.0,925.0,,,
2026-04-03,105.42,161.0,798.0,925.0,,,
2026-04-07,105.42,161.0,798.0,925.0,,,
2026-04-08,105.42,154.0,798.0,925.0,,,
2026-04-09,105.42,156.0,798.0,925.0,,,
2026-04-10,105.42,162.0,798.0,925.0,,,
2026-04-13,105.42,162.0,798.0,925.0,,,
2026-04-14,105.42,157.0,798.0,925.0,166.0,160.0,5.8
2026-04-15,105.42,158.0,798.0,925.0,,,
2026-04-16,105.42,164.0,798.0,925.0,,,
2026-04-17,105.42,159.0,798.0,925.0,,,
2026-04-20,105.42,159.0,798.0,925.0,,,
2026-04-21,105.42,159.0,798.0,925.0,,,
2026-04-22,105.42,159.0,798.0,925.0,,,
2026-04-23,105.42,159.0,798.0,925.0,,,
2026-04-24,105.42,159.0,798.0,925.0,,,
2026-04-27,105.42,157.0,798.0,925.0,,,
2026-04-28,105.42,158.0,798.0,925.0,163.0,248.0,5.4
2026-04-29,105.42,164.0,798.0,925.0,,,
2026-04-30,105.42,163.0,798.0,925.0,,,
2026-05-04,105.42,163.0,798.0,925.0,,,
2026-05-05,105.42,163.0,798.0,925.0,,,
2026-05-06,106.27,163.0,810.0,900.0,,,
2026-05-07,106.27,164.0,810.0,900.0,,,
2026-05-08,106.27,164.0,810.0,900.0,,,
2026-05-11,106.27,164.0,810.0,900.0,,,
2026-05-12,106.27,155.0,810.0,900.0,161.0,248.0,5.2
2026-05-13,106.27,151.0,810.0,900.0,,,
2026-05-14,106.27,149.0,810.0,900.0,,,
2026-05-15,106.27,148.0,810.0,900.0,,,
2026-05-18,106.27,145.0,810.0,900.0,,,
2026-05-19,106.27,149.0,810.0,900.0,,,
2026-05-20,106.27,149.0,810.0,900.0,,,
2026-05-21,106.27,149.0,810.0,900.0,,,
2026-05-22,106.27,146.0,810.0,900.0,,,
2026-05-25,106.27,146.0,810.0,900.0,,,
2026-05-26,106.27,146.0,810.0,900.0,160.0,331.0,4.8
2026-05-27,106.27,146.0,810.0,900.0,,,
2026-05-28,106.27,146.0,810.0,900.0,,,
2026-05-29,106.27,146.0,810.0,900.0,,,
2026-06-01,99.65,144.0,769.0,852.0,,,
2026-06-02,99.65,144.0,769.0,852.0,,,
2026-06-03,99.65,146.0,769.0,852.0,,,
2026-06-04,99.65,141.0,769.0,852.0,,,
2026-06-05,99.65,119.0,769.0,852.0,,,
2026-06-08,99.65,123.0,769.0,852.0,,,
2026-06-09,99.65,123.0,769.0,852.0,159.0,331.0,4.8
2026-06-10,99.65,128.0,769.0,852.0,,,
2026-06-11,99.65,128.0,769.0,852.0,,,
2026-06-12,99.65,124.0,769.0,852.0,,,
2026-06-15,99.65,123.0,769.0,852.0,,,
2026-06-17,99.65,123.0,769.0,852.0,,,
2026-06-18,99.65,123.0,769.0,852.0,,,
2026-06-22,99.65,130.0,769.0,852.0,,,
2026-06-23,65.0,128.0,769.0,852.0,159.0,416.0,4.7
2026-06-24,65.0,127.0,769.0,852.0,,,
