date,cfr_62,cfr_65,port_stock_62,port_stock_65,inventories_mt,steel_production_mt,steel_inventories_mt
2018-07-03,,,,,158.0,370.0,4.72
2018-07-17,,,,,156.0,451.0,4.4
2018-07-19,,,,,,,
2018-07-31,,,,,156.0,451.0,4.1
2018-08-11,,,,,154.0,451.0,4.1
2018-08-28,,,,,151.0,533.0,4.1
2018-09-11,,,,,150.0,533.0,4.2
2018-09-25,,,,,149.0,617.0,4.1
2018-10-09,,,,,146.0,617.0,4.1
2018-10-23,,,,,144.0,699.0,4.2
2018-11-06,,,,,142.0,699.0,3.6
2018-11-20,,,,,141.0,782.0,3.1
2018-12-04,,,,,138.0,782.0,2.9
2018-12-18,,,,,137.0,857.0,2.8
2019-01-08,,,,,137.0,857.0,2.8
2019-01-22,,,,,141.0,928.0,3.7
2019-02-19,,,,,144.0,928.0,7.4
2019-03-05,,,,,146.0,928.0,9.1
2019-03-19,,,,,148.0,150.0,8.7
2019-04-02,,,,,148.0,150.0,8.1
2019-04-16,,,,,144.0,150.0,7.2
2019-04-30,,,,,144.0,150.0,7.2
2019-05-14,,,,,133.0,231.0,5.7
2019-05-28,,,,,128.0,315.0,5.2
2019-06-11,,,,,122.0,315.0,5.0
2019-06-25,,,,,117.0,405.0,5.3
2019-07-09,,,,,116.0,405.0,5.4
2019-07-23,,,,,118.0,492.0,5.6
2019-08-06,,,,,121.0,492.0,6.0
2019-08-20,,,,,123.0,577.0,6.0
2019-09-03,,,,,125.0,577.0,5.8
2019-09-17,,,,,125.0,665.0,5.2
2019-10-01,,,,,126.0,665.0,4.8
2019-10-15,,,,,130.0,665.0,4.9
2019-10-29,,,,,134.0,748.0,4.1
2019-11-12,,,,,132.0,748.0,3.5
2019-11-26,,,,,130.0,829.0,2.9
2019-12-10,,,,,130.0,829.0,2.9
2019-12-24,,,,,129.0,904.0,3.0
2020-01-07,,,,,130.0,904.0,3.1
2020-01-21,,,,,127.0,996.0,4.5
2020-02-04,,,,,127.0,996.0,4.5
2020-02-18,,,,,131.0,996.0,9.2
2020-03-03,,,,,127.0,996.0,11.5
2020-03-17,,,,,126.0,996.0,13.0
2020-03-31,,,,,121.0,155.0,12.4
2020-04-14,,,,,119.0,155.0,11.2
2020-04-28,,,,,118.0,234.0,10.4
2020-05-12,,,,,113.0,234.0,9.5
2020-05-26,,,,,110.0,319.0,8.2
2020-06-09,,,,,109.0,319.0,7.4
2020-06-23,,,,,108.0,412.0,7.2
2020-07-07,,,,,110.0,412.0,7.2
2020-07-21,,,,,112.0,499.0,7.6
2020-08-04,,,,,117.0,499.0,7.9
2020-08-18,,,,,117.0,593.0,7.8
2020-09-01,,,,,116.0,593.0,7.9
2020-09-15,,,,,119.0,593.0,8.0
2020-09-29,,,,,120.0,689.0,7.9
2020-10-13,,,,,124.0,689.0,7.7
2020-10-27,,,,,128.0,782.0,7.1
2020-11-10,,,,,131.0,782.0,6.1
2020-11-24,,,,,132.0,874.0,4.9
2020-12-08,,,,,129.0,874.0,4.2
2020-12-22,,,,,126.0,961.0,3.5
2021-01-05,,,,,127.0,961.0,3.4
2021-01-19,,,,,125.0,961.0,3.8
2021-02-02,,,,,126.0,1053.0,4.9
2021-02-16,,,,,126.0,1053.0,6.6
2021-03-02,,,,,129.0,1053.0,10.1
2021-03-16,,,,,131.0,175.0,11.6
2021-03-30,,,,,134.0,175.0,10.8
2021-04-13,,,,,134.0,175.0,9.8
2021-04-27,,,,,136.0,271.0,8.6
2021-05-11,,,,,133.0,271.0,8.0
2021-06-08,,,,,128.0,375.0,6.8
2021-06-22,,,,,125.0,473.0,6.8
2021-07-06,,,,,124.0,473.0,7.1
2021-07-14,213.9,250.0,1558.0,1808.0,116.75,,18.06
2021-07-19,215.66,227.0,1536.0,1763.0,117.45,,18.05
2021-07-20,,,,,129.0,563.0,7.4
2021-07-27,213.52,226.0,1436.0,1662.0,119.95,,18.02
2021-07-28,204.2,243.3,1446.0,1669.0,119.95,,18.02
2021-07-29,204.2,242.8,1465.0,1685.0,119.95,,18.02
2021-07-30,205.05,242.4,1376.0,1596.0,120.7,,17.98
2021-08-02,188.3,222.95,1343.0,1575.0,120.7,,17.98
2021-08-03,187.75,221.6,1355.0,1591.0,128.0,563.0,7.2
2021-08-04,185.25,218.9,1347.0,1594.0,120.7,,17.98
2021-08-05,181.5,214.1,1348.0,1595.0,120.7,,17.98
2021-08-06,172.4,204.4,1322.0,1577.0,118.46,,18.12
2021-08-09,172.4,204.4,1298.0,1563.0,118.46,,18.12
2021-08-10,165.35,196.3,1237.0,1512.0,118.46,,18.12
2021-08-11,167.9,197.65,1226.0,1510.0,118.46,,18.12
2021-08-12,165.65,195.1,1204.0,1506.0,118.46,,18.12
2021-08-13,165.5,194.9,1177.0,1495.0,118.65,,18.0
2021-08-16,164.35,194.3,1154.0,1488.0,118.65,,18.0
2021-08-17,162.8,194.3,1135.0,1477.0,127.0,649.0,7.1
2021-08-18,156.15,183.65,1122.0,1467.0,118.65,,18.0
2021-08-19,152.25,183.55,1114.0,1459.0,118.65,,18.0
2021-08-20,148.35,176.2,1040.0,1379.0,120.33,,17.91
2021-08-23,137.65,165.85,1050.0,1382.0,120.33,,17.91
2021-08-24,144.3,172.65,1050.0,1378.0,120.33,,17.91
2021-08-25,151.25,179.65,1050.0,1364.0,120.33,,17.91
2021-08-26,151.25,179.45,1043.0,1341.0,120.33,,17.91
2021-08-27,153.05,181.05,1049.0,1330.0,121.46,,17.72
2021-08-30,159.45,186.35,1077.0,1342.0,121.46,,17.72
2021-08-31,158.45,184.35,1083.0,1332.0,129.0,649.0,7.1
2021-09-01,154.2,182.45,1048.0,1283.0,121.46,,17.72
2021-09-02,147.7,170.4,1047.0,1269.0,121.46,,17.72
2021-09-03,148.0,170.4,1061.0,1273.0,122.55,,17.49
2021-09-06,147.2,169.45,1051.0,1264.0,122.55,,17.49
2021-09-07,146.1,167.15,1051.0,1262.0,122.55,,17.49
2021-09-08,135.35,154.5,1043.0,1254.0,122.55,,17.49
2021-09-09,135.25,154.45,1043.0,1263.0,122.55,,17.49
2021-09-10,136.1,154.75,1005.0,1235.0,129.62,,16.89
2021-09-13,132.9,151.55,1004.0,1242.0,129.62,,16.89
2021-09-14,127.9,146.6,928.0,1175.0,131.0,649.0,7.0
2021-09-15,125.95,144.6,926.0,1169.0,129.62,,16.89
2021-09-16,117.35,135.8,918.0,1159.0,129.62,,16.89
2021-09-17,117.55,136.0,844.0,1072.0,129.29,,16.44
2021-09-20,113.05,131.5,844.0,998.0,129.29,,16.44
2021-09-21,113.05,131.5,844.0,1072.0,129.29,,16.44
2021-09-22,112.75,131.15,762.0,981.0,129.29,,16.44
2021-09-23,114.7,133.15,766.0,973.0,129.29,,16.44
2021-09-24,113.65,132.1,774.0,972.0,127.35,,15.83
2021-09-27,121.45,139.9,868.0,1055.0,127.35,,15.83
2021-09-28,120.6,139.05,867.0,1047.0,130.0,733.0,7.0
2021-09-29,121.6,140.3,863.0,1044.0,127.35,,15.83
2021-09-30,122.95,141.25,865.0,1038.0,130.78,,14.02
2021-10-01,122.2,140.65,865.0,1038.0,130.78,,14.02
2021-10-04,122.2,140.65,865.0,1038.0,130.78,,14.02
2021-10-05,122.2,140.65,865.0,1038.0,130.78,,14.02
2021-10-06,122.2,140.65,865.0,1038.0,130.78,,14.02
2021-10-07,122.2,140.65,865.0,1038.0,130.78,,14.02
2021-10-08,131.2,149.25,902.0,1062.0,130.78,,14.02
2021-10-11,132.1,150.1,911.0,1068.0,130.78,,14.02
2021-10-12,137.7,153.4,926.0,1082.0,134.0,733.0,6.3
2021-10-13,133.1,151.55,920.0,1071.0,130.78,,14.02
2021-10-14,129.0,149.95,911.0,1062.0,130.78,,14.02
2021-10-15,129.55,151.05,924.0,1075.0,137.82,,15.11
2021-10-18,129.6,151.25,920.0,1069.0,137.82,,15.11
2021-10-19,129.4,151.25,908.0,1054.0,137.82,,15.11
2021-10-20,127.45,151.7,895.0,1039.0,137.82,,15.11
2021-10-21,127.45,151.7,884.0,1028.0,137.82,,15.11
2021-10-22,125.9,148.55,869.0,1014.0,138.77,,13.68
2021-10-25,125.35,146.95,883.0,1031.0,138.77,,13.68
2021-10-26,121.1,144.4,871.0,1023.0,140.0,806.0,5.9
2021-10-28,120.9,145.25,857.0,1008.0,138.77,,13.68
2021-10-29,114.1,131.5,836.0,987.0,142.82,,13.58
2021-11-01,110.4,131.5,809.0,980.0,142.82,,13.58
2021-11-02,100.5,118.2,801.0,988.0,142.82,,13.58
2021-11-03,103.0,119.9,796.0,983.0,142.82,,13.58
2021-11-04,103.0,119.9,748.0,935.0,142.82,,13.58
2021-11-05,104.65,120.35,741.0,946.0,145.12,,13.61
2021-11-08,99.0,118.25,688.0,914.0,145.12,,13.61
2021-11-09,99.0,113.3,673.0,915.0,145.0,806.0,5.4
2021-11-10,97.75,110.9,667.0,905.0,145.12,,13.61
2021-11-11,96.7,108.59,642.0,876.0,145.12,,13.61
2021-11-12,96.2,109.2,642.0,861.0,146.12,,13.26
2021-11-15,95.05,108.35,640.0,883.0,146.12,,13.26
2021-11-16,94.55,108.2,622.0,866.0,146.12,,13.26
2021-11-17,93.85,108.95,603.0,854.0,146.12,,13.26
2021-11-18,93.75,108.35,593.0,844.0,146.12,,13.26
2021-11-19,93.75,108.35,587.0,843.0,147.33,,12.8
2021-11-22,94.4,109.75,596.0,850.0,147.33,,12.8
2021-11-23,97.25,112.7,614.0,865.0,150.0,877.0,4.9
2021-11-24,100.9,116.4,682.0,932.0,147.33,,12.8
2021-11-25,101.3,116.85,675.0,913.0,147.33,,12.8
2021-11-26,99.85,115.45,664.0,885.0,148.75,,12.53
2021-11-29,102.25,118.1,672.0,877.0,148.75,,12.53
2021-11-30,105.6,119.15,688.0,881.0,148.75,,12.53
2021-12-01,106.1,121.55,694.0,888.0,148.75,,12.53
2021-12-02,106.2,121.3,706.0,900.0,148.75,,12.53
2021-12-03,106.85,121.5,698.0,887.0,150.41,,11.65
2021-12-06,106.85,121.5,702.0,896.0,150.41,,11.65
2021-12-07,106.85,121.5,735.0,929.0,155.0,877.0,4.4
2021-12-08,106.85,121.5,743.0,937.0,150.41,,11.65
2021-12-09,106.85,121.55,716.0,932.0,150.41,,11.65
2021-12-10,107.95,120.9,717.0,922.0,150.57,,10.85
2021-12-13,107.95,120.9,755.0,949.0,150.57,,10.85
2021-12-14,110.0,122.0,753.0,947.0,150.57,,10.85
2021-12-15,109.9,122.5,748.0,942.0,150.57,,10.85
2021-12-16,120.05,129.1,763.0,957.0,150.57,,10.85
2021-12-17,120.05,129.16,773.0,967.0,152.72,,10.16
2021-12-20,120.75,129.1,799.0,993.0,152.72,,10.16
2021-12-21,124.95,134.2,813.0,1007.0,158.0,946.0,4.0
2021-12-22,124.95,134.2,827.0,1021.0,152.72,,10.16
2021-12-23,124.0,134.15,822.0,752.0,152.72,,10.16
2021-12-24,124.0,134.15,842.0,1036.0,150.95,,9.78
2021-12-27,124.0,134.15,834.0,1028.0,150.95,,9.78
2021-12-28,126.1,135.4,818.0,764.0,150.95,,9.78
2021-12-29,125.35,133.5,808.0,766.0,150.95,,9.78
2021-12-30,123.75,131.55,805.0,768.0,150.95,,9.78
2022-01-04,127.85,135.4,813.0,1007.0,156.0,946.0,3.8
2022-01-05,130.3,137.95,828.0,1022.0,152.07,,9.58
2022-01-06,134.05,141.3,829.0,1023.0,152.07,,9.58
2022-01-07,134.0,141.25,858.0,1052.0,151.81,,9.76
2022-01-10,134.0,141.25,860.0,1054.0,151.81,,9.76
2022-01-11,135.35,144.15,865.0,1059.0,151.81,,9.76
2022-01-12,139.5,155.1,886.0,1078.0,151.81,,9.76
2022-01-13,139.6,143.74,887.0,1081.0,151.81,,9.76
2022-01-14,138.05,154.4,882.0,1076.0,152.64,,9.94
2022-01-17,136.8,154.8,861.0,1055.0,152.64,,9.94
2022-01-18,133.95,154.85,850.0,1044.0,157.0,1033.0,4.0
2022-01-19,138.1,161.5,874.0,1068.0,152.64,,9.94
2022-01-21,142.7,169.6,918.0,1111.0,150.08,,10.51
2022-01-24,141.75,169.9,930.0,1124.0,150.08,,10.51
2022-01-25,143.0,170.05,936.0,1130.0,150.08,,10.51
2022-01-26,144.2,171.7,946.0,1140.0,150.08,,10.51
2022-01-27,144.2,171.7,953.0,1147.0,150.08,,10.51
2022-01-28,144.15,172.45,968.0,1162.0,149.02,,12.11
2022-01-31,138.27,172.45,,,,,
2022-02-01,,,,,154.0,1033.0,4.9
2022-02-04,144.15,172.45,968.0,1162.0,149.02,,12.11
2022-02-07,144.15,172.45,1005.0,1198.0,149.02,,12.11
2022-02-08,147.5,175.75,1017.0,1211.0,149.02,,12.11
2022-02-09,147.75,175.95,987.0,1181.0,149.02,,12.11
2022-02-10,152.6,182.75,1003.0,1197.0,149.02,,12.11
2022-02-11,152.6,182.75,1010.0,1204.0,154.19,,12.11
2022-02-14,152.6,182.75,996.0,1190.0,154.19,,12.11
2022-02-15,152.6,182.75,922.0,1116.0,156.0,1033.0,7.0
2022-02-16,152.6,182.7,928.0,1122.0,154.19,,12.11
2022-02-17,138.1,167.45,900.0,1094.0,154.19,,16.52
2022-02-18,135.95,166.8,895.0,1089.0,155.39,,17.92
2022-02-21,133.15,163.45,894.0,1080.0,155.39,,17.92
2022-02-22,136.5,166.55,899.0,1084.0,155.39,,17.92
2022-02-23,136.5,166.55,919.0,1108.0,155.39,,17.92
2022-02-24,133.15,165.75,920.0,1113.0,155.39,,17.92
2022-02-25,133.15,165.75,916.0,1113.0,154.07,,19.28
2022-02-28,133.15,165.75,920.0,1122.0,154.07,,19.28
2022-03-01,136.3,166.15,938.0,1139.0,160.0,1033.0,8.7
2022-03-02,136.3,166.15,968.0,1174.0,154.07,,19.28
2022-03-03,136.3,166.15,1012.0,1219.0,154.07,,19.28
2022-03-04,136.3,166.15,1022.0,1129.0,153.64,,20.26
2022-03-07,136.3,166.15,1053.0,1260.0,153.64,,20.26
2022-03-08,136.3,168.2,1052.0,1258.0,153.64,,20.26
2022-03-09,144.4,174.45,1044.0,1255.0,153.64,,20.26
2022-03-10,144.05,175.05,1030.0,1227.0,153.64,,20.26
2022-03-11,142.5,172.65,1019.0,1214.0,153.24,,20.25
2022-03-14,140.9,170.6,1005.0,1198.0,153.24,,20.25
2022-03-15,133.5,164.65,988.0,1180.0,157.0,1033.0,9.2
2022-03-16,133.5,164.65,989.0,1178.0,153.24,,20.25
2022-03-17,143.25,173.45,998.0,1190.0,153.24,,20.25
2022-03-18,143.25,173.45,1022.0,1219.0,150.07,,20.16
2022-03-21,143.35,173.5,1022.0,1219.0,150.07,,20.16
2022-03-22,143.35,173.5,1017.0,1215.0,150.07,,20.16
2022-03-23,143.35,173.5,1012.0,1209.0,150.07,,20.16
2022-03-24,137.25,167.8,1014.0,1214.0,150.07,,20.16
2022-03-25,144.75,173.3,1021.0,1220.0,150.43,,20.16
2022-03-28,144.75,173.3,1066.0,1265.0,150.43,,20.16
2022-03-29,146.85,176.75,1053.0,1252.0,156.0,158.0,9.1
2022-03-30,146.85,176.75,1061.0,1254.0,150.43,,20.16
2022-03-31,154.7,181.55,1056.0,1245.0,150.43,,20.16
2022-04-01,155.6,182.05,1055.0,1239.0,149.35,,19.42
2022-04-06,157.2,182.95,1083.0,1262.0,149.35,,19.42
2022-04-07,159.3,185.82,1044.0,1217.0,149.35,,19.42
2022-04-08,159.05,185.45,1044.0,1216.0,147.4,,19.66
2022-04-11,159.05,185.45,1018.0,1190.0,147.4,,19.66
2022-04-12,158.65,184.95,1039.0,1212.0,155.0,158.0,9.1
2022-04-13,158.7,185.75,1020.0,1194.0,147.4,,19.66
2022-04-14,158.7,185.75,1018.0,1193.0,147.4,,19.66
2022-04-18,159.45,185.5,1070.0,1251.0,143.62,,19.59
2022-04-19,159.05,185.25,1062.0,1243.0,143.62,,19.59
2022-04-20,155.1,181.25,1058.0,1239.0,143.62,,19.59
2022-04-21,155.1,181.25,1058.0,1238.0,143.62,,19.59
2022-04-25,156.65,182.85,975.0,1150.0,142.69,,19.28
2022-04-26,144.6,169.85,975.0,1149.0,149.0,243.0,8.7
2022-04-27,144.85,170.1,979.0,1150.0,142.69,,19.28
2022-04-28,146.7,171.7,986.0,1156.0,142.69,,19.28
2022-04-29,146.7,171.8,1008.0,1177.0,140.09,,18.97
2022-05-03,146.7,171.8,1008.0,1177.0,140.09,,18.97
2022-05-04,146.7,171.8,1008.0,1177.0,140.09,,18.97
2022-05-05,149.05,173.75,1025.0,1194.0,140.09,,18.97
2022-05-06,149.05,173.75,999.0,1167.0,140.09,,19.12
2022-05-09,148.15,173.75,969.0,1136.0,140.09,,19.12
2022-05-10,145.65,170.25,938.0,1102.0,145.0,243.0,8.1
2022-05-11,145.65,170.25,960.0,1124.0,140.09,,19.12
2022-05-12,138.55,163.0,958.0,1122.0,140.09,,19.12
2022-05-13,138.5,163.0,969.0,1133.0,135.11,,18.88
2022-05-16,138.5,163.0,969.0,1136.0,135.11,,18.88
2022-05-17,139.15,163.7,972.0,1138.0,135.11,,18.88
2022-05-18,137.35,163.9,954.0,1123.0,135.11,,18.88
2022-05-19,136.05,161.4,962.0,1135.0,135.11,,18.88
2022-05-20,136.05,161.4,990.0,1167.0,130.84,,18.54
2022-05-23,136.05,161.4,1000.0,1179.0,130.84,,18.54
2022-05-24,138.0,163.45,979.0,1159.0,137.0,336.0,7.9
2022-05-25,138.35,164.0,991.0,1170.0,130.84,,18.54
2022-05-26,138.55,164.85,971.0,1149.0,130.84,,18.54
2022-05-27,140.35,165.9,998.0,1173.0,129.67,,18.42
2022-05-30,140.65,165.2,1004.0,1179.0,129.67,,18.42
2022-05-31,140.4,164.95,1028.0,1201.0,129.67,,18.42
2022-06-01,140.4,164.95,1009.0,1182.0,129.67,,18.42
2022-06-02,140.95,165.25,1046.0,1214.0,127.51,,17.96
2022-06-06,140.95,165.25,1031.0,1195.0,127.51,,17.96
2022-06-07,140.95,165.25,1035.0,1197.0,132.0,336.0,7.7
2022-06-08,147.9,171.85,1026.0,1184.0,127.51,,17.96
2022-06-09,147.9,171.85,1030.0,1188.0,127.51,,17.96
2022-06-10,146.35,170.35,1008.0,1166.0,123.71,,18.12
2022-06-13,146.35,170.35,991.0,1149.0,123.71,,18.12
2022-06-14,141.35,165.4,982.0,1136.0,123.71,,18.12
2022-06-15,138.05,162.1,975.0,1122.0,123.71,,18.12
2022-06-16,135.15,159.3,952.0,1095.0,123.71,,18.12
2022-06-17,128.8,152.85,925.0,1067.0,121.99,,18.41
2022-06-20,114.85,136.45,848.0,987.0,121.99,,18.41
2022-06-21,115.15,136.5,841.0,980.0,126.0,435.0,7.9
2022-06-22,115.15,138.05,837.0,976.0,121.99,,18.41
2022-06-23,114.65,135.85,805.0,945.0,121.99,,18.41
2022-06-24,117.6,136.8,818.0,960.0,121.35,,18.47
2022-06-27,120.7,137.95,829.0,971.0,121.35,,18.47
2022-06-28,121.65,139.2,874.0,1016.0,121.35,,18.47
2022-06-29,124.15,140.55,888.0,1039.0,121.35,,18.47
2022-06-30,123.15,140.4,872.0,1035.0,121.35,,18.47
2022-07-01,122.9,137.7,838.0,1001.0,122.0,,17.83
2022-07-04,118.1,132.45,826.0,994.0,122.0,,17.83
2022-07-05,116.3,130.4,806.0,976.0,126.0,435.0,7.7
2022-07-06,116.3,130.4,809.0,981.0,122.0,,17.83
2022-07-07,116.1,129.5,830.0,1002.0,122.0,,17.83
2022-07-08,116.4,129.35,836.0,1008.0,122.18,,17.19
2022-07-11,116.4,129.35,818.0,974.0,122.18,,17.19
2022-07-12,114.95,128.1,786.0,930.0,122.18,,17.19
2022-07-13,114.95,128.1,793.0,937.0,122.18,,17.19
2022-07-14,112.75,125.75,774.0,919.0,122.18,,17.19
2022-07-15,97.7,110.55,761.0,899.0,126.08,,16.58
2022-07-18,97.95,110.8,717.0,852.0,126.08,,16.58
2022-07-19,101.2,115.45,701.0,832.0,131.0,527.0,7.0
2022-07-20,101.2,115.55,700.0,830.0,126.08,,16.58
2022-07-21,99.8,116.35,681.0,811.0,126.08,,16.58
2022-07-22,99.8,116.35,687.0,814.0,127.81,,15.61
2022-07-25,99.8,116.35,719.0,843.0,127.81,,15.61
2022-07-26,107.05,122.95,725.0,853.0,127.81,,15.61
2022-07-27,114.95,131.0,761.0,894.0,127.81,,15.61
2022-07-28,115.1,131.25,798.0,930.0,127.81,,15.61
2022-07-29,117.85,133.5,798.0,928.0,131.39,,14.6
2022-08-01,117.85,133.5,810.0,940.0,131.39,,14.6
2022-08-02,117.0,132.95,801.0,920.0,136.0,527.0,6.2
2022-08-03,117.0,132.95,805.0,911.0,131.39,,14.6
2022-08-04,110.45,126.05,774.0,868.0,131.39,,14.6
2022-08-05,112.5,127.0,797.0,878.0,133.13,,13.75
2022-08-08,115.5,128.9,816.0,886.0,133.13,,13.75
2022-08-09,115.5,128.9,803.0,874.0,133.13,,13.75
2022-08-10,114.35,128.75,805.0,876.0,133.13,,13.75
2022-08-11,115.2,129.4,808.0,881.0,133.13,,13.75
2022-08-15,113.6,128.95,787.0,862.0,135.0,,13.15
2022-08-16,113.05,127.55,786.0,860.0,139.0,609.0,5.6
2022-08-17,112.7,126.1,763.0,840.0,135.0,,13.15
2022-08-18,105.15,117.2,749.0,828.0,135.0,,13.15
2022-08-19,104.75,116.6,763.0,842.0,135.07,,12.77
2022-08-22,104.75,116.6,763.0,843.0,135.07,,12.77
2022-08-23,104.8,111.4,774.0,870.0,135.07,,12.77
2022-08-24,105.3,112.0,774.0,884.0,135.07,,12.77
2022-08-25,107.7,113.25,775.0,901.0,135.07,,12.77
2022-08-26,108.4,115.9,775.0,900.0,135.07,,12.5
2022-08-29,108.8,115.8,763.0,903.0,135.07,,12.5
2022-08-30,107.8,114.15,736.0,875.0,140.0,609.0,5.2
2022-08-31,102.27,111.45,743.0,881.0,135.07,,12.5
2022-09-01,106.2,113.65,749.0,887.0,135.07,,12.5
2022-09-02,106.0,112.9,733.0,868.0,136.21,,12.56
2022-09-05,103.95,112.45,742.0,877.0,136.21,,12.56
2022-09-06,100.9,111.4,750.0,878.0,136.21,,12.56
2022-09-07,99.45,111.05,745.0,871.0,136.21,,12.56
2022-09-08,99.35,110.8,762.0,883.0,136.21,,12.56
2022-09-09,99.35,110.8,763.0,883.0,132.88,,12.32
2022-09-13,100.8,116.0,774.0,890.0,142.0,609.0,4.9
2022-09-14,101.0,109.05,765.0,881.0,132.88,,12.32
2022-09-15,103.5,111.0,775.0,886.0,132.88,,12.32
2022-09-16,103.85,111.5,762.0,862.0,133.24,,12.52
2022-09-19,103.1,110.7,764.0,773.0,133.24,,12.52
2022-09-20,100.44,110.55,780.0,878.0,133.24,,12.52
2022-09-22,99.2,112.87,767.0,867.0,133.24,,12.52
2022-09-23,98.8,111.8,766.0,867.0,128.15,,12.29
2022-09-26,100.15,113.55,759.0,858.0,128.15,,12.29
2022-09-27,100.45,113.75,753.0,880.0,138.0,693.0,4.8
2022-09-28,100.43,124.0,761.0,885.0,128.15,,12.29
2022-09-29,99.64,129.0,760.0,889.0,128.15,,12.29
2022-09-30,97.9,124.0,766.0,890.0,127.09,,11.45
2022-10-03,97.9,109.65,771.0,771.0,127.09,,11.45
2022-10-04,97.9,109.65,771.0,890.0,127.09,,11.45
2022-10-10,104.1,110.0,791.0,916.0,127.09,,11.45
2022-10-11,97.05,109.95,797.0,922.0,132.0,693.0,4.9
2022-10-12,96.8,109.5,764.0,901.0,127.09,,11.45
2022-10-13,96.8,109.5,765.0,905.0,127.09,,11.45
2022-10-17,96.8,109.5,744.0,914.0,126.55,,11.76
2022-10-25,92.8,62.5,726.0,939.0,131.0,693.0,4.6
2022-10-26,92.0,62.5,721.0,925.0,125.82,,12.41
2022-10-27,92.0,102.1,706.0,913.0,125.82,,12.41
2022-10-28,91.95,101.75,675.0,880.0,126.17,,10.9
2022-10-31,92.45,102.15,643.0,857.0,126.17,,10.9
2022-11-02,83.9,94.45,653.0,864.0,126.17,,10.9
2022-11-03,87.2,95.6,648.0,859.0,126.17,,10.9
2022-11-04,87.4,96.35,669.0,875.0,128.73,,10.32
2022-11-07,87.4,96.35,672.0,869.0,128.73,,10.32
2022-11-08,89.5,102.1,688.0,871.0,134.0,781.0,4.1
2022-11-09,90.3,103.0,682.0,849.0,128.73,,10.32
2022-11-10,90.7,103.25,683.0,847.0,128.73,,10.32
2022-11-11,90.8,103.0,693.0,850.0,128.73,,9.73
2022-11-14,92.3,103.5,712.0,853.0,128.73,,9.73
2022-11-15,92.3,103.6,722.0,846.0,128.73,,9.73
2022-11-16,92.95,103.65,729.0,849.0,128.73,,9.73
2022-11-18,95.2,104.3,755.0,856.0,130.2,,9.15
2022-11-21,96.0,103.7,733.0,837.0,130.2,,9.15
2022-11-22,96.8,103.35,740.0,853.0,135.0,861.0,3.7
2022-11-23,96.8,103.35,737.0,862.0,130.2,,9.15
2022-11-24,96.5,103.6,740.0,872.0,130.2,,9.15
2022-11-25,97.75,106.8,765.0,898.0,131.54,,8.88
2022-11-28,99.5,105.55,756.0,894.0,131.54,,8.88
2022-11-29,100.65,109.1,781.0,909.0,131.54,,8.88
2022-11-30,101.0,108.8,768.0,886.0,131.54,,8.88
2022-12-01,101.65,112.47,777.0,888.0,131.54,,8.88
2022-12-02,101.1,112.2,792.0,904.0,129.43,,8.83
2022-12-05,100.1,109.6,815.0,927.0,129.43,,8.83
2022-12-06,106.65,119.3,807.0,919.0,138.0,861.0,3.6
2022-12-07,106.65,118.65,808.0,919.0,129.43,,8.83
2022-12-08,107.2,118.9,807.0,919.0,129.43,,8.83
2022-12-09,108.25,118.4,834.0,946.0,130.44,,8.88
2022-12-12,108.25,118.4,839.0,950.0,130.44,,8.88
2022-12-13,108.25,118.4,755.0,931.0,130.44,,8.88
2022-12-14,108.65,115.5,756.0,922.0,130.44,,8.88
2022-12-15,110.25,115.8,823.0,935.0,130.44,,8.88
2022-12-16,110.25,115.8,824.0,936.0,130.63,,8.71
2022-12-19,110.25,115.8,821.0,944.0,130.63,,8.71
2022-12-20,110.4,114.75,807.0,919.0,136.0,935.0,3.6
2022-12-21,110.4,114.75,830.0,942.0,130.63,,8.71
2022-12-22,111.95,116.75,833.0,945.0,130.63,,8.71
2022-12-23,111.85,114.9,829.0,940.0,130.01,,8.91
2022-12-26,111.85,114.9,831.0,943.0,130.01,,8.91
2022-12-27,112.3,116.75,846.0,958.0,130.01,,8.91
2022-12-28,113.35,116.7,839.0,951.0,130.01,,8.91
2022-12-29,113.35,126.9,842.0,954.0,130.01,,8.91
2022-12-30,113.35,124.55,858.0,970.0,128.47,,9.36
2023-01-03,113.35,124.55,855.0,967.0,134.0,935.0,3.7
2023-01-04,114.2,128.6,848.0,960.0,128.47,,9.36
2023-01-05,114.25,129.3,844.0,956.0,128.47,,9.36
2023-01-06,114.05,129.3,846.0,958.0,127.87,,9.99
2023-01-09,114.05,129.3,833.0,945.0,127.87,,9.99
2023-01-10,118.85,132.1,837.0,949.0,127.87,,9.99
2023-01-11,118.9,132.1,842.0,954.0,127.87,,9.99
2023-01-12,118.9,132.45,860.0,972.0,127.87,,9.99
2023-01-13,118.9,132.45,863.0,975.0,130.19,,11.07
2023-01-16,119.5,133.35,772.0,966.0,130.19,,11.07
2023-01-17,121.0,133.0,772.0,964.0,135.0,935.0,4.5
2023-01-18,120.95,133.0,856.0,968.0,130.19,,11.07
2023-01-19,121.4,133.05,857.0,969.0,130.19,,11.07
2023-01-20,122.1,133.7,858.0,970.0,128.43,,12.6
2023-01-23,122.1,133.7,858.0,970.0,128.43,,12.6
2023-01-24,122.1,133.7,858.0,970.0,128.43,,12.6
2023-01-25,122.5,134.15,858.0,970.0,128.43,,12.6
2023-01-26,123.1,134.5,858.0,970.0,128.43,,12.6
2023-01-27,123.1,134.5,858.0,970.0,128.43,,12.6
2023-01-30,123.15,136.7,896.0,1008.0,128.43,,12.6
2023-01-31,128.5,136.7,777.0,1003.0,134.0,1013.0,5.2
2023-02-01,128.5,136.7,777.0,989.0,128.43,,12.6
2023-02-02,127.7,135.2,778.0,974.0,128.43,,12.6
2023-02-03,127.1,136.9,869.0,981.0,135.31,,18.09
2023-02-06,127.1,136.9,871.0,983.0,135.31,,18.09
2023-02-07,127.1,136.9,880.0,992.0,135.31,,18.09
2023-02-08,127.1,136.9,863.0,975.0,135.31,,18.09
2023-02-09,127.1,136.9,881.0,993.0,135.31,,18.09
2023-02-10,127.1,136.9,876.0,988.0,136.09,,19.42
2023-02-13,127.1,136.75,876.0,988.0,136.09,,19.42
2023-02-14,127.1,136.75,871.0,982.0,138.0,1013.0,7.8
2023-02-15,125.65,137.24,877.0,989.0,136.09,,19.42
2023-02-16,126.42,137.35,892.0,1004.0,136.09,,19.42
2023-02-17,126.42,137.35,901.0,1012.0,137.11,,19.88
2023-02-20,126.42,137.35,908.0,1019.0,137.11,,19.88
2023-02-21,129.65,140.37,924.0,1036.0,137.11,,19.88
2023-02-23,129.65,140.37,922.0,1034.0,137.11,,19.88
2023-02-24,129.65,140.37,922.0,1034.0,138.11,,19.48
2023-02-28,128.45,143.2,869.0,1023.0,143.0,1013.0,8.4
2023-03-01,128.45,143.2,928.0,1040.0,138.11,,19.48
2023-03-02,128.45,143.2,931.0,1042.0,138.11,,19.48
2023-03-03,128.0,143.15,936.0,1047.0,136.26,,19.65
2023-03-06,128.0,143.15,869.0,1042.0,136.26,,19.65
2023-03-07,127.48,142.85,939.0,1051.0,136.26,,19.65
2023-03-08,128.84,143.28,869.0,1030.0,136.26,,19.65
2023-03-09,128.59,146.73,921.0,1032.0,136.26,,19.65
2023-03-10,128.87,111.0,929.0,1040.0,134.06,,18.89
2023-03-13,133.45,147.55,948.0,1060.0,134.06,,18.89
2023-03-14,133.65,147.35,947.0,1060.0,139.0,1013.0,8.2
2023-03-15,133.65,147.35,939.0,1051.0,134.06,,18.89
2023-03-16,136.65,146.85,940.0,1052.0,134.06,,18.89
2023-03-17,136.65,146.85,933.0,1045.0,133.12,,18.18
2023-03-20,136.65,146.85,909.0,1020.0,133.12,,18.18
2023-03-21,136.65,146.85,909.0,1021.0,133.12,,18.18
2023-03-22,138.05,145.2,912.0,1024.0,133.12,,18.18
2023-03-23,138.17,143.25,906.0,1018.0,133.12,,18.18
2023-03-24,138.15,143.25,902.0,1014.0,132.5,,17.84
2023-03-27,138.15,143.25,900.0,1012.0,132.5,,17.84
2023-03-28,141.57,144.92,902.0,1014.0,137.0,169.0,7.8
2023-03-29,141.57,144.92,913.0,1024.0,132.5,,17.84
2023-03-30,141.57,144.92,915.0,1027.0,132.5,,17.84
2023-03-31,144.75,148.8,939.0,1051.0,131.02,,17.31
2023-04-03,144.75,148.8,909.0,1023.0,131.02,,17.31
2023-04-04,144.75,148.4,894.0,1006.0,131.02,,17.31
2023-04-06,144.75,148.4,904.0,1016.0,131.02,,17.31
2023-04-10,144.75,148.4,891.0,1002.0,127.87,,17.08
2023-04-11,112.93,123.1,898.0,,137.0,169.0,7.7
2023-04-13,146.75,147.4,901.0,1013.0,127.87,,17.08
2023-04-14,146.75,147.4,895.0,1007.0,125.77,,16.87
2023-04-17,145.75,147.45,892.0,1003.0,125.77,,16.87
2023-04-18,145.75,146.1,893.0,1005.0,125.77,,16.87
2023-04-19,145.75,147.45,914.0,1026.0,125.77,,16.87
2023-04-20,145.75,149.1,892.0,1004.0,125.77,,16.87
2023-04-21,145.75,149.1,858.0,970.0,126.95,,16.39
2023-04-25,145.75,149.1,818.0,930.0,132.0,262.0,7.3
2023-04-26,140.5,145.1,828.0,940.0,126.95,,16.39
2023-04-27,140.5,145.1,844.0,955.0,126.95,,16.39
2023-04-28,140.5,145.1,829.0,940.0,125.16,,15.86
2023-05-02,140.5,145.1,829.0,940.0,125.16,,15.86
2023-05-03,140.5,145.1,829.0,940.0,125.16,,15.86
2023-05-04,111.6,132.15,822.0,934.0,125.16,,15.86
2023-05-05,111.6,132.15,811.0,923.0,125.16,,15.86
2023-05-08,111.6,132.15,812.0,923.0,129.0,262.0,6.7
2023-05-09,106.01,122.81,805.0,917.0,125.16,,15.86
2023-05-10,106.01,122.81,804.0,916.0,125.16,,15.86
2023-05-11,105.15,123.1,790.0,902.0,125.16,,15.86
2023-05-12,105.15,123.1,807.0,919.0,122.43,,14.89
2023-05-15,105.15,123.1,821.0,933.0,122.43,,14.89
2023-05-16,104.75,122.55,831.0,943.0,122.43,,14.89
2023-05-17,104.75,122.55,829.0,940.0,122.43,,14.89
2023-05-18,114.93,122.55,,,,,
2023-05-19,105.45,122.55,824.0,935.0,124.38,,14.08
2023-05-22,105.45,122.55,809.0,921.0,124.38,,14.08
2023-05-23,105.45,122.55,799.0,911.0,127.0,354.0,6.1
2023-05-24,104.44,122.52,778.0,890.0,124.38,,14.08
2023-05-25,100.42,124.01,770.0,881.0,124.38,,14.08
2023-05-26,100.4,127.89,771.0,883.0,124.39,,13.55
2023-05-29,100.6,127.65,772.0,884.0,124.39,,13.55
2023-05-30,100.95,127.5,802.0,914.0,124.39,,13.55
2023-05-31,103.1,127.05,804.0,916.0,124.39,,13.55
2023-06-01,105.8,133.6,819.0,931.0,124.39,,13.55
2023-06-02,105.8,133.6,833.0,944.0,123.66,,12.89
2023-06-05,105.8,133.6,846.0,957.0,123.66,,12.89
2023-06-06,107.68,134.08,850.0,961.0,127.0,354.0,5.6
2023-06-07,107.68,134.08,845.0,957.0,123.66,,12.89
2023-06-08,110.09,129.26,848.0,959.0,123.66,,12.89
2023-06-09,110.09,129.26,862.0,973.0,122.58,,12.23
2023-06-12,109.85,132.55,851.0,962.0,122.58,,12.23
2023-06-13,109.85,132.55,868.0,980.0,122.58,,12.23
2023-06-14,109.9,135.9,868.0,980.0,122.58,,12.23
2023-06-15,110.0,137.25,872.0,984.0,122.58,,12.23
2023-06-16,110.1,137.25,874.0,986.0,124.65,,11.84
2023-06-19,110.1,137.25,877.0,988.0,124.65,,11.84
2023-06-20,113.75,136.59,875.0,986.0,126.0,445.0,5.4
2023-06-21,113.43,136.18,869.0,980.0,124.65,,11.84
2023-06-26,113.43,136.18,864.0,975.0,124.65,,11.84
2023-06-27,113.92,137.63,878.0,989.0,124.65,,11.84
2023-06-28,114.5,139.71,881.0,992.0,124.65,,11.84
2023-06-29,114.5,139.71,894.0,1006.0,124.65,,11.84
2023-06-30,114.5,139.71,893.0,1005.0,123.56,,11.97
2023-07-03,114.75,142.0,900.0,1011.0,123.56,,11.97
2023-07-04,113.71,112.0,889.0,1001.0,126.0,445.0,5.4
2023-07-05,104.15,142.65,887.0,999.0,123.56,,11.97
2023-07-06,115.4,142.95,888.0,1000.0,123.56,,11.97
2023-07-07,115.4,142.95,892.0,1004.0,122.56,,12.1
2023-07-10,112.61,142.7,882.0,993.0,122.56,,12.1
2023-07-11,112.61,142.7,868.0,979.0,122.56,,12.1
2023-07-17,111.5,145.8,886.0,997.0,121.37,,12.2
2023-07-18,111.5,145.8,896.0,1007.0,123.0,536.0,5.5
2023-07-19,113.61,112.0,898.0,1010.0,121.37,,12.2
2023-07-20,113.56,111.0,905.0,1016.0,121.37,,12.2
2023-07-21,113.52,111.0,903.0,1014.0,122.04,,12.11
2023-07-24,113.47,111.0,912.0,1023.0,122.04,,12.11
2023-07-25,113.43,112.0,913.0,1025.0,122.04,,12.11
2023-07-26,113.41,112.0,923.0,1035.0,122.04,,12.11
2023-07-27,113.39,112.0,918.0,1030.0,122.04,,12.11
2023-07-28,113.37,112.0,898.0,1010.0,120.98,,12.04
2023-07-31,113.36,111.0,888.0,999.0,120.98,,12.04
2023-08-01,113.34,112.0,885.0,997.0,122.0,536.0,5.5
2023-08-02,113.33,112.0,886.0,998.0,120.98,,12.04
2023-08-03,113.31,119.0,879.0,998.0,120.98,,12.04
2023-08-04,113.3,112.0,866.0,978.0,119.76,,12.43
2023-08-07,113.29,112.0,851.0,963.0,119.76,,12.43
2023-08-08,113.29,112.0,851.0,963.0,119.76,,12.43
2023-08-09,113.28,112.0,846.0,958.0,119.76,,12.43
2023-08-10,113.27,112.0,839.0,951.0,119.76,,12.43
2023-08-11,113.27,112.0,842.0,954.0,116.35,,12.73
2023-08-14,113.26,111.0,841.0,952.0,116.35,,12.73
2023-08-15,113.26,112.0,847.0,959.0,117.0,536.0,5.8
2023-08-16,113.24,112.0,847.0,959.0,116.35,,12.73
2023-08-17,113.22,112.0,849.0,961.0,116.35,,12.73
2023-08-18,113.21,112.0,869.0,981.0,117.34,,12.58
2023-08-21,113.19,112.0,870.0,981.0,117.34,,12.58
2023-08-22,113.17,112.0,881.0,993.0,117.34,,12.58
2023-08-23,113.15,112.0,890.0,1002.0,117.34,,12.58
2023-08-24,113.15,111.0,898.0,1009.0,117.34,,12.58
2023-08-25,113.1,112.0,913.0,1024.0,117.11,,12.41
2023-08-28,107.8,145.85,913.0,1025.0,117.11,,12.41
2023-08-29,113.06,112.0,889.0,1001.0,119.0,627.0,5.6
2023-08-30,105.95,126.05,896.0,1008.0,117.11,,12.41
2023-08-31,105.95,126.05,925.0,1037.0,117.11,,12.41
2023-09-01,105.95,126.05,931.0,1042.0,118.22,,12.39
2023-09-04,105.95,126.6,925.0,1037.0,118.22,,12.39
2023-09-05,105.75,128.25,925.0,1037.0,118.22,,12.39
2023-09-06,106.05,130.1,936.0,1048.0,118.22,,12.39
2023-09-07,105.4,128.65,926.0,1037.0,118.22,,12.39
2023-09-08,105.4,128.65,917.0,1028.0,115.67,,12.19
2023-09-12,,,,,116.0,627.0,5.6
2023-09-13,106.35,132.69,930.0,1042.0,115.67,,12.19
2023-09-14,104.62,134.67,939.0,1051.0,115.67,,12.19
2023-09-15,104.7,136.0,953.0,1064.0,115.42,,11.89
2023-09-18,101.85,135.3,959.0,1070.0,115.42,,11.89
2023-09-19,99.2,135.15,947.0,1059.0,115.42,,11.89
2023-09-20,103.2,135.55,968.0,1080.0,115.42,,11.89
2023-09-21,103.2,135.55,964.0,1075.0,115.42,,11.89
2023-09-22,103.2,135.55,978.0,1090.0,112.55,,11.6
2023-09-25,103.2,135.55,968.0,1079.0,112.55,,11.6
2023-09-26,103.2,135.55,960.0,1071.0,111.0,713.0,5.2
2023-09-27,103.49,135.34,951.0,1063.0,112.55,,11.6
2023-09-28,104.07,134.02,951.0,1062.0,112.55,,11.6
2023-09-29,104.07,134.02,951.0,1062.0,112.55,,11.6
2023-10-02,104.07,134.02,951.0,1062.0,112.55,,11.6
2023-10-03,104.07,134.02,951.0,1062.0,112.55,,11.6
2023-10-04,104.07,134.02,951.0,1062.0,112.55,,11.6
2023-10-05,104.07,134.02,951.0,1062.0,112.55,,11.6
2023-10-06,104.07,134.02,951.0,1062.0,112.55,,11.6
2023-10-09,105.0,133.75,950.0,1062.0,112.55,,11.6
2023-10-10,106.0,132.0,938.0,1050.0,109.0,713.0,5.0
2023-10-11,106.05,131.85,928.0,1040.0,112.55,,11.6
2023-10-12,106.05,131.85,955.0,1067.0,112.55,,11.6
2023-10-13,107.6,131.11,953.0,1065.0,105.56,,12.13
2023-10-16,107.85,135.65,953.0,1065.0,105.56,,12.13
2023-10-17,107.87,138.17,959.0,1071.0,105.56,,12.13
2023-10-18,107.87,138.17,953.0,1065.0,105.56,,12.13
2023-10-19,107.83,138.96,951.0,1062.0,105.56,,12.13
2023-10-20,108.25,138.95,944.0,1056.0,105.01,,11.46
2023-10-23,108.25,138.95,928.0,1040.0,105.01,,11.46
2023-10-24,,,,,105.0,795.0,4.7
2023-10-25,107.46,136.4,931.0,1043.0,105.01,,11.46
2023-10-26,107.9,136.43,945.0,1057.0,105.01,,11.46
2023-10-27,106.54,136.66,953.0,1065.0,105.75,,10.94
2023-10-30,106.8,139.5,966.0,1078.0,105.75,,10.94
2023-10-31,106.96,140.11,964.0,1076.0,105.75,,10.94
2023-11-01,111.04,140.11,975.0,1087.0,105.75,,10.94
2023-11-02,114.52,140.11,970.0,1082.0,105.75,,10.94
2023-11-03,114.52,140.11,969.0,1081.0,107.55,,10.42
2023-11-06,118.1,150.4,984.0,1096.0,107.55,,10.42
2023-11-07,118.1,150.6,984.0,1096.0,107.0,795.0,4.1
2023-11-08,118.1,150.6,987.0,1099.0,107.55,,10.42
2023-11-09,118.1,150.6,973.0,1085.0,107.55,,10.42
2023-11-10,118.1,150.6,975.0,1087.0,110.75,,10.02
2023-11-13,119.1,152.55,982.0,1094.0,110.75,,10.02
2023-11-14,124.25,154.5,1000.0,1112.0,110.75,,10.02
2023-11-15,126.95,155.8,998.0,1110.0,110.75,,10.02
2023-11-16,125.5,146.2,987.0,1098.0,110.75,,10.02
2023-11-20,125.5,146.2,993.0,1105.0,109.85,,9.8
2023-11-21,129.8,149.45,997.0,1109.0,108.0,875.0,3.7
2023-11-22,130.5,151.45,1003.0,1114.0,109.85,,9.8
2023-11-23,130.5,151.45,996.0,1108.0,109.85,,9.8
2023-11-24,131.7,155.62,997.0,1108.0,110.49,,9.6
2023-11-27,135.08,156.43,997.0,1109.0,110.49,,9.6
2023-11-28,135.08,156.43,993.0,1105.0,110.49,,9.6
2023-11-29,135.78,157.09,991.0,1103.0,110.49,,9.6
2023-11-30,135.6,157.55,994.0,1106.0,110.49,,9.6
2023-12-01,135.8,157.55,995.0,1107.0,112.08,,9.8
2023-12-04,135.6,159.15,992.0,1104.0,112.08,,9.8
2023-12-05,135.6,159.15,981.0,1093.0,111.0,875.0,3.6
2023-12-06,135.6,162.6,971.0,1083.0,112.08,,9.8
2023-12-07,135.65,171.8,1013.0,1125.0,112.08,,9.8
2023-12-08,135.65,171.8,1020.0,1032.0,115.1,,9.6
2023-12-11,134.6,158.39,1006.0,1117.0,115.1,,9.6
2023-12-12,134.6,159.55,1019.0,1130.0,115.1,,9.6
2023-12-13,134.6,159.55,1017.0,1028.0,115.1,,9.6
2023-12-14,134.69,159.76,1023.0,1135.0,115.1,,9.6
2023-12-15,134.69,159.72,1020.0,1132.0,113.39,,9.63
2023-12-18,133.8,160.09,1004.0,1116.0,113.39,,9.63
2023-12-19,132.2,158.25,1002.0,1114.0,114.0,952.0,3.5
2023-12-20,134.83,158.25,1006.0,1118.0,113.39,,9.63
2023-12-21,136.02,165.96,1021.0,1132.0,113.39,,9.63
2023-12-22,136.28,165.96,1034.0,1146.0,115.62,,9.55
2023-12-27,137.55,165.96,1047.0,1159.0,115.62,,9.55
2023-12-28,137.3,168.37,1045.0,1156.0,115.62,,9.55
2024-01-03,142.2,112.0,1061.0,1173.0,116.83,,9.51
2024-01-05,142.65,167.5,1061.0,1172.0,119.31,,9.78
2024-01-08,141.62,112.0,1050.0,1162.0,119.31,,9.78
2024-01-09,141.62,166.06,1057.0,1169.0,116.0,952.0,3.9
2024-01-12,138.85,164.4,1044.0,1156.0,122.85,,9.96
2024-01-15,138.85,164.4,1030.0,1142.0,122.85,,9.96
2024-01-16,137.2,163.3,1030.0,1142.0,122.85,,9.96
2024-01-17,137.2,163.3,1023.0,1132.0,122.85,,9.96
2024-01-18,138.1,154.65,1017.0,1132.0,122.85,,9.96
2024-01-19,138.1,154.65,1018.0,1129.0,123.27,,10.26
2024-01-22,134.9,148.57,1024.0,1136.0,123.27,,10.26
2024-01-23,135.3,148.57,1029.0,1141.0,122.0,1019.0,4.2
2024-01-26,139.65,168.6,1041.0,1153.0,124.62,,10.48
2024-01-29,142.15,171.65,1046.0,1157.0,124.62,,10.48
2024-01-30,142.15,171.65,1044.0,1155.0,124.62,,10.48
2024-01-31,141.25,112.0,1037.0,1149.0,124.62,,10.48
2024-02-01,141.25,171.45,1033.0,1145.0,124.62,,10.48
2024-02-02,139.05,166.3,1029.0,1140.0,126.26,,10.68
2024-02-05,137.5,163.7,1027.0,1139.0,126.26,,10.68
2024-02-06,137.5,163.7,1027.0,1139.0,125.0,1019.0,5.0
2024-02-15,137.5,163.7,877.0,877.0,126.26,,10.68
2024-02-16,137.5,163.7,877.0,1139.0,126.26,,10.68
2024-02-19,137.5,163.7,1029.0,1141.0,126.26,,10.68
2024-02-20,133.33,164.8,1005.0,1162.0,126.0,1019.0,5.6
2024-02-21,130.9,158.8,987.0,1099.0,126.26,,10.68
2024-02-22,131.0,158.8,978.0,1089.0,126.26,,10.68
2024-02-23,131.0,158.8,974.0,1086.0,132.64,,11.16
2024-02-26,131.0,158.8,957.0,1068.0,132.64,,11.16
2024-02-27,128.18,158.7,957.0,1068.0,132.64,,11.16
2024-02-28,125.15,158.85,955.0,1066.0,132.64,,11.16
2024-02-29,125.15,158.85,944.0,1056.0,132.64,,11.16
2024-03-01,124.6,157.4,923.0,1035.0,135.47,,12.17
2024-03-04,124.3,157.9,925.0,1037.0,135.47,,12.17
2024-03-05,124.1,158.8,920.0,1032.0,135.0,1019.0,8.1
2024-03-06,124.1,158.8,917.0,1029.0,135.47,,12.17
2024-03-07,124.4,158.9,915.0,1027.0,135.47,,12.17
2024-03-08,123.5,158.7,903.0,1014.0,138.06,,13.9
2024-03-11,122.4,158.05,872.0,984.0,138.06,,13.9
2024-03-12,121.0,157.15,867.0,978.0,138.06,,13.9
2024-03-13,121.0,157.15,853.0,964.0,138.06,,13.9
2024-03-14,109.4,156.7,844.0,955.0,138.06,,13.9
2024-03-18,115.1,156.6,822.0,934.0,139.15,,16.75
2024-03-19,115.35,128.45,832.0,944.0,141.0,1019.0,8.3
2024-03-20,115.05,126.5,830.0,942.0,139.15,,16.75
2024-03-21,115.0,126.3,840.0,952.0,139.15,,16.75
2024-03-22,113.95,126.6,839.0,951.0,139.69,,18.35
2024-03-25,113.95,126.6,841.0,953.0,139.69,,18.35
2024-03-26,109.3,112.0,835.0,947.0,139.69,,18.35
2024-03-27,107.02,112.0,828.0,939.0,139.69,,18.35
2024-03-28,107.1,121.75,824.0,936.0,139.69,,18.35
2024-03-29,106.48,121.35,809.0,921.0,140.18,,18.15
2024-04-01,105.86,119.93,815.0,927.0,140.18,,18.15
2024-04-02,116.42,119.58,810.0,922.0,142.0,168.0,7.9
2024-04-03,104.67,116.35,801.0,913.0,140.18,,18.15
2024-04-08,107.2,117.85,819.0,930.0,140.18,,18.15
2024-04-09,107.55,119.05,833.0,945.0,140.18,,18.15
2024-04-10,107.15,119.3,833.0,945.0,140.18,,18.15
2024-04-11,108.35,120.08,834.0,945.0,140.18,,18.15
2024-04-12,110.34,121.86,843.0,955.0,140.68,,16.25
2024-04-16,109.92,121.11,843.0,955.0,144.0,168.0,7.4
2024-04-17,113.36,125.48,870.0,981.0,140.68,,16.25
2024-04-18,114.56,127.07,884.0,996.0,140.68,,16.25
2024-04-19,114.56,127.07,883.0,996.0,141.54,,15.23
2024-04-22,117.53,127.76,880.0,880.0,141.54,,15.23
2024-04-23,117.8,127.78,877.0,988.0,141.54,,15.23
2024-04-24,119.99,133.25,896.0,1007.0,141.54,,15.23
2024-04-26,120.19,134.8,894.0,1006.0,143.46,,14.38
2024-04-29,120.44,132.25,892.0,880.0,143.46,,14.38
2024-04-30,,,,,145.0,257.0,6.8
2024-05-06,121.65,136.29,908.0,1019.0,143.46,,14.38
2024-05-07,120.25,137.63,907.0,1019.0,143.46,,14.38
2024-05-08,118.97,136.75,896.0,880.0,143.46,,14.38
2024-05-10,120.93,137.98,887.0,880.0,142.71,,13.65
2024-05-13,121.92,138.8,891.0,1003.0,142.71,,13.65
2024-05-14,120.4,133.94,886.0,880.0,145.0,257.0,6.3
2024-05-15,119.68,131.77,884.0,996.0,142.71,,13.65
2024-05-16,119.72,131.09,891.0,1003.0,142.71,,13.65
2024-05-17,120.21,135.45,893.0,1004.0,143.98,,12.97
2024-05-20,120.8,136.95,897.0,1009.0,143.98,,12.97
2024-05-21,121.15,137.85,900.0,1011.0,143.98,,12.97
2024-05-22,121.42,138.4,903.0,1015.0,143.98,,12.97
2024-05-23,120.6,137.35,899.0,1012.0,143.98,,12.97
2024-05-24,120.1,136.64,901.0,1013.0,144.4,,12.48
2024-05-27,119.47,136.43,899.0,1011.0,144.4,,12.48
2024-05-28,118.56,135.47,895.0,1007.0,145.0,344.0,6.1
2024-05-29,120.45,135.83,893.0,1005.0,144.4,,12.48
2024-05-30,117.88,134.42,886.0,998.0,144.4,,12.48
2024-06-03,115.0,132.3,872.0,984.0,144.55,,12.38
2024-06-04,111.95,131.65,865.0,976.0,144.55,,12.38
2024-06-05,110.3,128.66,863.0,975.0,144.55,,12.38
2024-06-06,111.15,128.66,865.0,976.0,144.55,,12.38
2024-06-07,110.15,126.25,865.0,977.0,145.45,,12.49
2024-06-11,,,,,147.0,344.0,5.7
2024-06-13,111.71,124.36,830.0,942.0,145.45,,12.49
2024-06-14,111.46,123.54,836.0,948.0,145.23,,12.71
2024-06-17,110.35,123.54,834.0,945.0,145.23,,12.71
2024-06-19,110.73,124.58,846.0,958.0,145.23,,12.71
2024-06-20,110.7,124.63,843.0,955.0,145.23,,12.71
2024-06-25,108.21,122.64,822.0,934.0,147.0,439.0,5.8
2024-06-27,109.78,122.93,825.0,936.0,145.1,,12.63
2024-07-01,110.6,124.0,834.0,946.0,145.44,,12.81
2024-07-08,110.86,124.31,849.0,960.0,146.04,,12.84
2024-07-09,111.04,125.11,845.0,957.0,149.0,439.0,5.9
2024-07-10,108.0,124.1,830.0,942.0,146.04,,12.84
2024-07-11,109.17,125.63,843.0,954.0,146.04,,12.84
2024-07-12,109.71,125.68,843.0,954.0,146.22,,12.94
2024-07-15,109.5,125.7,846.0,958.0,146.22,,12.94
2024-07-16,108.9,125.3,843.0,955.0,146.22,,12.94
2024-07-17,108.55,126.6,829.0,940.0,146.22,,12.94
2024-07-18,107.65,125.85,832.0,944.0,146.22,,12.94
2024-07-19,107.8,124.3,826.0,938.0,147.59,,12.86
2024-07-22,107.42,122.47,824.0,936.0,147.59,,12.86
2024-07-23,104.47,121.41,811.0,922.0,150.0,531.0,5.9
2024-07-24,103.23,120.85,808.0,920.0,147.59,,12.86
2024-07-25,103.21,118.31,798.0,910.0,147.59,,12.86
2024-07-26,103.74,118.22,801.0,913.0,149.05,,12.88
2024-07-29,103.3,116.3,799.0,911.0,149.05,,12.88
2024-07-30,100.45,115.19,791.0,902.0,149.05,,12.88
2024-07-31,101.22,115.19,795.0,907.0,149.05,,12.88
2024-08-01,103.58,115.79,800.0,912.0,149.05,,12.88
2024-08-05,104.39,116.56,806.0,918.0,147.29,,12.83
2024-08-06,103.67,116.45,800.0,912.0,152.0,531.0,5.8
2024-08-07,102.41,116.88,792.0,904.0,147.29,,12.83
2024-08-08,101.63,117.15,781.0,893.0,147.29,,12.83
2024-08-09,101.71,118.04,779.0,891.0,146.68,,12.61
2024-08-12,100.6,117.78,771.0,883.0,146.68,,12.61
2024-08-13,100.73,117.76,761.0,873.0,146.68,,12.61
2024-08-14,96.68,115.97,756.0,868.0,146.68,,12.61
2024-08-15,98.15,114.1,743.0,855.0,146.68,,12.61
2024-08-16,95.9,112.07,737.0,849.0,147.16,,12.3
2024-08-19,96.99,113.03,746.0,857.0,147.16,,12.3
2024-08-20,96.96,113.29,747.0,859.0,150.0,614.0,5.5
2024-08-21,96.2,110.6,753.0,865.0,147.16,,12.3
2024-08-22,96.61,108.5,743.0,855.0,147.16,,12.3
2024-08-23,94.9,107.6,740.0,852.0,147.13,,11.87
2024-08-26,96.96,113.32,750.0,861.0,147.13,,11.87
2024-08-27,97.26,112.58,751.0,863.0,147.13,,11.87
2024-08-28,96.77,112.52,751.0,863.0,147.13,,11.87
2024-08-29,98.47,111.49,757.0,869.0,147.13,,11.87
2024-08-30,98.47,111.49,755.0,866.0,150.47,,11.15
2024-09-02,97.58,105.31,735.0,880.0,150.47,,11.15
2024-09-03,96.76,102.35,726.0,838.0,151.0,614.0,4.8
2024-09-04,94.77,100.88,719.0,880.0,150.47,,11.15
2024-09-05,92.04,99.21,708.0,880.0,150.47,,11.15
2024-09-09,91.35,98.28,714.0,826.0,150.72,,10.65
2024-09-10,90.4,98.92,711.0,823.0,150.72,,10.65
2024-09-11,91.19,99.9,715.0,827.0,150.72,,10.65
2024-09-12,91.95,101.65,722.0,834.0,150.72,,10.65
2024-09-17,,,,,149.0,691.0,3.8
2024-09-18,91.43,100.85,699.0,811.0,150.72,,9.91
2024-09-19,92.44,100.96,713.0,825.0,150.72,,9.91
2024-09-20,91.85,100.26,707.0,819.0,150.0,,9.58
2024-09-23,89.79,100.04,683.0,794.0,150.0,,9.58
2024-09-24,94.37,102.96,700.0,812.0,150.0,,9.58
2024-09-25,97.24,103.71,712.0,823.0,150.0,,9.58
2024-09-30,,,,,,,
2024-10-01,,,,,146.0,691.0,3.2
2024-10-15,,,,,146.0,691.0,3.2
2024-10-29,,,,,148.0,768.0,3.0
2024-11-12,,,,,150.0,768.0,2.9
2024-11-26,103.0,115.05,782.0,894.0,151.0,851.0,3.0
2024-11-27,104.0,114.0,788.0,900.0,148.86,,18.02
2024-11-28,103.0,112.0,787.0,899.0,148.86,,18.02
2024-11-29,103.81,110.86,793.0,904.0,147.3,,18.02
2024-12-02,104.96,112.1,799.0,911.0,147.3,,18.02
2024-12-03,106.65,114.9,804.0,916.0,147.3,,18.02
2024-12-04,106.92,115.36,805.0,917.0,147.3,,18.02
2024-12-05,107.95,116.4,795.0,907.0,147.3,,18.02
2024-12-06,107.75,116.94,793.0,905.0,145.84,,18.02
2024-12-09,107.8,117.6,798.0,910.0,145.84,,18.02
2024-12-10,109.61,118.09,803.0,915.0,146.0,851.0,3.1
2024-12-11,109.48,117.27,802.0,914.0,145.84,,18.02
2024-12-12,109.96,118.58,806.0,918.0,145.84,,18.02
2024-12-13,108.59,118.57,802.0,914.0,146.66,,18.02
2024-12-16,108.45,118.6,800.0,912.0,146.66,,18.02
2024-12-17,106.0,118.6,799.0,910.0,146.66,,18.02
2024-12-18,105.0,117.85,788.0,899.0,146.66,,18.02
2024-12-19,102.65,116.1,782.0,894.0,146.66,,18.02
2024-12-20,101.15,114.69,777.0,889.0,145.85,,18.02
2024-12-23,101.77,114.71,779.0,891.0,145.85,,18.02
2024-12-24,101.39,114.26,782.0,893.0,145.85,,18.02
2024-12-27,99.5,111.53,775.0,887.0,144.99,,18.02
2024-12-30,100.2,112.49,779.0,891.0,144.99,,18.02
2024-12-31,100.33,111.63,779.0,891.0,144.99,,18.02
2025-01-02,101.18,111.05,781.0,893.0,144.99,,18.02
2025-01-03,99.45,110.29,771.0,883.0,145.22,,18.02
2025-01-07,98.15,107.63,767.0,879.0,145.0,929.0,2.9
2025-01-08,95.7,105.89,768.0,880.0,145.22,,18.02
2025-01-09,96.1,106.88,771.0,883.0,145.22,,18.02
2025-01-10,96.1,106.88,771.0,883.0,146.33,,18.02
2025-01-13,97.4,107.04,777.0,889.0,146.33,,18.02
2025-01-15,99.26,107.87,786.0,898.0,146.33,,18.02
2025-01-16,100.36,106.92,794.0,906.0,146.33,,18.02
2025-01-17,101.06,108.03,801.0,913.0,146.63,,18.02
2025-01-20,101.06,108.03,803.0,915.0,146.63,,18.02
2025-01-21,,,,,146.0,1005.0,3.1
2025-01-22,102.04,108.79,807.0,919.0,146.63,,18.02
2025-01-23,102.85,110.24,806.0,919.0,146.63,,18.02
2025-01-24,104.34,111.58,809.0,921.0,145.28,,18.02
2025-02-04,,,,,146.0,1005.0,3.4
2025-02-05,104.34,111.58,808.0,919.0,145.28,,18.02
2025-02-06,105.88,116.8,813.0,925.0,145.28,,18.02
2025-02-07,105.8,116.8,818.0,930.0,149.91,,18.02
2025-02-10,107.49,119.99,822.0,934.0,149.91,,18.02
2025-02-11,107.05,121.48,819.0,931.0,149.91,,18.02
2025-02-12,107.15,122.21,826.0,938.0,149.91,,18.02
2025-02-13,107.08,119.84,823.0,935.0,149.91,,18.02
2025-02-14,106.62,122.37,820.0,932.0,149.96,,18.02
2025-02-17,105.8,123.85,817.0,929.0,149.96,,18.02
2025-02-18,106.7,125.1,822.0,933.0,148.0,1005.0,5.5
2025-02-19,106.7,125.1,824.0,936.0,149.96,,18.02
2025-02-20,106.7,126.65,829.0,941.0,149.96,,18.02
2025-02-21,106.7,125.74,836.0,948.0,149.18,,18.02
2025-02-24,106.41,124.23,827.0,939.0,149.18,,18.02
2025-02-25,105.57,122.58,822.0,934.0,149.18,,18.02
2025-02-26,105.01,121.74,819.0,930.0,149.18,,18.02
2025-02-27,104.71,121.21,816.0,928.0,149.18,,18.02
2025-02-28,102.86,121.21,815.0,927.0,148.16,,18.02
2025-03-03,101.84,113.6,797.0,909.0,148.16,,18.02
2025-03-04,101.0,113.55,794.0,906.0,145.0,1005.0,6.2
2025-03-05,99.65,107.36,788.0,899.0,148.16,,18.02
2025-03-06,100.75,111.0,787.0,898.0,148.16,,18.02
2025-03-07,101.4,111.15,790.0,902.0,142.97,,18.02
2025-03-10,100.56,110.8,787.0,899.0,142.97,,18.02
2025-03-11,101.5,110.7,788.0,900.0,142.97,,18.02
2025-03-12,100.66,110.74,783.0,894.0,142.97,,18.02
2025-03-13,102.71,112.71,787.0,898.0,142.97,,18.02
2025-03-14,104.55,113.6,794.0,906.0,141.17,,18.02
2025-03-17,103.2,113.16,788.0,899.0,141.17,,18.02
2025-03-18,103.7,113.35,788.0,899.0,139.0,166.0,6.3
2025-03-19,102.2,113.25,778.0,889.0,141.17,,18.02
2025-03-20,103.0,112.8,779.0,890.0,141.17,,18.02
2025-03-21,102.3,111.5,777.0,889.0,141.44,,18.02
2025-03-24,103.2,112.64,791.0,903.0,141.44,,18.02
2025-03-25,102.61,112.03,787.0,899.0,141.44,,18.02
2025-03-26,103.47,112.79,789.0,901.0,141.44,,18.02
2025-03-27,104.64,113.71,793.0,904.0,141.44,,18.02
2025-03-28,104.84,114.29,792.0,904.0,142.02,,18.02
2025-03-31,104.16,113.16,780.0,892.0,142.02,,18.02
2025-04-01,105.35,113.25,791.0,903.0,138.0,166.0,6.1
2025-04-02,104.75,112.64,790.0,902.0,142.02,,18.02
2025-04-03,104.56,112.66,787.0,899.0,142.02,,18.02
2025-04-07,102.47,112.56,779.0,891.0,142.02,,18.02
2025-04-08,100.41,110.75,761.0,873.0,142.02,,18.02
2025-04-09,98.48,107.27,755.0,867.0,142.02,,18.02
2025-04-10,99.6,109.56,764.0,876.0,142.02,,18.02
2025-04-11,99.41,109.94,766.0,877.0,140.62,,18.02
2025-04-14,99.73,109.94,766.0,877.0,140.62,,18.02
2025-04-15,100.9,110.75,772.0,883.0,138.0,166.0,5.8
2025-04-16,100.9,110.75,771.0,882.0,140.62,,18.02
2025-04-17,100.45,110.75,768.0,880.0,140.62,,18.02
2025-04-18,100.45,109.16,758.0,870.0,137.84,,18.02
2025-04-21,102.81,109.56,765.0,877.0,137.84,,18.02
2025-04-22,101.88,106.98,770.0,882.0,137.84,,18.02
2025-04-23,103.15,107.43,775.0,887.0,137.84,,18.02
2025-04-24,103.33,107.43,773.0,885.0,137.84,,18.02
2025-04-25,102.72,106.54,770.0,881.0,139.94,,18.02
2025-04-29,,,,,134.0,259.0,5.2
2025-04-30,99.76,109.3,771.0,883.0,139.94,,18.02
2025-05-06,100.25,109.3,770.0,882.0,139.94,,18.02
2025-05-07,100.62,110.26,772.0,883.0,139.94,,18.02
2025-05-08,99.85,108.05,765.0,876.0,139.94,,18.02
2025-05-09,100.29,106.41,766.0,878.0,139.66,,18.02
2025-05-12,101.06,109.7,775.0,887.0,139.66,,18.02
2025-05-13,100.1,109.1,773.0,885.0,137.0,259.0,4.9
2025-05-14,102.54,107.53,784.0,896.0,139.66,,18.02
2025-05-15,101.9,107.8,786.0,898.0,139.66,,18.02
2025-05-16,101.6,106.77,783.0,894.0,139.4,,18.02
2025-05-19,101.08,106.04,780.0,892.0,139.4,,18.02
2025-05-20,100.8,105.9,776.0,888.0,139.4,,18.02
2025-05-21,101.05,106.23,777.0,888.0,139.4,,18.02
2025-05-22,100.87,105.67,775.0,887.0,139.4,,18.02
2025-05-23,99.13,102.81,771.0,883.0,137.73,,18.02
2025-05-26,98.59,101.05,760.0,872.0,137.73,,18.02
2025-05-27,98.06,99.36,755.0,867.0,137.0,259.0,4.9
2025-05-28,97.84,100.1,754.0,866.0,137.73,,18.02
2025-05-29,98.15,100.64,757.0,869.0,137.73,,18.02
2025-05-30,98.1,100.54,751.0,863.0,136.24,,18.02
2025-06-03,97.75,100.36,745.0,857.0,136.24,,18.02
2025-06-04,98.4,101.8,748.0,860.0,136.24,,18.02
2025-06-05,97.77,101.9,747.0,859.0,136.24,,18.02
2025-06-06,98.37,102.6,752.0,863.0,136.09,,18.02
2025-06-09,98.18,102.48,748.0,860.0,136.09,,18.02
2025-06-10,98.07,102.37,745.0,857.0,132.0,345.0,4.0
2025-06-11,97.7,101.88,750.0,862.0,136.09,,18.02
2025-06-12,97.43,101.67,744.0,855.0,136.09,,18.02
2025-06-13,97.44,101.74,741.0,852.0,137.22,,18.02
2025-06-16,97.66,100.83,742.0,854.0,137.22,,18.02
2025-06-17,96.55,100.14,739.0,850.0,137.22,,18.02
2025-06-18,94.87,98.23,732.0,843.0,137.22,,18.02
2025-06-19,95.1,98.41,731.0,843.0,137.22,,18.02
2025-06-20,95.85,99.67,733.0,844.0,136.78,,18.02
2025-06-23,95.85,99.67,733.0,845.0,136.78,,18.02
2025-06-24,95.8,99.67,724.0,836.0,135.0,432.0,3.8
2025-06-25,93.5,99.88,724.0,836.0,136.78,,18.02
2025-06-26,93.8,100.5,725.0,836.0,136.78,,18.02
2025-06-27,95.18,101.08,728.0,840.0,136.92,,18.02
2025-06-30,95.4,101.29,727.0,838.0,136.92,,18.02
2025-07-01,93.77,99.41,722.0,834.0,136.92,,18.02
2025-07-02,95.81,100.58,729.0,841.0,136.92,,18.02
2025-07-03,96.98,102.41,738.0,850.0,136.92,,18.02
2025-07-04,96.82,102.22,744.0,856.0,137.13,,18.02
2025-07-07,96.89,102.0,743.0,855.0,137.13,,18.02
2025-07-08,97.45,102.58,744.0,856.0,133.0,432.0,3.7
2025-07-09,97.45,103.98,746.0,858.0,137.13,,18.02
2025-07-10,99.0,104.2,755.0,867.0,137.13,,18.02
2025-07-11,99.2,105.4,760.0,871.0,136.16,,18.02
2025-07-14,99.0,107.46,761.0,873.0,136.16,,18.02
2025-07-15,99.0,104.45,773.0,885.0,136.16,,18.02
2025-07-16,98.15,113.88,775.0,887.0,136.16,,18.02
2025-07-17,102.1,105.01,783.0,895.0,136.16,,18.02
2025-07-18,102.3,105.37,784.0,896.0,133.39,,18.02
2025-07-21,103.3,109.11,797.0,908.0,133.39,,18.02
2025-07-22,104.67,111.41,811.0,923.0,131.0,515.0,3.7
2025-07-23,105.28,112.41,806.0,918.0,133.39,,18.02
2025-07-24,105.35,112.02,801.0,913.0,133.39,,18.02
2025-07-25,104.58,114.48,801.0,913.0,131.84,,18.02
2025-07-28,103.2,113.1,796.0,907.0,131.84,,18.02
2025-07-29,103.6,112.9,802.0,913.0,131.84,,18.02
2025-07-30,103.05,111.4,798.0,909.0,131.84,,18.02
2025-07-31,102.4,109.8,793.0,905.0,131.84,,18.02
2025-08-01,101.65,109.8,794.0,905.0,130.48,,18.02
2025-08-04,102.35,110.25,797.0,909.0,130.48,,18.02
2025-08-05,102.55,109.7,799.0,911.0,130.0,515.0,3.8
2025-08-06,102.4,109.15,798.0,910.0,130.48,,18.02
2025-08-07,102.95,117.0,798.0,910.0,130.48,,18.02
2025-08-08,104.2,117.45,796.0,908.0,129.27,,18.02
2025-08-11,104.6,117.5,799.0,911.0,129.27,,18.02
2025-08-12,105.1,119.2,803.0,915.0,129.27,,18.02
2025-08-13,106.0,121.65,802.0,914.0,129.27,,18.02
2025-08-14,106.0,120.15,800.0,912.0,129.27,,18.02
2025-08-15,106.1,119.35,796.0,907.0,130.67,,18.02
2025-08-18,105.6,119.3,795.0,906.0,130.67,,18.02
2025-08-19,105.5,119.95,791.0,902.0,131.0,594.0,4.1
2025-08-20,104.7,120.2,789.0,901.0,130.67,,18.02
2025-08-21,105.0,119.8,790.0,902.0,130.67,,18.02
2025-08-22,104.4,120.0,789.0,901.0,130.19,,18.02
2025-08-25,105.8,120.8,797.0,909.0,130.19,,18.02
2025-08-26,104.5,121.7,791.0,903.0,130.19,,18.02
2025-08-27,104.45,121.85,789.0,900.0,130.19,,18.02
2025-08-28,106.0,121.6,796.0,907.0,130.19,,18.02
2025-08-29,106.58,121.82,794.0,906.0,129.17,,18.02
2025-09-01,105.55,121.65,778.0,890.0,129.17,,18.02
2025-09-02,106.5,121.95,782.0,894.0,130.0,594.0,4.4
2025-09-03,106.95,122.6,788.0,900.0,129.17,,18.02
2025-09-04,107.85,122.8,796.0,908.0,129.17,,18.02
2025-09-05,107.95,122.55,794.0,905.0,129.53,,18.02
2025-09-08,108.0,122.8,797.0,909.0,129.53,,18.02
2025-09-09,109.3,124.65,806.0,917.0,129.53,,18.02
2025-09-10,109.75,123.55,807.0,918.0,129.53,,18.02
2025-09-11,109.15,122.7,800.0,912.0,129.53,,18.02
2025-09-12,109.3,122.25,801.0,913.0,130.41,,10.76
2025-09-15,108.9,122.2,799.0,911.0,130.41,,10.76
2025-09-16,107.95,123.3,803.0,915.0,133.0,672.0,4.7
2025-09-17,108.3,123.06,806.0,919.0,130.41,,10.76
2025-09-18,108.3,123.05,805.0,917.0,130.41,,10.76
2025-09-19,107.6,121.95,812.0,924.0,129.91,,10.78
2025-09-22,107.9,123.05,813.0,925.0,129.91,,10.78
2025-09-23,107.75,124.3,810.0,922.0,129.91,,10.78
2025-09-24,107.9,124.05,811.0,923.0,129.91,,10.78
2025-09-25,107.7,124.2,812.0,924.0,129.91,,10.78
2025-09-26,106.95,124.1,806.0,920.0,129.37,,10.72
2025-09-29,106.5,122.65,804.0,916.0,129.37,,10.72
2025-09-30,107.35,122.05,802.0,914.0,132.0,672.0,4.7
2025-10-01,107.1,122.45,802.0,914.0,129.37,,10.72
2025-10-02,107.45,123.0,802.0,914.0,129.37,,10.72
2025-10-03,107.5,123.1,802.0,914.0,129.37,,10.72
2025-10-09,107.8,123.7,804.0,916.0,129.37,,11.52
2025-10-13,108.75,125.1,804.0,914.0,130.16,,11.52
2025-10-14,89.79,123.65,787.0,,133.0,672.0,4.7
2025-10-15,107.95,123.2,784.0,895.0,130.16,,11.52
2025-10-16,107.7,123.0,779.0,891.0,130.16,,11.52
2025-10-17,107.25,122.8,777.0,889.0,129.31,,11.5
2025-10-20,106.9,122.35,776.0,888.0,129.31,,11.5
2025-10-21,106.55,122.05,779.0,891.0,129.31,,11.5
2025-10-22,106.72,122.18,783.0,894.0,129.31,,11.5
2025-10-23,106.7,122.3,786.0,898.0,129.31,,11.5
2025-10-24,105.8,122.3,783.0,894.0,131.2,,11.32
2025-10-27,105.9,122.2,793.0,904.0,131.2,,11.32
2025-10-28,,,,,134.0,746.0,4.6
2025-10-29,106.7,122.35,806.0,918.0,131.2,,11.32
2025-10-30,107.95,122.45,807.0,919.0,131.2,,11.32
2025-10-31,107.1,122.3,805.0,916.0,132.33,,11.05
2025-11-03,106.4,122.2,793.0,906.0,132.33,,11.05
2025-11-04,106.25,121.95,788.0,900.0,132.33,,11.05
2025-11-05,106.25,121.8,787.0,898.0,132.33,,11.05
2025-11-06,106.4,121.9,790.0,902.0,132.33,,11.05
2025-11-07,105.25,122.3,782.0,893.0,135.31,,10.89
2025-11-10,105.95,122.21,787.0,899.0,135.31,,10.89
2025-11-11,104.9,122.79,788.0,899.0,138.0,746.0,4.4
2025-11-12,105.4,121.8,797.0,909.0,135.31,,10.89
2025-11-13,105.5,122.2,799.0,911.0,135.31,,10.89
2025-11-14,105.35,121.9,801.0,913.0,138.09,,10.58
2025-11-17,106.1,121.89,809.0,921.0,138.09,,10.58
2025-11-18,106.25,122.8,813.0,925.0,138.09,,10.58
2025-11-19,106.3,122.8,817.0,929.0,138.09,,10.58
2025-11-20,106.2,122.8,814.0,926.0,138.09,,10.58
2025-11-21,106.15,121.95,817.0,928.0,137.45,,10.2
2025-11-24,106.57,122.15,820.0,931.0,137.45,,10.2
2025-11-25,107.72,123.08,823.0,935.0,140.0,818.0,4.1
2025-11-26,107.97,123.62,823.0,935.0,137.45,,10.2
2025-11-27,108.1,123.75,827.0,938.0,137.45,,10.2
2025-11-28,107.61,123.3,820.0,932.0,138.61,,9.88
2025-12-01,107.75,122.83,822.0,932.0,138.61,,9.88
2025-12-02,107.9,123.5,821.0,933.0,138.61,,9.88
2025-12-03,108.0,123.7,822.0,934.0,138.61,,9.88
2025-12-05,107.25,123.9,813.0,925.0,139.82,,9.58
2025-12-08,106.15,121.78,807.0,919.0,139.82,,9.58
2025-12-09,105.53,120.88,805.0,917.0,142.0,818.0,3.7
2025-12-10,105.87,120.88,806.0,918.0,139.82,,9.58
2025-12-11,105.31,120.21,800.0,911.0,139.82,,9.58
2025-12-12,105.11,119.13,800.0,911.0,141.0,,9.27
2025-12-15,104.9,118.93,792.0,903.0,141.0,,9.27
2025-12-16,105.87,118.96,804.0,916.0,141.0,,9.27
2025-12-17,106.9,120.15,807.0,919.0,141.0,,9.27
2025-12-18,107.94,120.75,818.0,930.0,141.0,,9.27
2025-12-19,107.74,120.7,823.0,934.0,141.73,,9.01
2025-12-22,107.88,120.73,824.0,936.0,141.73,,9.01
2025-12-23,107.58,120.34,818.0,930.0,141.73,,9.01
2025-12-24,107.4,119.82,814.0,926.0,141.73,,9.01
2025-12-25,107.4,119.82,809.0,921.0,141.73,,9.01
2025-12-29,108.2,120.09,825.0,936.0,145.26,,8.64
2025-12-30,108.0,120.6,818.0,930.0,145.26,,8.64
2026-01-05,103.49,121.35,813.0,899.0,145.26,,8.64
2026-01-06,103.5,121.75,815.0,886.0,151.0,892.0,2.8
2026-01-07,103.52,122.42,825.0,895.0,145.26,,8.64
2026-01-08,103.53,122.45,821.0,896.0,145.26,,8.64
2026-01-09,103.55,122.38,819.0,899.0,147.03,,8.72
2026-01-12,103.56,123.26,826.0,912.0,147.03,,8.72
2026-01-13,103.58,122.95,823.0,905.0,147.03,,8.72
2026-01-14,103.59,122.76,824.0,912.0,147.03,,8.72
2026-01-15,103.6,122.63,820.0,912.0,147.03,,8.72
2026-01-16,103.61,122.36,817.0,910.0,148.76,,8.71
2026-01-19,103.62,121.79,804.0,899.0,148.76,,8.71
2026-01-20,103.63,121.09,801.0,898.0,155.0,961.0,2.8
2026-01-21,103.63,120.58,798.0,894.0,148.76,,8.71
2026-01-22,103.63,120.64,801.0,895.0,148.76,,8.71
2026-01-23,103.64,120.8,805.0,898.0,150.41,,8.84
2026-01-26,103.64,120.28,798.0,898.0,150.41,,8.84
2026-01-27,103.64,120.2,796.0,900.0,150.41,,8.84
2026-01-28,103.65,120.2,795.0,900.0,150.41,,8.84
2026-01-29,103.65,120.36,802.0,901.0,150.41,,8.84
2026-01-30,103.65,119.9,799.0,899.0,153.18,,9.0
2026-02-02,103.64,118.82,791.0,893.0,153.18,,9.0
2026-02-03,103.63,118.49,778.0,883.0,159.0,961.0,3.0
2026-02-04,103.63,118.61,782.0,868.0,153.18,,9.0
2026-02-05,103.62,118.46,778.0,823.0,153.18,,9.0
2026-02-06,103.6,118.59,774.0,826.0,154.84,,9.56
2026-02-09,103.6,118.94,769.0,851.0,154.84,,9.56
2026-02-10,103.59,119.3,770.0,852.0,154.84,,9.56
2026-02-11,103.58,119.3,767.0,850.0,154.84,,9.56
2026-02-12,103.56,119.0,766.0,848.0,154.84,,9.56
2026-02-13,103.55,118.55,758.0,840.0,152.93,,10.42
2026-02-16,103.55,118.45,758.0,840.0,152.93,,10.42
2026-02-17,,,,,161.0,961.0,3.7
2026-02-19,103.54,117.96,758.0,840.0,152.93,,10.42
2026-02-20,103.54,117.55,758.0,840.0,152.93,,10.42
2026-02-23,103.54,118.32,758.0,840.0,152.93,,10.42
2026-02-24,103.52,118.34,754.0,840.0,152.93,,10.42
2026-02-25,103.51,118.67,759.0,847.0,152.93,,10.42
2026-02-26,103.5,118.92,758.0,845.0,152.93,,10.42
2026-02-27,103.48,119.02,760.0,862.0,166.39,,13.73
2026-03-02,103.48,119.32,762.0,870.0,166.39,,13.73
2026-03-03,103.46,118.6,765.0,874.0,162.0,961.0,5.0
2026-03-04,103.45,118.48,763.0,873.0,166.39,,13.73
2026-03-05,103.45,119.39,768.0,872.0,166.39,,13.73
2026-03-06,103.44,120.61,775.0,877.0,154.8,,14.76
2026-03-09,103.44,121.25,785.0,888.0,154.8,,14.76
2026-03-10,103.45,122.35,783.0,890.0,154.8,,14.76
2026-03-11,103.45,122.75,784.0,892.0,154.8,,14.76
2026-03-12,103.46,123.2,786.0,892.0,154.8,,14.76
2026-03-13,103.46,123.95,794.0,890.0,155.41,,15.16
2026-03-16,103.47,122.7,796.0,904.0,155.41,,15.16
2026-03-17,103.48,124.75,800.0,907.0,167.0,160.0,5.9
2026-03-18,103.49,125.05,796.0,907.0,155.41,,15.16
2026-03-19,103.49,124.35,792.0,905.0,155.41,,15.16
2026-03-20,103.5,124.7,796.0,915.0,156.39,,15.16
2026-03-23,103.52,125.96,801.0,920.0,156.39,,15.16
2026-03-24,103.52,125.79,805.0,924.0,156.39,,15.16
2026-03-25,103.53,124.88,791.0,924.0,156.39,,15.16
2026-03-26,62.5,126.05,797.0,953.0,156.39,,15.16
2026-03-27,62.5,126.22,793.0,953.0,155.78,,14.65
2026-03-30,103.56,126.2,792.0,958.0,155.78,,14.65
2026-03-31,103.57,125.66,788.0,953.0,165.0,160.0,5.9
2026-04-01,103.58,125.0,789.0,954.0,155.78,,14.65
2026-04-02,103.59,125.5,785.0,951.0,155.78,,14.65
2026-04-03,62.5,125.5,779.0,940.0,155.48,,14.36
2026-04-07,62.5,126.21,777.0,938.0,155.48,,14.36
2026-04-08,62.5,125.15,776.0,930.0,155.48,,14.36
2026-04-09,62.5,123.61,765.0,921.0,155.48,,14.36
2026-04-10,62.5,124.11,758.0,920.0,153.19,,13.96
2026-04-13,62.5,124.78,763.0,925.0,153.19,,13.96
2026-04-14,62.5,124.65,759.0,916.0,166.0,160.0,5.8
2026-04-15,62.5,124.84,762.0,920.0,153.19,,13.96
2026-04-16,103.64,125.44,771.0,935.0,153.19,,13.96
2026-04-17,62.5,125.29,769.0,928.0,152.58,,13.47
2026-04-20,62.5,125.8,777.0,936.0,152.58,,13.47
2026-04-21,62.5,125.75,775.0,934.0,152.58,,13.47
2026-04-22,62.5,126.1,778.0,937.0,152.58,,13.47
2026-04-23,62.5,125.45,776.0,935.0,152.58,,13.47
2026-04-24,62.5,125.45,778.0,937.0,151.17,,12.84
2026-04-27,62.5,125.5,777.0,934.0,151.17,,12.84
2026-04-28,62.5,124.9,771.0,929.0,163.0,248.0,5.4
2026-04-29,103.73,125.25,777.0,940.0,151.17,,12.84
2026-04-30,62.5,125.45,783.0,946.0,151.17,,12.84
2026-05-04,62.5,126.4,783.0,946.0,151.17,,12.84
2026-05-05,62.5,126.6,783.0,946.0,151.17,,12.84
2026-05-06,62.5,126.75,798.0,961.0,151.17,,12.23
2026-05-07,62.5,127.59,798.0,962.0,151.17,,12.23
2026-05-08,62.5,127.3,796.0,960.0,149.85,,12.22
2026-05-11,62.5,127.3,796.0,960.0,149.85,,12.22
2026-05-12,62.5,126.75,797.0,952.0,161.0,248.0,5.2
2026-05-13,62.5,127.8,800.0,951.0,149.85,,12.22
2026-05-14,62.5,127.05,800.0,949.0,149.85,,12.22
2026-05-15,62.5,125.55,796.0,944.0,148.76,,11.7
2026-05-18,62.5,124.8,793.0,939.0,148.76,,11.7
2026-05-19,62.5,123.95,791.0,940.0,148.76,,11.7
2026-05-20,62.5,123.6,789.0,938.0,148.76,,11.7
2026-05-21,62.5,122.25,781.0,931.0,148.76,,11.7
2026-05-22,62.5,122.85,780.0,926.0,148.09,,11.48
2026-05-25,62.5,123.05,781.0,927.0,148.09,,11.48
2026-05-26,62.5,122.1,776.0,922.0,160.0,331.0,4.8
2026-05-27,62.5,122.1,774.0,920.0,148.09,,11.48
2026-05-28,62.5,122.4,771.0,917.0,148.09,,11.48
2026-05-29,62.5,122.55,774.0,920.0,147.95,,11.29
2026-06-01,62.5,121.95,766.0,910.0,147.95,,11.29
2026-06-02,62.5,122.75,766.0,911.0,147.95,,11.29
2026-06-03,62.5,121.35,753.0,899.0,147.95,,11.29
2026-06-04,103.84,119.3,748.0,889.0,147.95,,11.29
2026-06-05,103.83,119.65,747.0,867.0,148.39,,11.18
2026-06-08,99.65,118.9,743.0,866.0,148.39,,11.18
2026-06-09,99.65,119.5,743.0,866.0,159.0,331.0,4.8
2026-06-10,99.65,120.1,748.0,876.0,148.39,,11.18
2026-06-11,99.65,119.9,743.0,871.0,148.39,,11.18
2026-06-12,99.65,120.1,742.0,865.0,149.35,,11.19
2026-06-15,99.65,120.7,743.0,866.0,149.35,,11.19
2026-06-17,99.65,118.35,719.0,842.0,149.35,,11.19
2026-06-18,99.65,118.7,718.0,841.0,149.35,,11.19
2026-06-22,99.65,117.75,710.0,840.0,149.35,,11.2
2026-06-23,107.05,117.5,709.0,838.0,159.0,416.0,4.7
2026-06-24,107.05,117.8,709.0,836.0,149.35,,11.2
2026-06-25,107.05,116.8,705.0,832.0,149.35,,11.2
2026-06-26,62.5,117.5,710.0,837.0,148.66,,11.6
2026-06-29,62.5,117.6,708.0,835.0,148.66,,11.6
2026-06-30,62.5,117.75,709.0,836.0,148.66,,11.6
2026-07-01,62.5,117.35,697.0,824.0,148.66,,11.6
2026-07-02,62.5,117.45,701.0,828.0,148.66,,11.6
2026-07-03,62.5,117.35,696.0,823.0,148.3,,11.97
2026-07-06,62.5,117.46,697.0,825.0,148.3,,11.97
2026-07-07,62.5,117.55,696.0,823.0,160.0,416.0,4.9
2026-07-08,62.5,117.9,700.0,830.0,148.3,,11.97
2026-07-09,62.5,117.75,701.0,831.0,148.3,,11.97
2026-07-10,62.5,118.05,705.0,833.0,147.16,,12.02
2026-07-13,62.5,117.55,704.0,832.0,147.16,,12.02
2026-07-14,62.5,117.9,717.0,845.0,147.16,,12.02
2026-07-15,62.5,118.35,718.0,846.0,147.16,,12.02
2026-07-16,62.5,117.45,716.0,844.0,147.16,,12.02
2026-07-17,62.5,117.4,719.0,847.0,145.13,,12.09
2026-07-20,62.5,117.18,716.0,847.0,145.13,,12.09
2026-07-21,62.5,116.2,708.0,843.0,157.0,500.0,4.9
2026-07-22,62.5,115.65,701.0,842.0,145.13,,12.09
2026-07-23,62.5,116.2,702.0,848.0,145.13,,12.09
2026-07-24,62.5,116.0,698.0,846.0,144.92,,12.18
2026-07-27,62.5,115.95,697.0,845.0,144.92,,12.18
2026-07-28,62.5,115.95,696.0,844.0,144.92,,12.18
2026-07-29,62.5,115.95,694.0,842.0,144.92,,12.18
2026-07-30,62.5,115.0,674.0,822.0,144.92,,12.18
2026-07-31,62.5,115.45,674.0,822.0,146.81,,12.28
2026-08-03,62.5,114.0,663.0,811.0,146.81,,12.28
2026-08-04,62.5,114.55,668.0,814.0,156.0,500.0,5.0
2026-08-05,62.5,114.75,677.0,822.0,146.81,,12.28
2026-08-07,62.5,115.44,687.0,830.0,146.39,,12.28
2026-08-10,62.5,115.5,686.0,829.0,146.39,,12.28
2026-08-11,62.5,115.85,690.0,833.0,146.39,,12.28
2026-08-12,62.5,115.9,690.0,833.0,146.39,,12.28
2026-08-13,62.5,115.9,690.0,833.0,146.39,,12.28
2026-08-14,62.5,116.0,694.0,849.0,146.78,,12.36
2026-08-18,65.0,143.0,775.0,935.0,157.0,577.0,5.1
2026-08-19,65.0,138.0,775.0,935.0,,,
2026-08-20,102.97,140.0,,,,,
