date,report_month,category,avg_dayrate_gbp,prev_year_dayrate_gbp,yoy_change_pct,min_dayrate_gbp,max_dayrate_gbp,med_psv_util,large_psv_util,med_ahts_util,large_ahts_util
2026-08-01,Market Report August 2026,"AHTS DUTIES AHTS < 22,000 BHP",62332,15899,+292.05%,38517,117359,82%,79%,46%,73%
2026-08-01,Market Report August 2026,"AHTS DUTIES AHTS > 22,000 BHP",96015,16024,+499.19%,34237,195598,82%,79%,46%,73%
2026-08-01,Market Report August 2026,SUPPLY DUTIES PSVS < 900M2,18000,4737,+279.99%,15000,20000,82%,79%,46%,73%
2026-08-01,Market Report August 2026,SUPPLY DUTIES PSVS > 900M2,21445,5925,+261.94%,9000,31000,82%,79%,46%,73%
2026-07-01,Market Report July 2026,"AHTS DUTIES AHTS < 22,000 BHP",117375,14697,+698.63%,46184,250000,61%,62%,41%,55%
2026-07-01,Market Report July 2026,"AHTS DUTIES AHTS > 22,000 BHP",102188,14664,+596.86%,50000,250000,61%,62%,41%,55%
2026-07-01,Market Report July 2026,SUPPLY DUTIES PSVS < 900M2,15049,4280,+251.61%,13500,16647,61%,62%,41%,55%
2026-07-01,Market Report July 2026,SUPPLY DUTIES PSVS > 900M2,15278,4974,+207.16%,11546,22500,61%,62%,41%,55%
2026-06-01,Market Report June 2026,"AHTS DUTIES AHTS < 22,000 BHP",170830,28768,+493.82%,56184,307874,50%,65%,51%,80%
2026-06-01,Market Report June 2026,"AHTS DUTIES AHTS > 22,000 BHP",155875,32138,+385.02%,90000,299980,50%,65%,51%,80%
2026-06-01,Market Report June 2026,SUPPLY DUTIES PSVS < 900M2,14116,19364,-27.10%,12000,19000,50%,65%,51%,80%
2026-06-01,Market Report June 2026,SUPPLY DUTIES PSVS > 900M2,19970,23131,-13.67%,9000,40000,50%,65%,51%,80%
2026-05-01,Market Report May 2026,"AHTS DUTIES AHTS < 22,000 BHP",106907,80618,+32.61%,56008,190000,54%,68%,33%,53%
2026-05-01,Market Report May 2026,"AHTS DUTIES AHTS > 22,000 BHP",131234,91363,+43.64%,50000,240033,54%,68%,33%,53%
2026-05-01,Market Report May 2026,SUPPLY DUTIES PSVS < 900M2,17049,21299,-19.95%,9750,27500,54%,68%,33%,53%
2026-05-01,Market Report May 2026,SUPPLY DUTIES PSVS > 900M2,20040,20952,-4.35%,12500,35379,54%,68%,33%,53%
2026-04-01,Market Report April 2026,"AHTS DUTIES AHTS < 22,000 BHP",112681,76808,+46.70%,30452,314196,85%,89%,56%,63%
2026-04-01,Market Report April 2026,"AHTS DUTIES AHTS > 22,000 BHP",117150,39962,+193.15%,35347,235647,85%,89%,56%,63%
2026-04-01,Market Report April 2026,SUPPLY DUTIES PSVS < 900M2,24570,12480,+96.88%,20000,30000,85%,89%,56%,63%
2026-04-01,Market Report April 2026,SUPPLY DUTIES PSVS > 900M2,25392,12893,+96.94%,17674,32500,85%,89%,56%,63%
2026-03-01,Market Report March 2026,"AHTS DUTIES AHTS < 22,000 BHP",41151,33856,+21.55%,26069,62168,69%,67%,29%,37%
2026-03-01,Market Report March 2026,"AHTS DUTIES AHTS > 22,000 BHP",91116,56798,+60.42%,50000,178733,69%,67%,29%,37%
2026-03-01,Market Report March 2026,SUPPLY DUTIES PSVS < 900M2,11085,6568,+68.77%,6500,19000,69%,67%,29%,37%
2026-03-01,Market Report March 2026,SUPPLY DUTIES PSVS > 900M2,13625,7134,+90.99%,5900,27000,69%,67%,29%,37%
2026-02-01,Market Report February 2026,"AHTS DUTIES AHTS < 22,000 BHP",95336,17999,+429.67%,45000,120000,67%,76%,55%,69%
2026-02-01,Market Report February 2026,"AHTS DUTIES AHTS > 22,000 BHP",127966,26428,+384.21%,65743,234003,67%,76%,55%,69%
2026-02-01,Market Report February 2026,SUPPLY DUTIES PSVS < 900M2,9969,6431,+55.01%,4900,18000,67%,76%,55%,69%
2026-02-01,Market Report February 2026,SUPPLY DUTIES PSVS > 900M2,12221,8494,+43.88%,4500,23500,67%,76%,55%,69%
2026-01-01,Market Report January 2026,"AHTS DUTIES AHTS < 22,000 BHP",75902,28169,+169.45%,26050,200000,57%,61%,42%,57%
2026-01-01,Market Report January 2026,"AHTS DUTIES AHTS > 22,000 BHP",90283,28294,+219.09%,43812,207920,57%,61%,42%,57%
2026-01-01,Market Report January 2026,SUPPLY DUTIES PSVS < 900M2,4243,5770,-26.46%,3500,5000,57%,61%,42%,57%
2026-01-01,Market Report January 2026,SUPPLY DUTIES PSVS > 900M2,5691,7034,-19.09%,3900,13500,57%,61%,42%,57%
2025-12-01,Market Report December 2025,"AHTS DUTIES AHTS < 22,000 BHP",98808,21023,+370.00%,32815,266299,56%,70%,54%,72%
2025-12-01,Market Report December 2025,"AHTS DUTIES AHTS > 22,000 BHP",98383,29848,+229.61%,70273,129451,56%,70%,54%,72%
2025-12-01,Market Report December 2025,SUPPLY DUTIES PSVS < 900M2,5958,7306,-18.45%,4000,9616,56%,70%,54%,72%
2025-12-01,Market Report December 2025,SUPPLY DUTIES PSVS > 900M2,7775,8926,-12.89%,5500,11096,56%,70%,54%,72%
2025-11-01,Market Report November/December 2025,"AHTS DUTIES AHTS < 22,000 BHP",58240,24791,+134.92%,35000,80000,53%,77%,50%,78%
2025-11-01,Market Report November/December 2025,"AHTS DUTIES AHTS > 22,000 BHP",80726,26287,+207.09%,33000,247312,53%,77%,50%,78%
2025-11-01,Market Report November/December 2025,SUPPLY DUTIES PSVS < 900M2,5452,4643,+17.42%,2500,17237,53%,77%,50%,78%
2025-11-01,Market Report November/December 2025,SUPPLY DUTIES PSVS > 900M2,7964,8820,-9.71%,3500,20235,53%,77%,50%,78%
2025-10-01,Market Report October 2025,"AHTS DUTIES AHTS < 22,000 BHP",46780,19442,+140.61%,21776,60000,54%,61%,34%,56%
2025-10-01,Market Report October 2025,"AHTS DUTIES AHTS > 22,000 BHP",75462,18251,+313.47%,33100,149164,54%,61%,34%,56%
2025-10-01,Market Report October 2025,SUPPLY DUTIES PSVS < 900M2,8202,6806,+20.51%,4000,32000,54%,61%,34%,56%
2025-10-01,Market Report October 2025,SUPPLY DUTIES PSVS > 900M2,10369,7113,+45.78%,4000,32500,54%,61%,34%,56%
2025-09-01,Market Report September 2025,"AHTS DUTIES AHTS < 22,000 BHP",36468,30028,-21.45%,14772,60000,64%,86%,50%,58%
2025-09-01,Market Report September 2025,"AHTS DUTIES AHTS > 22,000 BHP",37599,38638,-2.69%,20000,63299,64%,86%,50%,58%
2025-09-01,Market Report September 2025,SUPPLY DUTIES PSVS < 900M2,6889,16953,-59.36%,3000,19362,64%,86%,50%,58%
2025-09-01,Market Report September 2025,SUPPLY DUTIES PSVS > 900M2,11644,16375,-41.50%,3000,31277,64%,86%,50%,58%
2025-08-01,Market Report August 2025,"AHTS DUTIES AHTS < 22,000 BHP",15899,39324,-59.57%,10218,32844,56%,82%,41%,50%
2025-08-01,Market Report August 2025,"AHTS DUTIES AHTS > 22,000 BHP",16024,42694,-62.47%,8029,40000,56%,82%,41%,50%
2025-08-01,Market Report August 2025,SUPPLY DUTIES PSVS < 900M2,4737,8317,-43.04%,3000,10000,56%,82%,41%,50%
2025-08-01,Market Report August 2025,SUPPLY DUTIES PSVS > 900M2,5925,10129,-41.50%,3000,20071,56%,82%,41%,50%
2025-07-01,Market Report July 2025,"AHTS DUTIES AHTS < 22,000 BHP",14697,52140,-71.81%,10000,18180,39%,54%,23%,37%
2025-07-01,Market Report July 2025,"AHTS DUTIES AHTS > 22,000 BHP",14664,57014,-74.28%,8028,28827,39%,54%,23%,37%
2025-07-01,Market Report July 2025,SUPPLY DUTIES PSVS < 900M2,4280,13826,-69.04%,3000,6568,39%,54%,23%,37%
2025-07-01,Market Report July 2025,SUPPLY DUTIES PSVS > 900M2,4974,14408,-65.48%,3000,10217,39%,54%,23%,37%
2025-06-01,Market Report June 2025,"AHTS DUTIES AHTS < 22,000 BHP",28768,48060,-40.14%,14680,55000,69%,77%,51%,50%
2025-06-01,Market Report June 2025,"AHTS DUTIES AHTS > 22,000 BHP",32138,64179,-49.92%,14680,55049,69%,77%,51%,50%
2025-06-01,Market Report June 2025,SUPPLY DUTIES PSVS < 900M2,19364,15926,+21.59%,7000,26000,69%,77%,51%,50%
2025-06-01,Market Report June 2025,SUPPLY DUTIES PSVS > 900M2,23131,19485,+18.71%,15047,33030,69%,77%,51%,50%
2025-05-01,Market Report May 2025,"AHTS DUTIES AHTS < 22,000 BHP",80618,32032,+151.68%,29548,200000,76%,86%,74%,72%
2025-05-01,Market Report May 2025,"AHTS DUTIES AHTS > 22,000 BHP",91363,38361,+138.17%,32680,175000,76%,86%,74%,72%
2025-05-01,Market Report May 2025,SUPPLY DUTIES PSVS < 900M2,21299,15948,+33.55%,15750,27500,76%,86%,74%,72%
2025-05-01,Market Report May 2025,SUPPLY DUTIES PSVS > 900M2,20952,18071,+15.94%,14161,35948,76%,86%,74%,72%
2025-04-01,Market Report April 2025,"AHTS DUTIES AHTS < 22,000 BHP",76808,35198,+118.22%,25000,194584,69%,75%,48%,60%
2025-04-01,Market Report April 2025,"AHTS DUTIES AHTS > 22,000 BHP",39962,33784,+18.29%,26000,126119,69%,75%,48%,60%
2025-04-01,Market Report April 2025,SUPPLY DUTIES PSVS < 900M2,12480,12758,-2.18%,5405,25632,69%,75%,48%,60%
2025-04-01,Market Report April 2025,SUPPLY DUTIES PSVS > 900M2,12893,15311,-15.79%,5045,29904,69%,75%,48%,60%
2025-03-01,Market Report March 2025,"AHTS DUTIES AHTS < 22,000 BHP",33856,51813,-34.66%,15000,115741,44%,56%,60%,48%
2025-03-01,Market Report March 2025,"AHTS DUTIES AHTS > 22,000 BHP",56798,45681,+24.34%,11574,165000,44%,56%,60%,48%
2025-03-01,Market Report March 2025,SUPPLY DUTIES PSVS < 900M2,6568,6349,+3.45%,4500,20089,44%,56%,60%,48%
2025-03-01,Market Report March 2025,SUPPLY DUTIES PSVS > 900M2,7134,7182,-0.67%,5000,16276,44%,56%,60%,48%
2025-02-01,Market Report February 2025,"AHTS DUTIES AHTS < 22,000 BHP",17999,48559,-62.93%,9976,45000,59%,71%,41%,51%
2025-02-01,Market Report February 2025,"AHTS DUTIES AHTS > 22,000 BHP",26428,53962,-51.02%,10691,49891,59%,71%,41%,51%
2025-02-01,Market Report February 2025,SUPPLY DUTIES PSVS < 900M2,6431,13432,-52.12%,4000,14611,59%,71%,41%,51%
2025-02-01,Market Report February 2025,SUPPLY DUTIES PSVS > 900M2,8494,10967,-22.55%,5500,14255,59%,71%,41%,51%
2025-01-01,Market Report January 2025,"AHTS DUTIES AHTS < 22,000 BHP",28169,21777,+29.35%,9217,99894,57%,69%,33%,64%
2025-01-01,Market Report January 2025,"AHTS DUTIES AHTS > 22,000 BHP",28294,27593,+2.54%,10000,60650,57%,69%,33%,64%
2025-01-01,Market Report January 2025,SUPPLY DUTIES PSVS < 900M2,5770,9028,-36.09%,3500,12500,57%,69%,33%,64%
2025-01-01,Market Report January 2025,SUPPLY DUTIES PSVS > 900M2,7034,11365,-38.11%,3500,14500,57%,69%,33%,64%
2024-12-01,Market Report December 2024,"AHTS DUTIES AHTS < 22,000 BHP",21023,15690,+33.99%,8290,56401,70%,73%,44%,45%
2024-12-01,Market Report December 2024,"AHTS DUTIES AHTS > 22,000 BHP",29848,27544,+8.36%,10500,59926,70%,73%,44%,45%
2024-12-01,Market Report December 2024,SUPPLY DUTIES PSVS < 900M2,7306,13819,-47.13%,4000,23265,70%,73%,44%,45%
2024-12-01,Market Report December 2024,SUPPLY DUTIES PSVS > 900M2,8926,11986,-25.53%,3000,25380,70%,73%,44%,45%
2024-11-01,Market Report November/December 2024,"AHTS DUTIES AHTS < 22,000 BHP",24791,18505,+33.97%,10000,46140,63%,60%,33%,45%
2024-11-01,Market Report November/December 2024,"AHTS DUTIES AHTS > 22,000 BHP",26287,23904,+9.97%,11713,49690,63%,60%,33%,45%
2024-11-01,Market Report November/December 2024,SUPPLY DUTIES PSVS < 900M2,4643,19722,-76.46%,3000,7099,63%,60%,33%,45%
2024-11-01,Market Report November/December 2024,SUPPLY DUTIES PSVS > 900M2,8820,25290,-65.12%,3750,26619,63%,60%,33%,45%
2024-10-01,Market Report October 2024,"AHTS DUTIES AHTS < 22,000 BHP",19442,36665,-46.97%,12522,26555,58%,52%,36%,39%
2024-10-01,Market Report October 2024,"AHTS DUTIES AHTS > 22,000 BHP",18251,49076,-62.81%,12000,35000,58%,52%,36%,39%
2024-10-01,Market Report October 2024,SUPPLY DUTIES PSVS < 900M2,6806,20096,-66.13%,3750,14163,58%,52%,36%,39%
2024-10-01,Market Report October 2024,SUPPLY DUTIES PSVS > 900M2,7113,26005,-72.65%,4000,17704,58%,52%,36%,39%
2024-09-01,Market Report September 2024,"AHTS DUTIES AHTS < 22,000 BHP",30028,24804,+21.06%,19264,48000,72%,82%,47%,55%
2024-09-01,Market Report September 2024,"AHTS DUTIES AHTS > 22,000 BHP",38638,29402,+31.41%,21404,71347,72%,82%,47%,55%
2024-09-01,Market Report September 2024,SUPPLY DUTIES PSVS < 900M2,16953,17932,-5.46%,9000,25000,72%,82%,47%,55%
2024-09-01,Market Report September 2024,SUPPLY DUTIES PSVS > 900M2,16375,19772,-17.18%,9275,29000,72%,82%,47%,55%
2024-08-01,Market Report August 2024,"AHTS DUTIES AHTS < 22,000 BHP",39324,34740,+13.20%,15000,126357,65%,72%,50%,51%
2024-08-01,Market Report August 2024,"AHTS DUTIES AHTS > 22,000 BHP",42694,33958,+25.73%,19856,122747,65%,72%,50%,51%
2024-08-01,Market Report August 2024,SUPPLY DUTIES PSVS < 900M2,8317,12912,-35.59%,6000,16246,65%,72%,50%,51%
2024-08-01,Market Report August 2024,SUPPLY DUTIES PSVS > 900M2,10129,16835,-39.83%,4693,19500,65%,72%,50%,51%
2024-07-01,Market Report July 2024,"AHTS DUTIES AHTS < 22,000 BHP",52140,26269,+98.48%,20000,100000,61%,67%,49%,68%
2024-07-01,Market Report July 2024,"AHTS DUTIES AHTS > 22,000 BHP",57014,26380,+116.13%,25000,140474,61%,67%,49%,68%
2024-07-01,Market Report July 2024,SUPPLY DUTIES PSVS < 900M2,13826,12644,+9.35%,5763,20000,61%,67%,49%,68%
2024-07-01,Market Report July 2024,SUPPLY DUTIES PSVS > 900M2,14408,11694,+23.21%,5043,26000,61%,67%,49%,68%
2024-06-01,Market Report June 2024,"AHTS DUTIES AHTS < 22,000 BHP",48060,31462,+52.76%,25000,85000,71%,86%,64%,64%
2024-06-01,Market Report June 2024,"AHTS DUTIES AHTS > 22,000 BHP",64179,31939,+100.94%,29646,110000,71%,86%,64%,64%
2024-06-01,Market Report June 2024,SUPPLY DUTIES PSVS < 900M2,15926,16381,-2.78%,8470,24000,71%,86%,64%,64%
2024-06-01,Market Report June 2024,SUPPLY DUTIES PSVS > 900M2,19485,20400,-4.49%,17055,21500,71%,86%,64%,64%
2024-05-01,Market Report May 2024,"AHTS DUTIES AHTS < 22,000 BHP",32032,33744,-5.07%,18832,65000,53%,73%,57%,47%
2024-05-01,Market Report May 2024,"AHTS DUTIES AHTS > 22,000 BHP",38361,51175,-25.04%,14715,80933,53%,73%,57%,47%
2024-05-01,Market Report May 2024,SUPPLY DUTIES PSVS < 900M2,15948,17629,-9.54%,7000,25000,53%,73%,57%,47%
2024-05-01,Market Report May 2024,SUPPLY DUTIES PSVS > 900M2,18071,20482,-11.77%,11000,25252,53%,73%,57%,47%
2024-04-01,Market Report April 2024,"AHTS DUTIES AHTS < 22,000 BHP",35198,25898,+35.91%,20162,60000,67%,73%,63%,58%
2024-04-01,Market Report April 2024,"AHTS DUTIES AHTS > 22,000 BHP",33784,41394,-18.38%,13930,77000,67%,73%,63%,58%
2024-04-01,Market Report April 2024,SUPPLY DUTIES PSVS < 900M2,12758,14169,-9.96%,4000,25661,67%,73%,63%,58%
2024-04-01,Market Report April 2024,SUPPLY DUTIES PSVS > 900M2,15311,15701,-2.48%,5500,26394,67%,73%,63%,58%
2024-03-01,Market Report March 2024,"AHTS DUTIES AHTS < 22,000 BHP",51813,41590,+24.58%,20000,120000,34%,64%,54%,62%
2024-03-01,Market Report March 2024,"AHTS DUTIES AHTS > 22,000 BHP",45681,49249,-7.24%,14590,80000,34%,64%,54%,62%
2024-03-01,Market Report March 2024,SUPPLY DUTIES PSVS < 900M2,6349,6256,+1.49%,4000,9483,34%,64%,54%,62%
2024-03-01,Market Report March 2024,SUPPLY DUTIES PSVS > 900M2,7182,8234,-12.78%,5000,15684,34%,64%,54%,62%
2024-02-01,Market Report February 2024,"AHTS DUTIES AHTS < 22,000 BHP",48559,35330,+37.44%,18000,116314,46%,67%,54%,65%
2024-02-01,Market Report February 2024,"AHTS DUTIES AHTS > 22,000 BHP",53962,34199,+57.79%,24000,100000,46%,67%,54%,65%
2024-02-01,Market Report February 2024,SUPPLY DUTIES PSVS < 900M2,13432,4690,+186.40%,6750,30016,46%,67%,54%,65%
2024-02-01,Market Report February 2024,SUPPLY DUTIES PSVS > 900M2,10967,8289,+32.31%,5000,20000,46%,67%,54%,65%
2024-01-01,Market Report January 2024,"AHTS DUTIES AHTS < 22,000 BHP",21777,31200,-30.20%,10000,47500,63%,67%,67%,65%
2024-01-01,Market Report January 2024,"AHTS DUTIES AHTS > 22,000 BHP",27593,29126,-5.26%,10610,70000,63%,67%,67%,65%
2024-01-01,Market Report January 2024,SUPPLY DUTIES PSVS < 900M2,9028,4443,+103.20%,5000,19325,63%,67%,67%,65%
2024-01-01,Market Report January 2024,SUPPLY DUTIES PSVS > 900M2,11365,6672,+70.34%,5000,22736,63%,67%,67%,65%
2023-11-01,Market Report November/December 2023,"AHTS DUTIES AHTS < 22,000 BHP",18505,13257,+39.59%,13065,25000,72%,78%,38%,54%
2023-11-01,Market Report November/December 2023,"AHTS DUTIES AHTS > 22,000 BHP",23904,14665,+63.00%,16000,40588,72%,78%,38%,54%
2023-11-01,Market Report November/December 2023,SUPPLY DUTIES PSVS < 900M2,19722,6181,+219.07%,12000,32500,72%,78%,38%,54%
2023-11-01,Market Report November/December 2023,SUPPLY DUTIES PSVS > 900M2,25290,8756,+188.83%,15866,37000,72%,78%,38%,54%
2023-10-01,Market Report October 2023,"AHTS DUTIES AHTS < 22,000 BHP",36665,11644,+214.88%,18000,65000,74%,91%,58%,73%
2023-10-01,Market Report October 2023,"AHTS DUTIES AHTS > 22,000 BHP",49076,16516,+197.14%,14973,112295,74%,91%,58%,73%
2023-10-01,Market Report October 2023,SUPPLY DUTIES PSVS < 900M2,20096,11277,+78.20%,10000,35500,74%,91%,58%,73%
2023-10-01,Market Report October 2023,SUPPLY DUTIES PSVS > 900M2,26005,10248,+153.76%,16096,30000,74%,91%,58%,73%
2023-09-01,Market Report September 2023,"AHTS DUTIES AHTS < 22,000 BHP",24804,11717,+111.69%,13532,70000,73%,86%,47%,46%
2023-09-01,Market Report September 2023,"AHTS DUTIES AHTS > 22,000 BHP",29402,13877,+111.88%,13532,80000,73%,86%,47%,46%
2023-09-01,Market Report September 2023,SUPPLY DUTIES PSVS < 900M2,17932,12764,+40.49%,10000,29500,73%,86%,47%,46%
2023-09-01,Market Report September 2023,SUPPLY DUTIES PSVS > 900M2,19772,12405,+59.39%,14750,30158,73%,86%,47%,46%
2023-08-01,Market Report August 2023,"AHTS DUTIES AHTS < 22,000 BHP",34740,24750,+40.36%,16320,85000,61%,90%,56%,65%
2023-08-01,Market Report August 2023,"AHTS DUTIES AHTS > 22,000 BHP",33958,19627,+73.02%,15061,70000,61%,90%,56%,65%
2023-08-01,Market Report August 2023,SUPPLY DUTIES PSVS < 900M2,12912,10936,+18.07%,7500,26357,61%,90%,56%,65%
2023-08-01,Market Report August 2023,SUPPLY DUTIES PSVS > 900M2,16835,14446,+16.54%,9400,26357,61%,90%,56%,65%
2023-07-01,Market Report July 2023,"AHTS DUTIES AHTS < 22,000 BHP",26269,106209,-75.27%,18000,41000,73%,74%,56%,56%
2023-07-01,Market Report July 2023,"AHTS DUTIES AHTS > 22,000 BHP",26380,97941,-73.07%,14317,43704,73%,74%,56%,56%
2023-07-01,Market Report July 2023,SUPPLY DUTIES PSVS < 900M2,12644,15945,-20.70%,8750,25243,73%,74%,56%,56%
2023-07-01,Market Report July 2023,SUPPLY DUTIES PSVS > 900M2,11694,17142,-31.78%,8000,18000,73%,74%,56%,56%
2023-06-01,Market Report June 2023,"AHTS DUTIES AHTS < 22,000 BHP",31462,122485,-74.31%,17000,75000,78%,73%,64%,59%
2023-06-01,Market Report June 2023,"AHTS DUTIES AHTS > 22,000 BHP",31939,121231,-73.65%,14667,88001,78%,73%,64%,59%
2023-06-01,Market Report June 2023,SUPPLY DUTIES PSVS < 900M2,16381,21665,-24.39%,10000,28500,78%,73%,64%,59%
2023-06-01,Market Report June 2023,SUPPLY DUTIES PSVS > 900M2,20400,21591,-5.52%,12000,25667,78%,73%,64%,59%
2023-05-01,Market Report May 2023,"AHTS DUTIES AHTS < 22,000 BHP",33744,36865,-8.47%,17442,74215,79%,85%,38%,65%
2023-05-01,Market Report May 2023,"AHTS DUTIES AHTS > 22,000 BHP",51175,34314,+49.14%,20000,103901,79%,85%,38%,65%
2023-05-01,Market Report May 2023,SUPPLY DUTIES PSVS < 900M2,17629,19116,-7.78%,7000,25000,79%,85%,38%,65%
2023-05-01,Market Report May 2023,SUPPLY DUTIES PSVS > 900M2,20482,20435,+0.23%,10000,29500,79%,85%,38%,65%
2023-04-01,Market Report April 2023,"AHTS DUTIES AHTS < 22,000 BHP",25898,16428,+57.65%,20000,41483,80%,64%,65%,56%
2023-04-01,Market Report April 2023,"AHTS DUTIES AHTS > 22,000 BHP",41394,24159,+71.34%,15323,92000,80%,64%,65%,56%
2023-04-01,Market Report April 2023,SUPPLY DUTIES PSVS < 900M2,14169,14547,-2.60%,7943,25000,80%,64%,65%,56%
2023-04-01,Market Report April 2023,SUPPLY DUTIES PSVS > 900M2,15701,15869,-1.06%,9000,30000,80%,64%,65%,56%
2023-03-01,Market Report March 2023,"AHTS DUTIES AHTS < 22,000 BHP",41590,38879,+6.97%,17653,120000,61%,64%,62%,68%
2023-03-01,Market Report March 2023,"AHTS DUTIES AHTS > 22,000 BHP",49249,56105,-12.22%,14874,100000,61%,64%,62%,68%
2023-03-01,Market Report March 2023,SUPPLY DUTIES PSVS < 900M2,6256,11680,-46.44%,3500,14564,61%,64%,62%,68%
2023-03-01,Market Report March 2023,SUPPLY DUTIES PSVS > 900M2,8234,14363,-42.67%,3523,17614,61%,64%,62%,68%
2023-02-01,Market Report February 2023,"AHTS DUTIES AHTS < 22,000 BHP",35330,22765,+55.19%,10000,90000,47%,71%,67%,51%
2023-02-01,Market Report February 2023,"AHTS DUTIES AHTS > 22,000 BHP",34199,31605,+8.21%,16028,80951,47%,71%,67%,51%
2023-02-01,Market Report February 2023,SUPPLY DUTIES PSVS < 900M2,4690,7767,-39.62%,3250,6750,47%,71%,67%,51%
2023-02-01,Market Report February 2023,SUPPLY DUTIES PSVS > 900M2,8289,9978,-16.93%,4000,18100,47%,71%,67%,51%
2023-01-01,Market Report January 2023,"AHTS DUTIES AHTS < 22,000 BHP",31200,10544,+195.90%,16000,50000,51%,71%,54%,66%
2023-01-01,Market Report January 2023,SUPPLY DUTIES PSVS < 900M2,4443,6684,-33.53%,3250,7580,51%,71%,54%,66%
2023-01-01,Market Report January 2023,SUPPLY DUTIES PSVS > 900M2,6672,6701,-0.43%,3708,15655,51%,71%,54%,66%
2022-11-01,Market Report nov./ dec. 2022,"AHTS DUTIES AHTS < 22,000 BHP",13257,16564,-19.96%,7572,21500,63%,71%,47%,45%
2022-11-01,Market Report nov./ dec. 2022,"AHTS DUTIES AHTS > 22,000 BHP",14665,14389,+1.92%,10000,27344,63%,71%,47%,45%
2022-11-01,Market Report nov./ dec. 2022,SUPPLY DUTIES PSVS < 900M2,6181,12358,-49.98%,5000,10096,63%,71%,47%,45%
2022-11-01,Market Report nov./ dec. 2022,SUPPLY DUTIES PSVS > 900M2,8756,11806,-25.83%,5889,15000,63%,71%,47%,45%
2022-10-01,Market Report october 2022,"AHTS DUTIES AHTS < 22,000 BHP",11644,17816,-34.64%,8621,15000,63%,66%,44%,58%
2022-10-01,Market Report october 2022,"AHTS DUTIES AHTS > 22,000 BHP",16516,20488,-19.39%,8367,41837,63%,66%,44%,58%
2022-10-01,Market Report october 2022,SUPPLY DUTIES PSVS < 900M2,11277,12685,-11.10%,7000,17000,63%,66%,44%,58%
2022-10-01,Market Report october 2022,SUPPLY DUTIES PSVS > 900M2,10248,12457,-17.73%,6275,21000,63%,66%,44%,58%
2022-09-01,Market Report September 2022,"AHTS DUTIES AHTS < 22,000 BHP",11717,39417,-70.27%,8250,20000,78%,79%,49%,47%
2022-09-01,Market Report September 2022,"AHTS DUTIES AHTS > 22,000 BHP",13877,30896,-55.08%,8000,37000,78%,79%,49%,47%
2022-09-01,Market Report September 2022,SUPPLY DUTIES PSVS < 900M2,12764,7465,+70.98%,7200,18500,78%,79%,49%,47%
2022-09-01,Market Report September 2022,SUPPLY DUTIES PSVS > 900M2,12405,7859,+57.84%,6000,18542,78%,79%,49%,47%
2022-08-01,Market Report August 2022,"AHTS DUTIES AHTS < 22,000 BHP",24750,19578,+26.42%,10307,56000,71%,80%,51%,56%
2022-08-01,Market Report August 2022,"AHTS DUTIES AHTS > 22,000 BHP",19627,24312,-19.27%,10307,52500,71%,80%,51%,56%
2022-08-01,Market Report August 2022,SUPPLY DUTIES PSVS < 900M2,10396,6042,+72.06%,6500,16319,71%,80%,51%,56%
2022-08-01,Market Report August 2022,SUPPLY DUTIES PSVS > 900M2,14446,7270,+98.71%,6500,21473,71%,80%,51%,56%
2022-07-01,Market Report July 2022,"AHTS DUTIES AHTS < 22,000 BHP",106209,25440,+317.49%,37000,166654,66%,79%,69%,75%
2022-07-01,Market Report July 2022,"AHTS DUTIES AHTS > 22,000 BHP",97941,23149,+323.09%,38250,175000,66%,79%,69%,75%
2022-07-01,Market Report July 2022,SUPPLY DUTIES PSVS < 900M2,15945,8750,+82.23%,7300,25000,66%,79%,69%,75%
2022-07-01,Market Report July 2022,SUPPLY DUTIES PSVS > 900M2,17142,9031,+89.80%,10833,25000,66%,79%,69%,75%
2022-06-01,Market Report June 2022,"AHTS DUTIES AHTS < 22,000 BHP",122485,16287,+652.04%,35000,190000,77%,74%,77%,75%
2022-06-01,Market Report June 2022,"AHTS DUTIES AHTS > 22,000 BHP",121231,17604,+588.66%,45000,229020,77%,74%,77%,75%
2022-06-01,Market Report June 2022,SUPPLY DUTIES PSVS < 900M2,21665,10524,+105.86%,17152,33000,77%,74%,77%,75%
2022-06-01,Market Report June 2022,SUPPLY DUTIES PSVS > 900M2,21591,11774,+83.38%,15000,30000,77%,74%,77%,75%
2022-05-01,Market Report May 2022,"AHTS DUTIES AHTS < 22,000 BHP",36865,12843,+187.04%,17500,82500,83%,80%,48%,59%
2022-05-01,Market Report May 2022,"AHTS DUTIES AHTS > 22,000 BHP",34314,15401,+122.80%,15000,81500,83%,80%,48%,59%
2022-05-01,Market Report May 2022,SUPPLY DUTIES PSVS < 900M2,19116,9241,+106.86%,12500,30000,83%,80%,48%,59%
2022-05-01,Market Report May 2022,SUPPLY DUTIES PSVS > 900M2,20435,10872,+87.96%,12000,28500,83%,80%,48%,59%
2022-04-01,Market Report April 2022,"AHTS DUTIES AHTS < 22,000 BHP",16428,15068,+9.03%,10000,30000,79%,84%,45%,52%
2022-04-01,Market Report April 2022,"AHTS DUTIES AHTS > 22,000 BHP",24159,19327,+25.00%,13791,55000,79%,84%,45%,52%
2022-04-01,Market Report April 2022,SUPPLY DUTIES PSVS < 900M2,14547,7755,+87.58%,9750,19548,79%,84%,45%,52%
2022-04-01,Market Report April 2022,SUPPLY DUTIES PSVS > 900M2,15869,10496,+51.19%,9500,25000,79%,84%,45%,52%
2022-03-01,Market Report March 2022,"AHTS DUTIES AHTS < 22,000 BHP",30396,27971,+8.67%,6683,85842,66%,78%,63%,73%
2022-03-01,Market Report March 2022,"AHTS DUTIES AHTS > 22,000 BHP",56105,35211,+59.34%,30045,85842,66%,78%,63%,73%
2022-03-01,Market Report March 2022,SUPPLY DUTIES PSVS < 900M2,11680,7778,+50.17%,8750,17500,66%,78%,63%,73%
2022-03-01,Market Report March 2022,SUPPLY DUTIES PSVS > 900M2,14363,8360,+71.81%,7297,25000,66%,78%,63%,73%
2022-02-01,Market Report February 2022,"AHTS DUTIES AHTS < 22,000 BHP",22765,10928,+108.32%,8381,54129,67%,63%,47%,48%
2022-02-01,Market Report February 2022,"AHTS DUTIES AHTS > 22,000 BHP",31605,20121,+57.07%,12000,66620,67%,63%,47%,48%
2022-02-01,Market Report February 2022,SUPPLY DUTIES PSVS < 900M2,7769,11012,-29.45%,3995,15000,67%,63%,47%,48%
2022-02-01,Market Report February 2022,SUPPLY DUTIES PSVS > 900M2,9978,9861,+1.19%,4000,25000,67%,63%,47%,48%
2022-01-01,Market Report January 2022,"AHTS DUTIES AHTS < 22,000 BHP",10544,8656,+21.81%,8000,20843,62%,62%,51%,31%
2022-01-01,Market Report January 2022,"AHTS DUTIES AHTS > 22,000 BHP",13428,8442,+59.06%,6670,20843,62%,62%,51%,31%
2022-01-01,Market Report January 2022,SUPPLY DUTIES PSVS < 900M2,6684,6774,-1.33%,3500,11679,62%,62%,51%,31%
2022-01-01,Market Report January 2022,SUPPLY DUTIES PSVS > 900M2,6701,5818,+15.18%,4000,14590,62%,62%,51%,31%
2021-11-01,Market Report November/Desember 2021,"AHTS DUTIES AHTS < 22,000 BHP",16564,9100,+82.02%,10177,25000,83%,79%,52%,57%
2021-11-01,Market Report November/Desember 2021,"AHTS DUTIES AHTS > 22,000 BHP",14389,13013,+10.57%,8501,29755,83%,79%,52%,57%
2021-11-01,Market Report November/Desember 2021,SUPPLY DUTIES PSVS < 900M2,12358,3854,+220.65%,7209,20000,83%,79%,52%,57%
2021-11-01,Market Report November/Desember 2021,SUPPLY DUTIES PSVS > 900M2,11806,4890,+141.43%,6376,20000,83%,79%,52%,57%
2021-10-01,Market Report October 2021,"AHTS DUTIES AHTS < 22,000 BHP",17816,12042,+47.95%,9000,36500,80%,84%,50%,64%
2021-10-01,Market Report October 2021,"AHTS DUTIES AHTS > 22,000 BHP",20488,9585,+113.75%,10000,51772,80%,84%,50%,64%
2021-10-01,Market Report October 2021,SUPPLY DUTIES PSVS < 900M2,12685,6651,+90.72%,5936,20000,80%,84%,50%,64%
2021-10-01,Market Report October 2021,SUPPLY DUTIES PSVS > 900M2,12457,6664,+86.93%,6784,19414,80%,84%,50%,64%
2021-09-01,Market Report September 2021,"AHTS DUTIES AHTS < 22,000 BHP",39417,23271,+69.38%,10279,80000,70%,79%,73%,68%
2021-09-01,Market Report September 2021,"AHTS DUTIES AHTS > 22,000 BHP",30896,29683,+4.09%,7139,105000,70%,79%,73%,68%
2021-09-01,Market Report September 2021,SUPPLY DUTIES PSVS < 900M2,7465,8872,-15.86%,4198,13015,70%,79%,73%,68%
2021-09-01,Market Report September 2021,SUPPLY DUTIES PSVS > 900M2,7859,9651,-18.57%,3569,14694,70%,79%,73%,68%
2021-08-01,Market Report August 2021,"AHTS DUTIES AHTS < 22,000 BHP",19578,32250,-39.29%,8183,45007,71%,66%,75%,63%
2021-08-01,Market Report August 2021,"AHTS DUTIES AHTS > 22,000 BHP",24312,32256,-24.63%,10638,52372,71%,66%,75%,63%
2021-08-01,Market Report August 2021,SUPPLY DUTIES PSVS < 900M2,6042,7529,-19.75%,4501,9000,71%,66%,75%,63%
2021-08-01,Market Report August 2021,SUPPLY DUTIES PSVS > 900M2,7270,4175,+74.13%,4910,14320,71%,66%,75%,63%
2021-07-01,Market Report July 2021,"AHTS DUTIES AHTS < 22,000 BHP",25440,16961,+49.99%,14000,45000,76%,79%,68%,66%
2021-07-01,Market Report July 2021,"AHTS DUTIES AHTS > 22,000 BHP",23149,18132,+27.67%,6609,39000,76%,79%,68%,66%
2021-07-01,Market Report July 2021,SUPPLY DUTIES PSVS < 900M2,8750,4650,+88.17%,5369,11986,76%,79%,68%,66%
2021-07-01,Market Report July 2021,SUPPLY DUTIES PSVS > 900M2,9031,4310,+109.54%,5369,13699,76%,79%,68%,66%
2021-06-01,Market Report June 2021,"AHTS DUTIES AHTS < 22,000 BHP",16287,16898,-3.62%,6772,30000,78%,75%,56%,59%
2021-06-01,Market Report June 2021,"AHTS DUTIES AHTS > 22,000 BHP",17604,17197,+2.37%,7618,34500,78%,75%,56%,59%
2021-06-01,Market Report June 2021,SUPPLY DUTIES PSVS < 900M2,10524,4485,+134.65%,5925,14500,78%,75%,56%,59%
2021-06-01,Market Report June 2021,SUPPLY DUTIES PSVS > 900M2,11774,4769,+146.89%,8000,15000,78%,75%,56%,59%
2021-05-01,Market Report May 2021,"AHTS DUTIES AHTS < 22,000 BHP",12843,10745,+19.53%,7769,22000,70%,79%,67%,64%
2021-05-01,Market Report May 2021,"AHTS DUTIES AHTS > 22,000 BHP",15401,13100,+17.56%,7705,23000,70%,79%,67%,64%
2021-05-01,Market Report May 2021,SUPPLY DUTIES PSVS < 900M2,9241,3751,+146.36%,5000,15411,70%,79%,67%,64%
2021-05-01,Market Report May 2021,SUPPLY DUTIES PSVS > 900M2,10872,4370,+148.79%,5000,18000,70%,79%,67%,64%
2021-04-01,Market Report April 2021,"AHTS DUTIES AHTS < 22,000 BHP",15068,7087,+112.61%,8000,30000,64%,68%,49%,54%
2021-04-01,Market Report April 2021,"AHTS DUTIES AHTS > 22,000 BHP",19327,8141,+137.40%,7311,43006,64%,68%,49%,54%
2021-04-01,Market Report April 2021,SUPPLY DUTIES PSVS < 900M2,7755,3485,+122.53%,5500,12000,64%,68%,49%,54%
2021-04-01,Market Report April 2021,SUPPLY DUTIES PSVS > 900M2,10496,3733,+181.17%,5550,20643,64%,68%,49%,54%
2021-03-01,Market Report March 2021,"AHTS DUTIES AHTS < 22,000 BHP",26914,25486,+5.60%,7000,74962,51%,71%,37%,62%
2021-03-01,Market Report March 2021,"AHTS DUTIES AHTS > 22,000 BHP",33253,21268,+56.35%,9500,78907,51%,71%,37%,62%
2021-03-01,Market Report March 2021,SUPPLY DUTIES PSVS < 900M2,7695,8863,-13.18%,4734,15000,51%,71%,37%,62%
2021-03-01,Market Report March 2021,SUPPLY DUTIES PSVS > 900M2,8152,7132,+14.30%,5129,15781,51%,71%,37%,62%
2021-02-01,Market Report February 2021,"AHTS DUTIES AHTS < 22,000 BHP",10928,18562,-41.13%,6108,27132,65%,82%,30%,54%
2021-02-01,Market Report February 2021,"AHTS DUTIES AHTS > 22,000 BHP",20121,16901,+19.05%,9327,46633,65%,82%,30%,54%
2021-02-01,Market Report February 2021,SUPPLY DUTIES PSVS < 900M2,11012,6308,+74.57%,5250,20000,65%,82%,30%,54%
2021-02-01,Market Report February 2021,SUPPLY DUTIES PSVS > 900M2,9861,8014,+23.05%,5250,15995,65%,82%,30%,54%
2021-01-01,Market Report January 2021,"AHTS DUTIES AHTS < 22,000 BHP",8656,7959,+8.76%,5595,11500,66%,77%,39%,40%
2021-01-01,Market Report January 2021,"AHTS DUTIES AHTS > 22,000 BHP",8442,9203,-8.27%,5165,24102,66%,77%,39%,40%
2021-01-01,Market Report January 2021,SUPPLY DUTIES PSVS < 900M2,6774,5257,+28.86%,4304,14500,66%,77%,39%,40%
2021-01-01,Market Report January 2021,SUPPLY DUTIES PSVS > 900M2,5818,6810,-14.57%,2500,12000,66%,77%,39%,40%
2020-10-01,Market Report October 2020,"AHTS DUTIES AHTS < 22,000 BHP",12042,34305,-64.90%,6223,22819,67%,76%,39%,53%
2020-10-01,Market Report October 2020,"AHTS DUTIES AHTS > 22,000 BHP",9585,29220,-67.20%,4564,18670,67%,76%,39%,53%
2020-10-01,Market Report October 2020,SUPPLY DUTIES PSVS < 900M2,6651,5916,+12.42%,4350,17011,67%,76%,39%,53%
2020-10-01,Market Report October 2020,SUPPLY DUTIES PSVS > 900M2,6664,6940,-3.98%,4149,12447,67%,76%,39%,53%
2020-09-01,Market Report September 2020,"AHTS DUTIES AHTS < 22,000 BHP",23271,35871,-35.13%,15000,35000,84%,82%,72%,74%
2020-09-01,Market Report September 2020,"AHTS DUTIES AHTS > 22,000 BHP",29683,33057,-10.21%,14000,60000,84%,82%,72%,74%
2020-09-01,Market Report September 2020,SUPPLY DUTIES PSVS < 900M2,8872,11161,-20.51%,4495,15217,84%,82%,72%,74%
2020-09-01,Market Report September 2020,SUPPLY DUTIES PSVS > 900M2,9651,10434,-7.50%,3750,16500,84%,82%,72%,74%
2020-08-01,Market Report August 2020,"AHTS DUTIES AHTS < 22,000 BHP",32250,16124,+100.01%,13509,55000,71%,61%,56%,63%
2020-08-01,Market Report August 2020,"AHTS DUTIES AHTS > 22,000 BHP",32256,32237,+0.06%,11049,63743,71%,61%,56%,63%
2020-08-01,Market Report August 2020,SUPPLY DUTIES PSVS < 900M2,7529,8420,-10.58%,2700,13000,71%,61%,56%,63%
2020-08-01,Market Report August 2020,SUPPLY DUTIES PSVS > 900M2,4175,10646,-60.78%,2500,10250,71%,61%,56%,63%
2020-07-01,Market Report July 2020,"AHTS DUTIES AHTS < 22,000 BHP",16961,20533,-17.40%,9750,28861,47%,55%,48%,74%
2020-07-01,Market Report July 2020,"AHTS DUTIES AHTS > 22,000 BHP",18132,23150,-21.68%,5942,33954,47%,55%,48%,74%
2020-07-01,Market Report July 2020,SUPPLY DUTIES PSVS < 900M2,4650,10639,-56.29%,3500,5750,47%,55%,48%,74%
2020-07-01,Market Report July 2020,SUPPLY DUTIES PSVS > 900M2,4310,11928,-63.87%,1867,10000,47%,55%,48%,74%
2020-06-01,Market Report June 2020,"AHTS DUTIES AHTS < 22,000 BHP",16898,24750,-31.73%,10000,30000,60%,63%,41%,52%
2020-06-01,Market Report June 2020,"AHTS DUTIES AHTS > 22,000 BHP",17197,25687,-33.05%,5861,30000,60%,63%,41%,52%
2020-06-01,Market Report June 2020,SUPPLY DUTIES PSVS < 900M2,4485,10224,-56.13%,3000,5500,60%,63%,41%,52%
2020-06-01,Market Report June 2020,SUPPLY DUTIES PSVS > 900M2,4769,11039,-56.80%,3500,6280,60%,63%,41%,52%
2020-05-01,Market Report May 2020,"AHTS DUTIES AHTS < 22,000 BHP",10745,21629,-50.32%,5000,20107,42%,50%,38%,55%
2020-05-01,Market Report May 2020,"AHTS DUTIES AHTS > 22,000 BHP",13100,26482,-50.53%,4021,30000,42%,50%,38%,55%
2020-05-01,Market Report May 2020,SUPPLY DUTIES PSVS < 900M2,3751,14573,-74.26%,2250,6836,42%,50%,38%,55%
2020-05-01,Market Report May 2020,SUPPLY DUTIES PSVS > 900M2,4370,15422,-71.66%,2000,8847,42%,50%,38%,55%
2020-04-01,Market Report April 2020,"AHTS DUTIES AHTS < 22,000 BHP",7087,15703,-54.87%,5000,12266,47%,24%,37%,46%
2020-04-01,Market Report April 2020,"AHTS DUTIES AHTS > 22,000 BHP",8141,16775,-51.47%,5000,15463,47%,24%,37%,46%
2020-04-01,Market Report April 2020,SUPPLY DUTIES PSVS < 900M2,3485,15340,-77.28%,3000,5500,47%,24%,37%,46%
2020-04-01,Market Report April 2020,SUPPLY DUTIES PSVS > 900M2,3733,16587,-77.49%,3000,5500,47%,24%,37%,46%
2020-03-01,Market Report March 2020,"AHTS DUTIES AHTS < 22,000 BHP",25486,19848,+28.41%,14312,52500,66%,58%,51%,67%
2020-03-01,Market Report March 2020,"AHTS DUTIES AHTS > 22,000 BHP",21268,20592,+3.28%,7102,45372,66%,58%,51%,67%
2020-03-01,Market Report March 2020,SUPPLY DUTIES PSVS < 900M2,8863,9473,-6.44%,3500,24995,66%,58%,51%,67%
2020-03-01,Market Report March 2020,SUPPLY DUTIES PSVS > 900M2,7132,13339,-46.53%,3551,12250,66%,58%,51%,67%
2020-02-01,Market Report February 2020,"AHTS DUTIES AHTS < 22,000 BHP",18562,14899,+24.59%,5500,37500,63%,74%,38%,57%
2020-02-01,Market Report February 2020,"AHTS DUTIES AHTS > 22,000 BHP",16901,20987,-19.47%,6640,44818,63%,74%,38%,57%
2020-02-01,Market Report February 2020,SUPPLY DUTIES PSVS < 900M2,6308,8789,-28.23%,3000,15000,63%,74%,38%,57%
2020-02-01,Market Report February 2020,SUPPLY DUTIES PSVS > 900M2,8014,11076,-27.65%,3950,12495,63%,74%,38%,57%
2020-01-01,Market Report January 2020,"AHTS DUTIES AHTS < 22,000 BHP",7959,29143,-72.69%,7215,8700,59%,65%,12%,34%
2020-01-01,Market Report January 2020,"AHTS DUTIES AHTS > 22,000 BHP",9203,16134,-42.96%,6417,21389,59%,65%,12%,34%
2020-01-01,Market Report January 2020,SUPPLY DUTIES PSVS < 900M2,5257,5299,-0.79%,3300,17111,59%,65%,12%,34%
2020-01-01,Market Report January 2020,SUPPLY DUTIES PSVS > 900M2,6810,5280,+28.98%,3300,17539,59%,65%,12%,34%
2019-11-01,Market Report Nov/Dec 2019,"AHTS DUTIES AHTS < 22,000 BHP",24346,6100,+299.11%,9500,40000,67%,68%,51%,62%
2019-11-01,Market Report Nov/Dec 2019,"AHTS DUTIES AHTS > 22,000 BHP",24610,9567,+157.24%,12734,40325,67%,68%,51%,62%
2019-11-01,Market Report Nov/Dec 2019,SUPPLY DUTIES PSVS < 900M2,8398,5594,+50.13%,4150,15281,67%,68%,51%,62%
2019-11-01,Market Report Nov/Dec 2019,SUPPLY DUTIES PSVS > 900M2,8007,6004,+33.36%,4450,15000,67%,68%,51%,62%
2019-10-01,Market Report October 2019,"AHTS DUTIES AHTS < 22,000 BHP",34305,12552,+173.30%,11338,60336,62%,63%,57%,69%
2019-10-01,Market Report October 2019,"AHTS DUTIES AHTS > 22,000 BHP",29220,12555,+132.74%,9481,75000,62%,63%,57%,69%
2019-10-01,Market Report October 2019,SUPPLY DUTIES PSVS < 900M2,5916,8441,-29.91%,4250,7757,62%,63%,57%,69%
2019-10-01,Market Report October 2019,SUPPLY DUTIES PSVS > 900M2,6940,10152,-31.64%,3000,12995,62%,63%,57%,69%
2019-09-01,Market Report September 2019,"AHTS DUTIES AHTS < 22,000 BHP",35871,9717,+269.16%,10707,75000,77%,78%,66%,61%
2019-09-01,Market Report September 2019,"AHTS DUTIES AHTS > 22,000 BHP",33057,14048,+135.31%,11227,75845,77%,78%,66%,61%
2019-09-01,Market Report September 2019,SUPPLY DUTIES PSVS < 900M2,11161,8396,+32.93%,6736,18000,77%,78%,66%,61%
2019-09-01,Market Report September 2019,SUPPLY DUTIES PSVS > 900M2,10434,9104,+14.61%,6736,22000,77%,78%,66%,61%
2019-08-01,Market Report August 2019,"AHTS DUTIES AHTS < 22,000 BHP",16124,17593,-8.35%,8248,32500,78%,72%,71%,78%
2019-08-01,Market Report August 2019,"AHTS DUTIES AHTS > 22,000 BHP",32237,24324,+32.53%,7810,68910,78%,72%,71%,78%
2019-08-01,Market Report August 2019,SUPPLY DUTIES PSVS < 900M2,8420,5692,+47.93%,5000,14000,78%,72%,71%,78%
2019-08-01,Market Report August 2019,SUPPLY DUTIES PSVS > 900M2,10646,8550,+24.51%,6900,18000,78%,72%,71%,78%
2019-07-01,Market Report July 2019,"AHTS DUTIES AHTS < 22,000 BHP",20533,12303,+66.89%,11250,50000,70%,74%,61%,59%
2019-07-01,Market Report July 2019,"AHTS DUTIES AHTS > 22,000 BHP",23150,14112,+64.04%,8377,51190,70%,74%,61%,59%
2019-07-01,Market Report July 2019,SUPPLY DUTIES PSVS < 900M2,10639,8275,+28.57%,6000,16288,70%,74%,61%,59%
2019-07-01,Market Report July 2019,SUPPLY DUTIES PSVS > 900M2,11928,9360,+27.44%,8500,18000,70%,74%,61%,59%
2019-06-01,Market Report June 2019,"AHTS DUTIES AHTS < 22,000 BHP",24750,9875,+150.63%,12000,47500,70%,75%,77%,73%
2019-06-01,Market Report June 2019,"AHTS DUTIES AHTS > 22,000 BHP",25687,16931,+51.72%,10000,55000,70%,75%,77%,73%
2019-06-01,Market Report June 2019,SUPPLY DUTIES PSVS < 900M2,10224,7631,+33.98%,5250,16000,70%,75%,77%,73%
2019-06-01,Market Report June 2019,SUPPLY DUTIES PSVS > 900M2,11039,7585,+45.54%,6000,15909,70%,75%,77%,73%
2019-05-01,Market Report May 2019,"AHTS DUTIES AHTS < 22,000 BHP",21629,8733,+147.67%,9500,47500,72%,80%,44%,65%
2019-05-01,Market Report May 2019,"AHTS DUTIES AHTS > 22,000 BHP",26482,12843,+106.20%,8899,47500,72%,80%,44%,65%
2019-05-01,Market Report May 2019,SUPPLY DUTIES PSVS < 900M2,14573,7589,+92.03%,6500,23582,72%,80%,44%,65%
2019-05-01,Market Report May 2019,SUPPLY DUTIES PSVS > 900M2,15422,8400,+83.60%,11123,25000,72%,80%,44%,65%
2019-04-01,Market Report April 2019,"AHTS DUTIES AHTS < 22,000 BHP",15703,25958,-39.51%,6880,30001,86%,82%,40%,50%
2019-04-01,Market Report April 2019,"AHTS DUTIES AHTS > 22,000 BHP",16775,32322,-48.41%,8912,28500,86%,82%,40%,50%
2019-04-01,Market Report April 2019,SUPPLY DUTIES PSVS < 900M2,15340,8333,+184.09%,11500,21000,86%,82%,40%,50%
2019-04-01,Market Report April 2019,SUPPLY DUTIES PSVS > 900M2,16587,7856,+211.14%,10995,22500,86%,82%,40%,50%
2019-03-01,Market Report March 2019,"AHTS DUTIES AHTS < 22,000 BHP",19848,20748,-4.34%,13500,31000,81%,79%,39%,62%
2019-03-01,Market Report March 2019,"AHTS DUTIES AHTS > 22,000 BHP",20592,14003,+47.05%,14568,35316,81%,79%,39%,62%
2019-03-01,Market Report March 2019,SUPPLY DUTIES PSVS < 900M2,9473,5968,+58.73%,6866,13244,81%,79%,39%,62%
2019-03-01,Market Report March 2019,SUPPLY DUTIES PSVS > 900M2,13339,5737,+132.51%,8000,19865,81%,79%,39%,62%
2019-02-01,Market Report February 2019,"AHTS DUTIES AHTS < 22,000 BHP",14899,6643,+124.28%,7095,20000,73%,82%,38%,69%
2019-02-01,Market Report February 2019,"AHTS DUTIES AHTS > 22,000 BHP",20987,9410,+123.03%,10500,34771,73%,82%,38%,69%
2019-02-01,Market Report February 2019,SUPPLY DUTIES PSVS < 900M2,8789,5844,+50.39%,4000,17500,73%,82%,38%,69%
2019-02-01,Market Report February 2019,SUPPLY DUTIES PSVS > 900M2,11076,5627,+96.84%,6000,17165,73%,82%,38%,69%
2019-01-01,Market Report January 2019,"AHTS DUTIES AHTS < 22,000 BHP",29893,5481,+445.39%,6960,67500,62%,58%,34%,61%
2019-01-01,Market Report January 2019,"AHTS DUTIES AHTS > 22,000 BHP",16134,8736,+84.68%,5404,38288,62%,58%,34%,61%
2019-01-01,Market Report January 2019,SUPPLY DUTIES PSVS < 900M2,5299,4996,+6.06%,3750,8000,62%,58%,34%,61%
2019-01-01,Market Report January 2019,SUPPLY DUTIES PSVS > 900M2,5280,5959,-11.39%,3378,9500,62%,58%,34%,61%
2018-11-01,Market Report Nov/Dec 2018,"AHTS DUTIES AHTS < 22,000 BHP",6100,17299,-64.74%,5500,7000,59%,67%,35%,50%
2018-11-01,Market Report Nov/Dec 2018,"AHTS DUTIES AHTS > 22,000 BHP",9567,9171,+4.32%,4545,25000,59%,67%,35%,50%
2018-11-01,Market Report Nov/Dec 2018,SUPPLY DUTIES PSVS < 900M2,5594,6017,-7.03%,3772,11000,59%,67%,35%,50%
2018-11-01,Market Report Nov/Dec 2018,SUPPLY DUTIES PSVS > 900M2,6004,5203,+15.39%,3636,10909,59%,67%,35%,50%
2018-10-01,Market Report October 2018,"AHTS DUTIES AHTS < 22,000 BHP",12552,5161,+143.21%,6000,24000,64%,83%,52%,58%
2018-10-01,Market Report October 2018,"AHTS DUTIES AHTS > 22,000 BHP",12555,5593,+124.48%,5602,28011,64%,83%,52%,58%
2018-10-01,Market Report October 2018,SUPPLY DUTIES PSVS < 900M2,8441,7444,+13.39%,4000,15873,64%,83%,52%,58%
2018-10-01,Market Report October 2018,SUPPLY DUTIES PSVS > 900M2,10152,6425,+58.01%,5500,16806,64%,83%,52%,58%
2018-09-01,Market Report September 2018,"AHTS DUTIES AHTS < 22,000 BHP",9717,9001,+7.95%,8500,15000,77%,81%,59%,66%
2018-09-01,Market Report September 2018,"AHTS DUTIES AHTS > 22,000 BHP",14048,15109,-7.02%,7425,27845,77%,81%,59%,66%
2018-09-01,Market Report September 2018,SUPPLY DUTIES PSVS < 900M2,8396,11516,-27.09%,4250,19500,77%,81%,59%,66%
2018-09-01,Market Report September 2018,SUPPLY DUTIES PSVS > 900M2,9104,11203,-18.74%,3898,21500,77%,81%,59%,66%
2018-08-01,Market Report August 2018,"AHTS DUTIES AHTS < 22,000 BHP",17593,38293,-54.06%,4950,45000,60%,75%,59%,77%
2018-08-01,Market Report August 2018,"AHTS DUTIES AHTS > 22,000 BHP",24324,29457,-17.43%,10454,45454,60%,75%,59%,77%
2018-08-01,Market Report August 2018,SUPPLY DUTIES PSVS < 900M2,5692,10271,-44.58%,3000,9500,60%,75%,59%,77%
2018-08-01,Market Report August 2018,SUPPLY DUTIES PSVS > 900M2,8550,9709,-11.94%,5000,16363,60%,75%,59%,77%
2018-07-01,Market Report July 2018,"AHTS DUTIES AHTS < 22,000 BHP",12303,38293,-67.87%,5500,30000,58%,80%,58%,59%
2018-07-01,Market Report July 2018,"AHTS DUTIES AHTS > 22,000 BHP",14112,29457,-52.09%,7000,29865,58%,80%,58%,59%
2018-07-01,Market Report July 2018,SUPPLY DUTIES PSVS < 900M2,8275,10271,-19.43%,4500,18650,58%,80%,58%,59%
2018-07-01,Market Report July 2018,SUPPLY DUTIES PSVS > 900M2,9360,9709,-3.59%,5500,18666,58%,80%,58%,59%
2018-06-01,Market Report June 2018,"AHTS DUTIES AHTS < 22,000 BHP",9875,8036,+22.88%,3000,29000,72%,82%,44%,58%
2018-06-01,Market Report June 2018,"AHTS DUTIES AHTS > 22,000 BHP",16931,14237,+18.92%,5140,46278,72%,82%,44%,58%
2018-06-01,Market Report June 2018,SUPPLY DUTIES PSVS < 900M2,7631,5452,+39.97%,4000,22000,72%,82%,44%,58%
2018-06-01,Market Report June 2018,SUPPLY DUTIES PSVS > 900M2,7585,5684,+33.44%,4750,14018,72%,82%,44%,58%
2018-05-01,Market Report May 2018,"AHTS DUTIES AHTS < 22,000 BHP",8733,6875,+27.03%,6000,12500,64%,75%,46%,56%
2018-05-01,Market Report May 2018,"AHTS DUTIES AHTS > 22,000 BHP",12843,7788,+64.91%,5909,38636,64%,75%,46%,56%
2018-05-01,Market Report May 2018,SUPPLY DUTIES PSVS < 900M2,7589,5675,+33.73%,4995,15000,64%,75%,46%,56%
2018-05-01,Market Report May 2018,SUPPLY DUTIES PSVS > 900M2,8400,5642,+48.88%,6000,13636,64%,75%,46%,56%
