date,capesize_1y_atl,capesize_1y_pac,capesize_1y_avg,capesize_2y_atl,capesize_2y_pac,capesize_2y_avg,panamax_1y_atl,panamax_1y_pac,panamax_1y_avg,panamax_2y_atl,panamax_2y_pac,panamax_2y_avg,supramax_1y_atl,supramax_1y_pac,supramax_1y_avg,supramax_2y_atl,supramax_2y_pac,supramax_2y_avg,handysize_1y_atl,handysize_1y_pac,handysize_1y_avg,handysize_2y_atl,handysize_2y_pac,handysize_2y_avg,vlcc_1y,vlcc_2y,vlcc_3y,vlcc_5y,suezmax_1y,suezmax_2y,suezmax_3y,suezmax_5y,aframax_1y,aframax_2y,aframax_3y,aframax_5y,mr_1y,mr_2y,mr_3y,mr_5y,lr1_1y,lr1_2y,lr1_3y,lr1_5y,lr2_1y,lr2_2y,lr2_3y,lr2_5y
2021-07-07,27500.0,29000.0,28250.0,25500.0,26500.0,26000.0,33500.0,19500.0,26500.0,30000.0,22500.0,26250.0,28000.0,28000.0,28000.0,20000.0,20000.0,20000.0,21000.0,20000.0,20500.0,14500.0,15000.0,14750.0,25500.0,24500.0,36000.0,37500.0,18000.0,20850.0,26000.0,27000.0,16000.0,19000.0,23000.0,24000.0,12000.0,13500.0,15750.0,16350.0,13000.0,15250.0,17000.0,17500.0,16500.0,19750.0,24000.0,25000.0
2021-07-14,27500.0,29000.0,28250.0,25500.0,26500.0,26000.0,34500.0,27500.0,31000.0,33500.0,24000.0,28750.0,28000.0,28000.0,28000.0,25000.0,24000.0,24500.0,21000.0,24000.0,22500.0,18000.0,17000.0,17500.0,25000.0,26500.0,36000.0,37500.0,18000.0,20750.0,26000.0,27000.0,16000.0,19000.0,23000.0,24000.0,12000.0,13500.0,15750.0,16350.0,13500.0,15250.0,17250.0,17500.0,16500.0,19750.0,25000.0,25000.0
2021-07-21,26500.0,28000.0,27250.0,25000.0,26000.0,25500.0,33250.0,26500.0,29875.0,33500.0,21000.0,27250.0,28000.0,28000.0,28000.0,25000.0,24000.0,24500.0,21000.0,24000.0,22500.0,18000.0,17000.0,17500.0,24000.0,25500.0,35000.0,36500.0,18000.0,19500.0,26000.0,27000.0,16000.0,18750.0,22500.0,23000.0,12350.0,13000.0,16000.0,16350.0,13500.0,15250.0,17250.0,17500.0,16500.0,19750.0,24500.0,25500.0
2021-07-28,27500.0,29000.0,28250.0,25000.0,26000.0,25500.0,30000.0,26500.0,28250.0,32000.0,21000.0,26500.0,28500.0,28500.0,28500.0,25000.0,24000.0,24500.0,23500.0,24000.0,23750.0,18000.0,17000.0,17500.0,23000.0,25500.0,35000.0,36500.0,18000.0,19500.0,26000.0,27000.0,15750.0,18000.0,22500.0,23000.0,12000.0,13000.0,16000.0,16350.0,13500.0,15250.0,17250.0,17500.0,16500.0,19750.0,24950.0,25500.0
2021-08-04,27500.0,29000.0,28250.0,25000.0,26000.0,25500.0,29000.0,25000.0,27000.0,32000.0,29000.0,30500.0,31500.0,30000.0,30750.0,25000.0,24000.0,24500.0,24500.0,24000.0,24250.0,19500.0,20000.0,19750.0,22500.0,25500.0,35000.0,36500.0,18000.0,19500.0,26000.0,27000.0,15750.0,18000.0,22500.0,23000.0,12000.0,13000.0,16000.0,16350.0,13500.0,15250.0,17250.0,17500.0,16500.0,19750.0,24950.0,25500.0
2021-08-11,27500.0,29000.0,28250.0,25000.0,26000.0,25500.0,29000.0,26000.0,27500.0,22000.0,21000.0,21500.0,31500.0,30000.0,30750.0,25000.0,24000.0,24500.0,24500.0,24000.0,24250.0,19500.0,20000.0,19750.0,22500.0,25500.0,35000.0,36500.0,18000.0,19500.0,26000.0,27000.0,15750.0,18000.0,22500.0,23000.0,12000.0,13000.0,16000.0,16350.0,13500.0,15250.0,17250.0,17500.0,16500.0,19750.0,24950.0,25500.0
2021-08-18,28500.0,30000.0,29250.0,25500.0,26500.0,26000.0,29000.0,26000.0,27500.0,22000.0,21000.0,21500.0,31500.0,30000.0,30750.0,25000.0,24000.0,24500.0,25000.0,24000.0,24500.0,19500.0,20000.0,19750.0,22500.0,25500.0,35000.0,36500.0,18000.0,19500.0,26000.0,27000.0,15750.0,18000.0,22500.0,23000.0,12000.0,13000.0,16000.0,16350.0,13500.0,15250.0,17250.0,17500.0,16500.0,19750.0,24950.0,25500.0
2021-08-25,31750.0,30250.0,31000.0,26000.0,26750.0,26375.0,29500.0,28250.0,28875.0,22500.0,21500.0,22000.0,31500.0,30000.0,30750.0,25000.0,24000.0,24500.0,25000.0,24000.0,24500.0,19500.0,20000.0,19750.0,22500.0,25500.0,35000.0,36500.0,18000.0,19500.0,26000.0,27000.0,15750.0,18000.0,22500.0,23000.0,12000.0,13000.0,16000.0,16350.0,13500.0,15250.0,17250.0,17500.0,16500.0,19750.0,24950.0,25500.0
2021-09-01,31750.0,30250.0,31000.0,26000.0,26750.0,26375.0,30000.0,29250.0,29625.0,25500.0,24000.0,24750.0,31500.0,31000.0,31250.0,25000.0,24000.0,24500.0,26000.0,24500.0,25250.0,19500.0,20000.0,19750.0,22500.0,25500.0,35000.0,36500.0,18000.0,19500.0,26000.0,27000.0,15750.0,18000.0,22500.0,23000.0,12250.0,13000.0,16000.0,16350.0,13500.0,15250.0,17250.0,17500.0,16500.0,19750.0,24950.0,25500.0
2021-09-08,31000.0,30000.0,30500.0,25000.0,26250.0,25625.0,28000.0,27500.0,27750.0,25500.0,24000.0,24750.0,31000.0,30250.0,30625.0,25000.0,24000.0,24500.0,26000.0,24500.0,25250.0,19500.0,20000.0,19750.0,22500.0,25500.0,35000.0,36500.0,18000.0,19500.0,26000.0,27000.0,15750.0,18000.0,22500.0,23000.0,12250.0,13000.0,16000.0,16350.0,13500.0,15250.0,17250.0,17500.0,16500.0,19750.0,24950.0,25500.0
2021-09-15,31500.0,30500.0,31000.0,25000.0,26250.0,25625.0,28500.0,27000.0,27750.0,25500.0,24000.0,24750.0,31000.0,29500.0,30250.0,25000.0,24000.0,24500.0,28000.0,25000.0,26500.0,19500.0,20000.0,19750.0,22500.0,25500.0,35000.0,36500.0,18000.0,19500.0,26000.0,27000.0,15750.0,18000.0,23000.0,24500.0,12000.0,13000.0,16000.0,16350.0,13500.0,15250.0,17250.0,17500.0,16500.0,19750.0,24950.0,25500.0
2021-09-22,32000.0,31000.0,31500.0,24500.0,25750.0,25125.0,28500.0,27000.0,27750.0,25500.0,24000.0,24750.0,31000.0,29500.0,30250.0,25000.0,24000.0,24500.0,28000.0,25000.0,26500.0,19500.0,20000.0,19750.0,25000.0,25500.0,35000.0,36500.0,18000.0,19500.0,26000.0,27000.0,16000.0,18000.0,23000.0,24500.0,12000.0,13000.0,16000.0,16350.0,13500.0,15250.0,17250.0,17500.0,16500.0,19750.0,24950.0,25500.0
2021-09-29,32500.0,31500.0,32000.0,24750.0,26000.0,25375.0,29750.0,27500.0,28625.0,25500.0,24750.0,25125.0,32000.0,29750.0,30875.0,25000.0,24000.0,24500.0,28500.0,25000.0,26750.0,19500.0,20000.0,19750.0,25000.0,25500.0,35000.0,36500.0,18000.0,19500.0,26000.0,27000.0,15750.0,18000.0,23000.0,24500.0,12000.0,13000.0,16000.0,16350.0,13500.0,15250.0,17250.0,17500.0,16500.0,19750.0,24950.0,25500.0
2021-10-06,37000.0,36000.0,36500.0,26500.0,26000.0,26250.0,31000.0,28000.0,29500.0,24000.0,23500.0,23750.0,32000.0,29750.0,30875.0,25000.0,24000.0,24500.0,28500.0,25000.0,26750.0,19500.0,20000.0,19750.0,20000.0,25000.0,35000.0,36500.0,16500.0,20500.0,26000.0,27000.0,15000.0,18000.0,23000.0,24500.0,11000.0,13000.0,16000.0,16350.0,12500.0,15250.0,17250.0,17500.0,16500.0,19750.0,24950.0,25500.0
2021-10-13,37000.0,36000.0,36500.0,26500.0,26000.0,26250.0,31000.0,28000.0,29500.0,24000.0,23500.0,23750.0,32000.0,29750.0,30875.0,25000.0,24000.0,24500.0,28500.0,25000.0,26750.0,19500.0,20000.0,19750.0,20000.0,25000.0,35000.0,36500.0,16500.0,20500.0,26000.0,27000.0,15000.0,18000.0,23000.0,24500.0,11000.0,13000.0,16000.0,16350.0,12500.0,15250.0,17250.0,17500.0,16500.0,19750.0,24950.0,25500.0
2021-10-20,37000.0,36000.0,36500.0,26500.0,26000.0,26250.0,31500.0,30750.0,31125.0,24500.0,24000.0,24250.0,32000.0,29750.0,30875.0,25000.0,24000.0,24500.0,28500.0,25000.0,26750.0,19500.0,20000.0,19750.0,21500.0,25000.0,35000.0,36500.0,17000.0,20500.0,26000.0,27000.0,16000.0,18000.0,23000.0,24500.0,12000.0,13000.0,16000.0,16350.0,12500.0,15250.0,17250.0,17500.0,18250.0,19750.0,24950.0,25500.0
2021-10-27,37000.0,36000.0,36500.0,26500.0,26000.0,26250.0,30000.0,29000.0,29500.0,23500.0,22500.0,23000.0,32000.0,29750.0,30875.0,25000.0,24000.0,24500.0,28500.0,25000.0,26750.0,19500.0,20000.0,19750.0,21500.0,25000.0,35000.0,36500.0,17000.0,20500.0,26000.0,27000.0,16000.0,18000.0,23500.0,25000.0,12000.0,13000.0,16000.0,16350.0,13500.0,15250.0,17250.0,17500.0,17000.0,19750.0,24950.0,26000.0
2021-11-03,28000.0,27000.0,27500.0,23000.0,22000.0,22500.0,28250.0,27000.0,27625.0,19250.0,18750.0,19000.0,27000.0,24750.0,25875.0,20000.0,19500.0,19750.0,25500.0,24000.0,24750.0,18000.0,17500.0,17750.0,21500.0,25000.0,35000.0,36500.0,17000.0,20500.0,26000.0,27000.0,16500.0,18000.0,23500.0,25000.0,12200.0,13000.0,16000.0,16350.0,13500.0,15250.0,17250.0,17500.0,17000.0,19750.0,24950.0,26000.0
2021-11-10,24500.0,23500.0,24000.0,20000.0,19000.0,19500.0,26500.0,26000.0,26250.0,19250.0,18750.0,19000.0,29000.0,20500.0,24750.0,17500.0,17000.0,17250.0,25500.0,24000.0,24750.0,16000.0,15500.0,15750.0,22500.0,25000.0,35000.0,36500.0,18000.0,21500.0,27500.0,28500.0,17000.0,18750.0,23500.0,25000.0,12250.0,13500.0,16500.0,16500.0,13500.0,15250.0,17250.0,17500.0,18000.0,19750.0,24950.0,26000.0
2021-11-17,24500.0,23500.0,24000.0,20000.0,19000.0,19500.0,24000.0,23750.0,23875.0,19250.0,18750.0,19000.0,28000.0,20500.0,24250.0,17500.0,17000.0,17250.0,25500.0,20000.0,22750.0,16000.0,15500.0,15750.0,23500.0,26000.0,36000.0,37500.0,19500.0,21000.0,27500.0,27000.0,18000.0,18750.0,23500.0,25000.0,14000.0,13500.0,16500.0,16500.0,15500.0,15250.0,17250.0,17500.0,19000.0,19750.0,24950.0,26000.0
2021-11-24,23500.0,22000.0,22750.0,20000.0,19000.0,19500.0,23000.0,21750.0,22375.0,17250.0,16750.0,17000.0,28500.0,20750.0,24625.0,17500.0,17000.0,17250.0,24500.0,20000.0,22250.0,16000.0,15500.0,15750.0,23500.0,26000.0,36000.0,37500.0,20250.0,21000.0,27500.0,27000.0,18750.0,18750.0,23500.0,25000.0,14750.0,13500.0,16500.0,16500.0,15250.0,15250.0,17250.0,17500.0,19750.0,19750.0,24950.0,26000.0
2021-12-01,24000.0,22500.0,23250.0,20250.0,19250.0,19750.0,23000.0,21750.0,22375.0,17250.0,16750.0,17000.0,28500.0,20750.0,24625.0,17500.0,17000.0,17250.0,24500.0,20000.0,22250.0,16000.0,15500.0,15750.0,23500.0,26000.0,36000.0,37500.0,20000.0,21000.0,27500.0,27000.0,18250.0,18750.0,23500.0,25000.0,14000.0,13500.0,16500.0,16500.0,15000.0,15250.0,17250.0,17500.0,19000.0,19750.0,24950.0,26000.0
2021-12-08,25000.0,23500.0,24250.0,20250.0,19250.0,19750.0,23000.0,22250.0,22625.0,17500.0,17250.0,17375.0,28500.0,20750.0,24625.0,17500.0,17000.0,17250.0,25250.0,20000.0,22625.0,16000.0,15500.0,15750.0,21500.0,26000.0,36000.0,37500.0,17000.0,21000.0,27500.0,27000.0,16000.0,18750.0,23500.0,25000.0,12000.0,13500.0,16500.0,16500.0,12500.0,15250.0,17250.0,17500.0,17000.0,19750.0,24950.0,26000.0
2021-12-15,25500.0,24000.0,24750.0,21000.0,20000.0,20500.0,23000.0,22250.0,22625.0,17500.0,17250.0,17375.0,28500.0,22250.0,25375.0,17500.0,17000.0,17250.0,25250.0,20000.0,22625.0,16000.0,15500.0,15750.0,21500.0,26000.0,36000.0,37500.0,18250.0,21000.0,27500.0,27000.0,16000.0,18750.0,23500.0,25000.0,12000.0,13500.0,16500.0,16500.0,13500.0,15250.0,17250.0,17500.0,16500.0,19750.0,24950.0,26000.0
2021-12-22,24000.0,22500.0,23250.0,21000.0,20000.0,20500.0,22000.0,21250.0,21625.0,17000.0,17000.0,17000.0,28000.0,22250.0,25125.0,16500.0,16000.0,16250.0,24250.0,20000.0,22125.0,16000.0,15500.0,15750.0,21500.0,26000.0,36000.0,37500.0,18250.0,21000.0,27500.0,27000.0,16000.0,18750.0,23500.0,25000.0,12000.0,13500.0,16500.0,16500.0,13500.0,15250.0,17250.0,17500.0,16500.0,19750.0,24950.0,26000.0
2022-01-05,25000.0,23500.0,24250.0,21000.0,20000.0,20500.0,26000.0,24250.0,25125.0,22500.0,21000.0,21750.0,28000.0,22000.0,25000.0,16500.0,16000.0,16250.0,23000.0,19000.0,21000.0,16000.0,15500.0,15750.0,21500.0,26000.0,36000.0,37500.0,18250.0,21000.0,27500.0,27000.0,16000.0,18750.0,23500.0,25000.0,13350.0,13750.0,16500.0,16500.0,14000.0,15250.0,17250.0,17500.0,16500.0,19750.0,24950.0,26000.0
2022-01-12,25000.0,23500.0,24250.0,21000.0,20000.0,20500.0,24000.0,23500.0,23750.0,22000.0,21000.0,21500.0,22000.0,21875.0,21937.5,17000.0,16500.0,16750.0,22000.0,19000.0,20500.0,16000.0,16000.0,16000.0,22250.0,25000.0,35000.0,35000.0,19500.0,21000.0,29000.0,27000.0,16000.0,18500.0,25000.0,25000.0,12750.0,13750.0,16500.0,16250.0,14500.0,15250.0,17500.0,17250.0,16500.0,19000.0,26000.0,25750.0
2022-01-19,25000.0,24000.0,24500.0,21250.0,20000.0,20625.0,24000.0,23500.0,23750.0,22000.0,21000.0,21500.0,22000.0,22000.0,22000.0,17000.0,16500.0,16750.0,22000.0,19000.0,20500.0,16000.0,16000.0,16000.0,22250.0,25000.0,35000.0,35000.0,19500.0,21000.0,29000.0,27000.0,16000.0,18500.0,25000.0,25000.0,12500.0,13750.0,16500.0,16250.0,14500.0,15250.0,17500.0,17250.0,16500.0,19000.0,26000.0,25750.0
2022-01-26,25000.0,22000.0,23500.0,20250.0,19000.0,19625.0,24000.0,22500.0,23250.0,19000.0,19500.0,19250.0,22000.0,22000.0,22000.0,17000.0,16500.0,16750.0,22000.0,19000.0,20500.0,16000.0,16000.0,16000.0,21750.0,24500.0,34500.0,34500.0,19500.0,21000.0,29000.0,27000.0,16000.0,18500.0,25000.0,25000.0,12000.0,13250.0,16000.0,15750.0,14500.0,15250.0,17500.0,17250.0,16500.0,19000.0,26000.0,25750.0
2022-02-02,25500.0,23000.0,24250.0,20500.0,19500.0,20000.0,23000.0,21000.0,22000.0,19000.0,19500.0,19250.0,22000.0,20000.0,21000.0,17000.0,16500.0,16750.0,22000.0,19000.0,20500.0,16000.0,16000.0,16000.0,21750.0,24500.0,34500.0,34500.0,19500.0,21000.0,29000.0,27000.0,16000.0,18500.0,25000.0,25000.0,12000.0,13250.0,16000.0,15750.0,14500.0,15250.0,17500.0,17250.0,16500.0,19000.0,26000.0,25750.0
2022-02-09,26000.0,24000.0,25000.0,21500.0,20500.0,21000.0,23000.0,21000.0,22000.0,19000.0,19500.0,19250.0,22000.0,20000.0,21000.0,17000.0,16500.0,16750.0,22000.0,19000.0,20500.0,16000.0,16000.0,16000.0,21750.0,24500.0,34500.0,34500.0,19500.0,21000.0,29000.0,27000.0,16000.0,18500.0,25000.0,25000.0,12000.0,13250.0,16000.0,15750.0,14500.0,15250.0,17500.0,17250.0,16500.0,19000.0,26000.0,25750.0
2022-02-16,26000.0,24000.0,25000.0,21500.0,20500.0,21000.0,22000.0,21000.0,21500.0,19500.0,19000.0,19250.0,23000.0,20000.0,21500.0,16500.0,16000.0,16250.0,18000.0,19000.0,18500.0,16000.0,16000.0,16000.0,21000.0,23000.0,34000.0,34000.0,19500.0,21000.0,27000.0,28500.0,15850.0,17000.0,25000.0,25000.0,12350.0,13250.0,16500.0,16000.0,14500.0,15250.0,17500.0,17250.0,16500.0,18250.0,26000.0,25750.0
2022-02-23,25500.0,24000.0,24750.0,21500.0,20500.0,21000.0,22000.0,21000.0,21500.0,19000.0,19000.0,19000.0,28500.0,27000.0,27750.0,16500.0,16000.0,16250.0,20000.0,22000.0,21000.0,16000.0,16000.0,16000.0,21500.0,23000.0,34000.0,34000.0,19500.0,21000.0,27000.0,28500.0,15850.0,17000.0,25000.0,25000.0,12350.0,13250.0,16500.0,16000.0,14500.0,15250.0,17500.0,17250.0,16500.0,18250.0,26000.0,25750.0
2022-03-02,27000.0,26000.0,26500.0,22500.0,21500.0,22000.0,22000.0,23000.0,22500.0,19000.0,19000.0,19000.0,29500.0,26000.0,27750.0,16500.0,16000.0,16250.0,21000.0,23000.0,22000.0,16000.0,16000.0,16000.0,20500.0,22500.0,34000.0,36000.0,18000.0,20000.0,28000.0,27000.0,15850.0,17000.0,25000.0,25000.0,12350.0,13250.0,16500.0,16000.0,14500.0,15250.0,17500.0,17250.0,16500.0,18250.0,26000.0,25750.0
2022-03-09,27000.0,26000.0,26500.0,22500.0,21500.0,22000.0,25000.0,25000.0,25000.0,21500.0,21000.0,21250.0,31000.0,30000.0,30500.0,18500.0,18000.0,18250.0,25000.0,30000.0,27500.0,24000.0,26000.0,25000.0,20500.0,22500.0,34000.0,36000.0,18000.0,20000.0,28000.0,27000.0,15500.0,17000.0,25000.0,25000.0,12350.0,13250.0,16500.0,16000.0,14500.0,15250.0,17500.0,17250.0,16500.0,18250.0,26000.0,25500.0
2022-03-16,31000.0,31000.0,31000.0,22500.0,21500.0,22000.0,30000.0,30000.0,30000.0,27500.0,28500.0,28000.0,29500.0,32500.0,31000.0,22500.0,24500.0,23500.0,26000.0,30000.0,28000.0,23500.0,27500.0,25500.0,20500.0,22500.0,34000.0,36000.0,18000.0,20000.0,27000.0,27000.0,15500.0,17000.0,25000.0,25000.0,12500.0,13250.0,16500.0,16500.0,14500.0,15250.0,17500.0,17500.0,16500.0,18250.0,26000.0,26000.0
2022-03-23,30000.0,30000.0,30000.0,22500.0,21500.0,22000.0,29000.0,28000.0,28500.0,24000.0,22500.0,23250.0,29500.0,32500.0,31000.0,22500.0,22500.0,22500.0,26000.0,30000.0,28000.0,23500.0,27500.0,25500.0,19000.0,21000.0,36000.0,37500.0,18000.0,20000.0,27000.0,27000.0,17850.0,19000.0,25000.0,25000.0,12500.0,13250.0,16500.0,16500.0,14500.0,15250.0,17500.0,17500.0,16000.0,19000.0,26000.0,26000.0
2022-03-30,29000.0,28500.0,28750.0,24000.0,24000.0,24000.0,29000.0,28000.0,28500.0,23000.0,21500.0,22250.0,30000.0,32500.0,31250.0,23500.0,23000.0,23250.0,25000.0,26500.0,25750.0,23500.0,24000.0,23750.0,19000.0,21000.0,36000.0,37500.0,18000.0,21000.0,28000.0,27000.0,18500.0,20000.0,26000.0,25000.0,12500.0,13250.0,16500.0,16500.0,14500.0,15250.0,17500.0,17500.0,16500.0,20000.0,27000.0,26000.0
2022-04-06,28500.0,28000.0,28250.0,25000.0,25000.0,25000.0,27500.0,28000.0,27750.0,23000.0,21500.0,22250.0,29000.0,31000.0,30000.0,22000.0,20000.0,21000.0,26000.0,28500.0,27250.0,23500.0,23000.0,23250.0,19000.0,21000.0,36000.0,37500.0,18000.0,21000.0,28000.0,27000.0,18500.0,20000.0,26000.0,25000.0,12500.0,13250.0,16500.0,16500.0,14500.0,15250.0,17500.0,17500.0,16500.0,20000.0,27000.0,26000.0
2022-04-13,27500.0,27000.0,27250.0,23500.0,23500.0,23500.0,27500.0,28000.0,27750.0,23000.0,22000.0,22500.0,29000.0,22000.0,25500.0,22000.0,18000.0,20000.0,26000.0,28500.0,27250.0,23500.0,23000.0,23250.0,19000.0,21000.0,36000.0,37500.0,18000.0,21000.0,28000.0,27000.0,18500.0,20000.0,26000.0,25000.0,14000.0,13250.0,16500.0,16500.0,14500.0,15250.0,17500.0,17500.0,16500.0,20000.0,27000.0,26000.0
2022-04-20,25000.0,25000.0,25000.0,23000.0,23000.0,23000.0,27750.0,28000.0,27875.0,25000.0,24000.0,24500.0,29000.0,21000.0,25000.0,23000.0,19000.0,21000.0,26500.0,26000.0,26250.0,23500.0,23000.0,23250.0,19000.0,20500.0,36000.0,37500.0,18000.0,21000.0,28000.0,27000.0,18500.0,20000.0,26000.0,25000.0,13500.0,13500.0,16500.0,16500.0,14500.0,15250.0,17500.0,17500.0,18000.0,20000.0,27000.0,26000.0
2022-04-27,29000.0,29000.0,29000.0,24000.0,24000.0,24000.0,27000.0,27000.0,27000.0,24000.0,24000.0,24000.0,30250.0,21000.0,25625.0,23000.0,18750.0,20875.0,27000.0,27000.0,27000.0,23500.0,23500.0,23500.0,25000.0,23000.0,36000.0,37500.0,18000.0,21000.0,28000.0,27000.0,18750.0,20000.0,26000.0,25000.0,13500.0,13500.0,16500.0,16500.0,14500.0,15500.0,17500.0,17500.0,18000.0,20000.0,27000.0,26000.0
2022-05-04,28000.0,28000.0,28000.0,24000.0,24000.0,24000.0,26000.0,26000.0,26000.0,24000.0,24000.0,24000.0,30250.0,22000.0,26125.0,24500.0,19250.0,21875.0,27500.0,28500.0,28000.0,23000.0,24000.0,23500.0,22000.0,22000.0,35000.0,37500.0,18000.0,21000.0,28000.0,27000.0,18750.0,20000.0,26000.0,25000.0,14000.0,13500.0,17000.0,17000.0,14500.0,15500.0,18000.0,17500.0,18000.0,20000.0,27000.0,26000.0
2022-05-11,29000.0,29000.0,29000.0,25500.0,25500.0,25500.0,26000.0,27000.0,26500.0,24000.0,23500.0,23750.0,27500.0,27750.0,27625.0,26000.0,25000.0,25500.0,27000.0,28750.0,27875.0,25000.0,27000.0,26000.0,21000.0,22000.0,35000.0,37500.0,18000.0,21000.0,28000.0,27000.0,18750.0,20000.0,26000.0,25000.0,14250.0,13500.0,17000.0,17000.0,14500.0,15500.0,18000.0,17500.0,18000.0,20000.0,27000.0,26000.0
2022-05-18,31500.0,31500.0,31500.0,27000.0,27000.0,27000.0,27250.0,28500.0,27875.0,25000.0,25500.0,25250.0,27500.0,28000.0,27750.0,26000.0,25000.0,25500.0,27250.0,29000.0,28125.0,25750.0,27500.0,26625.0,21000.0,22000.0,35000.0,37500.0,18000.0,21000.0,28000.0,27000.0,19250.0,20000.0,26000.0,25000.0,14950.0,14250.0,17000.0,17000.0,14500.0,15500.0,18000.0,17500.0,18000.0,20000.0,27000.0,26000.0
2022-05-25,31000.0,31000.0,31000.0,27000.0,27000.0,27000.0,27250.0,28500.0,27875.0,24750.0,25500.0,25125.0,28500.0,29500.0,29000.0,27500.0,28500.0,28000.0,27250.0,29000.0,28125.0,25750.0,27500.0,26625.0,21000.0,22000.0,37500.0,40000.0,18000.0,21000.0,29000.0,30000.0,19250.0,20000.0,26000.0,27500.0,14950.0,14250.0,17000.0,17500.0,14500.0,15500.0,18000.0,19000.0,18000.0,20000.0,27000.0,28500.0
2022-06-01,29500.0,29500.0,29500.0,26000.0,26000.0,26000.0,27000.0,28000.0,27500.0,24250.0,25500.0,24875.0,27250.0,30000.0,28625.0,25000.0,26500.0,25750.0,27000.0,29000.0,28000.0,25750.0,27500.0,26625.0,22500.0,22000.0,37500.0,40000.0,22500.0,22500.0,29000.0,30000.0,22500.0,22500.0,26000.0,27500.0,17500.0,16500.0,17500.0,18500.0,19500.0,18500.0,18000.0,19000.0,23500.0,23500.0,27000.0,28500.0
2022-06-08,28000.0,29500.0,28750.0,26000.0,26000.0,26000.0,26000.0,27500.0,26750.0,24250.0,25500.0,24875.0,27250.0,30000.0,28625.0,25000.0,26500.0,25750.0,27000.0,29000.0,28000.0,25750.0,27500.0,26625.0,22500.0,22000.0,37500.0,40000.0,22500.0,22500.0,29000.0,30000.0,22500.0,22500.0,26500.0,27500.0,18000.0,16500.0,17500.0,18500.0,19950.0,19950.0,18000.0,19000.0,25000.0,23500.0,27000.0,28500.0
2022-06-15,26750.0,27000.0,26875.0,25000.0,25500.0,25250.0,24000.0,22000.0,23000.0,22500.0,20000.0,21250.0,26000.0,28250.0,27125.0,25000.0,26500.0,25750.0,21500.0,24500.0,23000.0,23000.0,23000.0,23000.0,22500.0,22000.0,37500.0,40000.0,22500.0,22500.0,29000.0,30000.0,22500.0,22500.0,26500.0,27500.0,18000.0,16500.0,19000.0,19000.0,19950.0,19950.0,18000.0,19000.0,25000.0,23500.0,27000.0,28500.0
2022-06-22,27500.0,28500.0,28000.0,25000.0,25500.0,25250.0,24000.0,23500.0,23750.0,21500.0,21500.0,21500.0,25500.0,27250.0,26375.0,25000.0,26500.0,25750.0,23500.0,25500.0,24500.0,23000.0,23000.0,23000.0,20000.0,22500.0,35000.0,35000.0,22000.0,22500.0,28500.0,28500.0,22000.0,22500.0,27500.0,27500.0,18000.0,16500.0,19000.0,19000.0,19950.0,19950.0,22500.0,21500.0,25000.0,23500.0,28.0,28000.0
2022-06-29,23250.0,23260.0,23255.0,25000.0,25500.0,25250.0,22000.0,25500.0,23750.0,21000.0,21000.0,21000.0,25500.0,26000.0,25750.0,24000.0,25000.0,24500.0,24000.0,25500.0,24750.0,22750.0,23500.0,23125.0,20000.0,22500.0,35000.0,35000.0,21500.0,21500.0,28500.0,28500.0,21000.0,22000.0,27000.0,27000.0,18000.0,16500.0,20000.0,20.0,19950.0,19.95,22500.0,21500.0,25000.0,23500.0,27500.0,27500.0
2022-07-06,23500.0,23500.0,23500.0,23000.0,23000.0,23000.0,23500.0,24000.0,23750.0,22000.0,22000.0,22000.0,25000.0,26500.0,25750.0,23000.0,23500.0,23250.0,24000.0,25500.0,24750.0,24750.0,26000.0,25375.0,20000.0,22500.0,35000.0,37500.0,21500.0,21500.0,30000.0,30000.0,22000.0,22000.0,28500.0,28500.0,18000.0,16500.0,20000.0,20000.0,19950.0,19000.0,23000.0,21500.0,23500.0,23500.0,28500.0,28500.0
2022-07-13,21500.0,21500.0,21500.0,20000.0,20000.0,20000.0,22000.0,20000.0,21000.0,18500.0,18500.0,18500.0,21600.0,25750.0,23675.0,22500.0,22500.0,22500.0,22000.0,24500.0,23250.0,18000.0,19000.0,18500.0,20000.0,22000.0,36000.0,37500.0,21500.0,21500.0,30000.0,30000.0,22000.0,22000.0,28500.0,28500.0,19750.0,17500.0,21500.0,20000.0,19950.0,19000.0,23500.0,22000.0,24750.0,23500.0,30000.0,27500.0
2022-07-20,22500.0,22500.0,22500.0,20500.0,20500.0,20500.0,18000.0,18000.0,18000.0,18500.0,18500.0,18500.0,21500.0,26000.0,23750.0,22500.0,22500.0,22500.0,21000.0,24500.0,22750.0,18000.0,19000.0,18500.0,20000.0,22000.0,36000.0,37500.0,23000.0,21500.0,32500.0,30000.0,23500.0,22500.0,28500.0,28500.0,21000.0,18000.0,21500.0,21500.0,25000.0,22500.0,24500.0,25000.0,28500.0,27.5,30000.0,29500.0
2022-07-27,22000.0,22000.0,22000.0,19000.0,19000.0,19000.0,20500.0,19500.0,20000.0,18500.0,18000.0,18250.0,21500.0,25000.0,23250.0,20500.0,20500.0,20500.0,21000.0,24500.0,22750.0,18000.0,19000.0,18500.0,25000.0,25000.0,36000.0,37500.0,25000.0,22500.0,33500.0,32500.0,31000.0,27500.0,30000.0,30000.0,22000.0,19500.0,22000.0,19000.0,24000.0,22000.0,24500.0,24500.0,31500.0,27500.0,30000.0,30000.0
2022-08-03,22000.0,22000.0,22000.0,20000.0,20000.0,20000.0,19500.0,19500.0,19500.0,18000.0,18000.0,18000.0,21750.0,23000.0,22375.0,20500.0,21500.0,21000.0,22500.0,23500.0,23000.0,16000.0,18350.0,17175.0,25000.0,30000.0,37500.0,37500.0,25000.0,22500.0,33500.0,32500.0,26000.0,27500.0,30000.0,30000.0,22500.0,19500.0,23000.0,19000.0,24000.0,22000.0,24500.0,24500.0,31500.0,27500.0,31000.0,30000.0
2022-08-10,17500.0,18000.0,17750.0,20000.0,20000.0,20000.0,19000.0,19000.0,19000.0,18000.0,18000.0,18000.0,21250.0,20000.0,20625.0,19350.0,19350.0,19350.0,19500.0,23000.0,21250.0,18000.0,18350.0,18175.0,25000.0,28000.0,37500.0,37500.0,25000.0,23000.0,33500.0,32500.0,26000.0,27500.0,31000.0,30500.0,23500.0,20000.0,23500.0,20000.0,27500.0,22000.0,26500.0,24500.0,34000.0,27500.0,33500.0,32000.0
2022-08-17,17500.0,17500.0,17500.0,19000.0,19000.0,19000.0,19000.0,19000.0,19000.0,18000.0,18000.0,18000.0,21250.0,18000.0,19625.0,18000.0,18000.0,18000.0,19000.0,20000.0,19500.0,17850.0,18500.0,18175.0,25000.0,28000.0,37500.0,37500.0,24000.0,23000.0,33500.0,32500.0,27500.0,27500.0,31000.0,30000.0,23500.0,20000.0,23500.0,20000.0,27500.0,22000.0,26.5,24500.0,31500.0,29000.0,32500.0,31000.0
2022-08-24,15850.0,15850.0,15850.0,16000.0,16000.0,16000.0,17500.0,17950.0,17725.0,16000.0,16000.0,16000.0,22250.0,17850.0,20050.0,18500.0,17500.0,18000.0,19500.0,17500.0,18500.0,19250.0,17000.0,18125.0,25000.0,26000.0,35000.0,32500.0,24000.0,23000.0,33500.0,32500.0,27500.0,27500.0,31750.0,30000.0,23.75,20000.0,23500.0,20000.0,27500.0,22000.0,26500.0,24500.0,31500.0,29000.0,33500.0,31500.0
2022-08-31,13000.0,13000.0,13000.0,16000.0,16000.0,16000.0,17000.0,17000.0,17000.0,15500.0,15500.0,15500.0,19500.0,18500.0,19000.0,17850.0,16850.0,17350.0,18000.0,19000.0,18500.0,17000.0,18000.0,17500.0,25000.0,26000.0,37500.0,37500.0,24000.0,23000.0,33500.0,32500.0,27500.0,27500.0,31500.0,31500.0,24750.0,21000.0,24000.0,22500.0,27500.0,22000.0,26500.0,24500.0,31500.0,29000.0,33500.0,32500.0
2022-09-07,14000.0,14000.0,14000.0,16750.0,15750.0,16250.0,15500.0,13000.0,14250.0,14250.0,12000.0,13125.0,18250.0,17750.0,18000.0,17000.0,16850.0,16925.0,18000.0,19000.0,18500.0,17000.0,18000.0,17500.0,32500.0,28000.0,37500.0,37500.0,26500.0,24000.0,33500.0,32500.0,27500.0,27500.0,31500.0,31500.0,26000.0,22000.0,24000.0,22500.0,27500.0,22000.0,26500.0,24500.0,30500.0,29000.0,33500.0,32500.0
2022-09-14,14500.0,14500.0,14500.0,16000.0,16000.0,16000.0,15000.0,14500.0,14750.0,15000.0,14000.0,14500.0,17250.0,17000.0,17125.0,16500.0,16500.0,16500.0,16000.0,17000.0,16500.0,16000.0,16000.0,16000.0,29000.0,28000.0,37500.0,37500.0,28500.0,24000.0,33500.0,32500.0,28500.0,27500.0,31000.0,30000.0,27500.0,22500.0,24000.0,22500.0,29500.0,25500.0,26500.0,24500.0,35000.0,29000.0,33500.0,32500.0
2022-09-21,14500.0,14500.0,14500.0,16000.0,16000.0,16000.0,16000.0,15750.0,15875.0,15000.0,14000.0,14500.0,16500.0,17500.0,17000.0,16500.0,16500.0,16500.0,19000.0,18500.0,18750.0,16000.0,16000.0,16000.0,40000.0,28000.0,40000.0,40000.0,35000.0,29000.0,35000.0,33500.0,32500.0,35000.0,31000.0,30000.0,28500.0,23500.0,24000.0,22.5,33500.0,27500.0,26000.0,26000.0,40000.0,36500.0,33500.0,32.5
2022-09-28,14500.0,14500.0,14500.0,16000.0,16000.0,16000.0,15000.0,14000.0,14500.0,14000.0,12000.0,13000.0,18500.0,17500.0,18000.0,16500.0,16500.0,16500.0,18500.0,18500.0,18500.0,16000.0,16000.0,16000.0,40000.0,28000.0,40000.0,40000.0,35000.0,29000.0,35000.0,33500.0,32500.0,35000.0,31000.0,30000.0,28500.0,23500.0,24000.0,22500.0,33500.0,27500.0,26000.0,26000.0,40000.0,36500.0,33500.0,32500.0
2022-10-05,14500.0,14500.0,14500.0,16000.0,16000.0,16000.0,16500.0,14500.0,15500.0,14850.0,12850.0,13850.0,18250.0,17500.0,17875.0,16500.0,16500.0,16500.0,18500.0,18000.0,18250.0,16000.0,16000.0,16000.0,40000.0,30000.0,41000.0,40000.0,32500.0,29000.0,36000.0,34500.0,33500.0,35000.0,35000.0,32500.0,28000.0,22500.0,23.5,21500.0,28000.0,25000.0,28000.0,25000.0,35000.0,32500.0,35000.0,32500.0
2022-10-12,14650.0,14650.0,14650.0,16000.0,16000.0,16000.0,16850.0,15000.0,15925.0,14850.0,12850.0,13850.0,18750.0,17500.0,18125.0,16500.0,16500.0,16500.0,19000.0,18000.0,18500.0,16000.0,16000.0,16000.0,38500.0,30000.0,40000.0,40000.0,31000.0,29000.0,36000.0,34500.0,33500.0,31000.0,34000.0,32500.0,26750.0,22500.0,23500.0,21500.0,28000.0,25000.0,28000.0,25000.0,35000.0,32500.0,35000.0,32500.0
2022-10-19,14650.0,14650.0,14650.0,16000.0,16000.0,16000.0,16750.0,15000.0,15875.0,14750.0,13000.0,13875.0,18750.0,17500.0,18125.0,16500.0,16500.0,16500.0,19000.0,18000.0,18500.0,16000.0,16000.0,16000.0,38500.0,30000.0,40000.0,40000.0,31000.0,29000.0,36000.0,34500.0,33500.0,31000.0,34000.0,32500.0,26250.0,22500.0,23500.0,21500.0,28000.0,25000.0,28000.0,25000.0,35000.0,32500.0,35000.0,32500.0
2022-10-26,14650.0,14650.0,14650.0,16000.0,16000.0,16000.0,17000.0,15250.0,16125.0,15500.0,13500.0,14500.0,18500.0,16000.0,17250.0,15500.0,16000.0,15750.0,18500.0,16000.0,17250.0,16500.0,15000.0,15750.0,38500.0,30000.0,42500.0,40000.0,30000.0,29000.0,36000.0,35500.0,30000.0,31000.0,34000.0,33500.0,27500.0,25000.0,24500.0,21500.0,28000.0,25000.0,28000.0,25000.0,35000.0,31500.0,35000.0,34500.0
2022-11-03,14650.0,14650.0,14650.0,16000.0,16000.0,16000.0,14500.0,14000.0,14250.0,14500.0,13500.0,14000.0,18500.0,14000.0,16250.0,15000.0,14000.0,14500.0,18500.0,15000.0,16750.0,15500.0,13500.0,14500.0,39950.0,33500.0,46500.0,45000.0,30000.0,29000.0,36000.0,35500.0,32500.0,31000.0,34000.0,33500.0,27500.0,24000.0,24500.0,22500.0,27500.0,25000.0,28000.0,26000.0,35000.0,31500.0,35500.0,34500.0
2022-11-09,14650.0,14650.0,14650.0,16000.0,16000.0,16000.0,14950.0,14150.0,14550.0,13000.0,12500.0,12750.0,18500.0,13500.0,16000.0,14500.0,13000.0,13750.0,17500.0,13250.0,15375.0,14850.0,13000.0,13925.0,40000.0,33500.0,46500.0,45000.0,34500.0,29000.0,36000.0,35500.0,37500.0,31000.0,34000.0,33500.0,28500.0,22500.0,25000.0,22500.0,29500.0,24500.0,27000.0,26000.0,39000.0,32500.0,35500.0,34500.0
2022-11-16,14650.0,14650.0,14650.0,16000.0,16000.0,16000.0,15000.0,14150.0,14575.0,13000.0,12500.0,12750.0,18000.0,11750.0,14875.0,14500.0,13000.0,13750.0,17500.0,13000.0,15250.0,14850.0,12500.0,13675.0,45000.0,42500.0,46500.0,45000.0,32500.0,29000.0,36000.0,35500.0,37500.0,31000.0,34000.0,33500.0,27000.0,22500.0,25000.0,22500.0,29000.0,24500.0,27000.0,26000.0,38000.0,32500.0,35500.0,34500.0
2022-11-23,13500.0,13500.0,13500.0,15000.0,15000.0,15000.0,15000.0,13850.0,14425.0,13250.0,12500.0,12875.0,17500.0,11500.0,14500.0,14500.0,14000.0,14250.0,17000.0,13000.0,15000.0,13500.0,12500.0,13000.0,48500.0,42500.0,46500.0,45000.0,32500.0,30000.0,36500.0,35000.0,37500.0,31000.0,34000.0,33500.0,27000.0,22500.0,25000.0,22500.0,29000.0,24500.0,27000.0,24000.0,38000.0,32500.0,36000.0,34500.0
2022-11-30,13500.0,13500.0,13500.0,14500.0,14500.0,14500.0,14250.0,13750.0,14000.0,13250.0,12250.0,12750.0,16500.0,10000.0,13250.0,12500.0,11500.0,12000.0,15500.0,13000.0,14250.0,13500.0,12500.0,13000.0,48500.0,42500.0,46500.0,45000.0,32500.0,30000.0,36500.0,35000.0,37500.0,31000.0,34000.0,33500.0,26000.0,22500.0,26000.0,22500.0,36500.0,27500.0,27000.0,24000.0,38000.0,32500.0,36000.0,34500.0
2022-12-07,13000.0,13000.0,13000.0,14500.0,14500.0,14500.0,14750.0,14000.0,14375.0,13250.0,12250.0,12750.0,14750.0,9500.0,12125.0,12000.0,11500.0,11750.0,14000.0,13000.0,13500.0,13500.0,12750.0,13125.0,48500.0,42500.0,46500.0,46500.0,35000.0,30000.0,37500.0,37500.0,40000.0,37500.0,37500.0,37500.0,35000.0,26000.0,28500.0,25000.0,41000.0,27500.0,35000.0,30000.0,45000.0,35000.0,38000.0,35000.0
2022-12-14,14000.0,14000.0,14000.0,14500.0,14500.0,14500.0,15000.0,14000.0,14500.0,13250.0,12250.0,12750.0,14750.0,11000.0,12875.0,12000.0,11500.0,11750.0,13750.0,13000.0,13375.0,13000.0,12500.0,12750.0,48500.0,42500.0,46500.0,46500.0,35000.0,30000.0,37500.0,36000.0,41000.0,36500.0,37500.0,36000.0,35000.0,26000.0,27500.0,25000.0,41500.0,32500.0,35000.0,30000.0,50000.0,42500.0,39500.0,37500.0
2022-12-23,14250.0,14250.0,14250.0,14000.0,14000.0,14000.0,15000.0,14000.0,14500.0,13250.0,12500.0,12875.0,14500.0,12000.0,13250.0,12000.0,11500.0,11750.0,13500.0,13000.0,13250.0,13000.0,12500.0,12750.0,48500.0,42500.0,46500.0,46500.0,35000.0,30000.0,37500.0,36000.0,41000.0,33500.0,37500.0,36000.0,35000.0,26000.0,27500.0,25000.0,42500.0,32500.0,35000.0,30000.0,52500.0,42500.0,39500.0,37500.0
2023-01-04,13500.0,14000.0,13750.0,14000.0,14000.0,14000.0,14500.0,14000.0,14250.0,13000.0,12500.0,12750.0,13000.0,12000.0,12500.0,12000.0,11500.0,11750.0,13000.0,12500.0,12750.0,12000.0,12500.0,12250.0,48500.0,42500.0,46500.0,46500.0,35000.0,30000.0,37500.0,36000.0,41000.0,33500.0,37500.0,36000.0,35000.0,26000.0,27500.0,25000.0,42500.0,32500.0,35000.0,30000.0,52500.0,42500.0,39500.0,37500.0
2023-01-11,14850.0,14850.0,14850.0,16000.0,16000.0,16000.0,14500.0,14000.0,14250.0,13250.0,12500.0,12875.0,14500.0,10750.0,12625.0,14000.0,12500.0,13250.0,13500.0,12000.0,12750.0,12500.0,12000.0,12250.0,37500.0,40000.0,46500.0,45000.0,32500.0,30000.0,37500.0,35000.0,39000.0,33500.0,37500.0,36000.0,30500.0,25000.0,26000.0,24000.0,32500.0,29500.0,33500.0,30000.0,52500.0,40000.0,37500.0,34000.0
2023-01-18,14850.0,14850.0,14850.0,16000.0,16000.0,16000.0,14250.0,14000.0,14125.0,13250.0,12500.0,12875.0,14500.0,11000.0,12750.0,14000.0,12000.0,13000.0,13500.0,12000.0,12750.0,12500.0,12000.0,12250.0,43500.0,42500.0,46500.0,45000.0,32500.0,30000.0,37500.0,35000.0,37500.0,32500.0,37500.0,35000.0,28500.0,26500.0,27500.0,24500.0,30000.0,29500.0,33500.0,30000.0,44500.0,38500.0,36000.0,34000.0
2023-01-25,15000.0,15000.0,15000.0,17000.0,17000.0,17000.0,14250.0,14000.0,14125.0,13250.0,12500.0,12875.0,10750.0,10000.0,10375.0,12000.0,10000.0,11000.0,11000.0,12000.0,11500.0,12500.0,11500.0,12000.0,43500.0,42500.0,46500.0,45000.0,32500.0,30000.0,37500.0,35000.0,37500.0,32500.0,37500.0,35000.0,25000.0,24000.0,27500.0,24500.0,30000.0,29500.0,33500.0,30000.0,39000.0,36000.0,35000.0,33500.0
2023-02-01,15000.0,15000.0,15000.0,16000.0,16000.0,16000.0,14250.0,14250.0,14250.0,13500.0,12500.0,13000.0,13500.0,10000.0,11750.0,12850.0,10000.0,11425.0,11500.0,13000.0,12250.0,12500.0,11500.0,12000.0,45000.0,42500.0,46500.0,45000.0,40000.0,35000.0,37500.0,35000.0,40000.0,38500.0,37500.0,35000.0,26000.0,24000.0,27500.0,24500.0,34500.0,31000.0,33500.0,30000.0,37500.0,34000.0,35000.0,33500.0
2023-02-08,14500.0,14500.0,14500.0,16000.0,16000.0,16000.0,14250.0,14000.0,14125.0,13500.0,12500.0,13000.0,13500.0,10000.0,11750.0,12850.0,10000.0,11425.0,11500.0,13000.0,12250.0,12500.0,11500.0,12000.0,45000.0,42500.0,46500.0,45000.0,37500.0,35000.0,37500.0,35000.0,40000.0,38500.0,37500.0,35000.0,27500.0,24000.0,27500.0,24500.0,32500.0,31000.0,33500.0,30000.0,37500.0,34000.0,35000.0,33500.0
2023-02-15,14750.0,14750.0,14750.0,16000.0,16000.0,16000.0,14250.0,14250.0,14250.0,14000.0,14000.0,14000.0,13500.0,12500.0,13000.0,12500.0,12000.0,12250.0,12500.0,13000.0,12750.0,12500.0,12500.0,12500.0,45000.0,42500.0,45000.0,40000.0,42500.0,35000.0,37500.0,35000.0,42500.0,38500.0,37500.0,31500.0,27500.0,26000.0,27500.0,25000.0,35000.0,31000.0,32500.0,30000.0,42500.0,37500.0,35000.0,33500.0
2023-02-22,14750.0,14750.0,14750.0,16000.0,16000.0,16000.0,14250.0,14250.0,14250.0,14000.0,14000.0,14000.0,14500.0,13000.0,13750.0,12500.0,12000.0,12250.0,13500.0,13000.0,13250.0,12500.0,12000.0,12250.0,45000.0,42500.0,46500.0,42500.0,42500.0,33500.0,37500.0,35000.0,42500.0,39500.0,37500.0,32500.0,27500.0,25000.0,26500.0,25000.0,35000.0,31000.0,32500.0,28500.0,40000.0,37500.0,35000.0,33500.0
2023-03-01,18650.0,18650.0,18650.0,17500.0,17500.0,17500.0,18250.0,17950.0,18100.0,17250.0,17000.0,17125.0,15000.0,15000.0,15000.0,14500.0,14500.0,14500.0,14000.0,14000.0,14000.0,12500.0,12000.0,12250.0,45000.0,42500.0,50000.0,45000.0,42500.0,33500.0,37500.0,35000.0,44000.0,39000.0,37500.0,32500.0,27950.0,25500.0,26500.0,25000.0,36500.0,31500.0,32500.0,28500.0,40000.0,35000.0,36500.0,33500.0
2023-03-08,18500.0,18500.0,18500.0,17500.0,17500.0,17500.0,18500.0,18000.0,18250.0,17500.0,17000.0,17250.0,15950.0,15350.0,15650.0,14500.0,14500.0,14500.0,14000.0,15000.0,14500.0,12950.0,12000.0,12475.0,45000.0,42500.0,50000.0,45000.0,42500.0,33500.0,37500.0,35000.0,40000.0,38500.0,37500.0,32500.0,27500.0,25500.0,26500.0,25000.0,36500.0,32500.0,32500.0,28500.0,40000.0,35000.0,36500.0,33500.0
2023-03-15,18500.0,18500.0,18500.0,17500.0,17500.0,17500.0,18500.0,17750.0,18125.0,17000.0,16750.0,16875.0,16100.0,15500.0,15800.0,14500.0,14500.0,14500.0,13250.0,15000.0,14125.0,12950.0,13500.0,13225.0,45000.0,42500.0,50000.0,45000.0,42500.0,33500.0,37500.0,35000.0,40000.0,38500.0,37500.0,32500.0,28750.0,27500.0,27500.0,25000.0,36500.0,32500.0,32500.0,28500.0,42000.0,37500.0,36500.0,33500.0
2023-03-22,19000.0,19000.0,19000.0,17500.0,17500.0,17500.0,17750.0,17250.0,17500.0,17000.0,16750.0,16875.0,16100.0,15500.0,15800.0,14250.0,14250.0,14250.0,13500.0,15000.0,14250.0,12950.0,13500.0,13225.0,48500.0,45000.0,50000.0,47500.0,47500.0,35000.0,40000.0,37500.0,45000.0,40000.0,37500.0,34500.0,29000.0,26500.0,27500.0,25000.0,37500.0,32500.0,32500.0,28500.0,42500.0,40000.0,38500.0,35000.0
2023-03-29,19000.0,19000.0,19000.0,18000.0,18000.0,18000.0,17750.0,17250.0,17500.0,17000.0,16850.0,16925.0,18000.0,17000.0,17500.0,16750.0,16000.0,16375.0,14500.0,15000.0,14750.0,14000.0,14000.0,14000.0,50000.0,45000.0,52500.0,49500.0,47500.0,37500.0,42500.0,42500.0,45000.0,40000.0,37500.0,35000.0,30000.0,26500.0,27500.0,25000.0,37500.0,32500.0,32500.0,28500.0,45000.0,40000.0,40000.0,36500.0
2023-04-05,19000.0,19000.0,19000.0,18000.0,18000.0,18000.0,18000.0,17500.0,17750.0,17000.0,16250.0,16625.0,17500.0,17500.0,17500.0,16750.0,16250.0,16500.0,13500.0,15000.0,14250.0,13500.0,14000.0,13750.0,50000.0,45000.0,52500.0,49500.0,47500.0,37500.0,42500.0,42500.0,47500.0,40000.0,37500.0,35000.0,31000.0,26500.0,28500.0,25000.0,38500.0,32500.0,32500.0,28500.0,51500.0,42500.0,42500.0,36500.0
2023-04-12,19000.0,19000.0,19000.0,18000.0,18000.0,18000.0,18000.0,17750.0,17875.0,16250.0,16000.0,16125.0,17000.0,17500.0,17250.0,16000.0,15750.0,15875.0,13200.0,14250.0,13725.0,12500.0,13500.0,13000.0,47500.0,45000.0,52500.0,49500.0,45000.0,37500.0,42500.0,40000.0,49000.0,40000.0,38500.0,35000.0,32500.0,26500.0,28500.0,25000.0,39500.0,28500.0,31500.0,28500.0,50000.0,40000.0,41000.0,35000.0
2023-04-19,19000.0,19000.0,19000.0,18000.0,18000.0,18000.0,17000.0,16250.0,16625.0,16250.0,16000.0,16125.0,17000.0,17500.0,17250.0,16000.0,15750.0,15875.0,13500.0,14250.0,13875.0,12850.0,13500.0,13175.0,50000.0,46500.0,52500.0,50000.0,45000.0,37500.0,42500.0,40000.0,48500.0,40000.0,40000.0,35000.0,30000.0,26500.0,28500.0,25000.0,36500.0,28500.0,31500.0,28500.0,50000.0,40000.0,41000.0,35000.0
2023-04-26,19000.0,19000.0,19000.0,18000.0,18000.0,18000.0,17100.0,16500.0,16800.0,16000.0,16000.0,16000.0,17000.0,16500.0,16750.0,16000.0,15250.0,15625.0,13500.0,14250.0,13875.0,12850.0,13500.0,13175.0,48500.0,46500.0,52500.0,50000.0,45000.0,37500.0,42500.0,40000.0,48500.0,40000.0,40500.0,35000.0,30500.0,28500.0,29000.0,26000.0,36500.0,28500.0,31500.0,28500.0,51500.0,42500.0,43500.0,36500.0
2023-05-03,18750.0,18750.0,18750.0,17950.0,17950.0,17950.0,16850.0,16000.0,16425.0,16000.0,16000.0,16000.0,16750.0,16500.0,16625.0,16000.0,15250.0,15625.0,13500.0,14250.0,13875.0,12850.0,13500.0,13175.0,47500.0,45000.0,50000.0,48500.0,45000.0,37500.0,42500.0,40000.0,48500.0,40000.0,40500.0,35000.0,30500.0,26500.0,28500.0,26000.0,37500.0,31500.0,32500.0,28500.0,51000.0,42500.0,43500.0,36500.0
2023-05-10,21000.0,21000.0,21000.0,18250.0,18250.0,18250.0,15000.0,14000.0,14500.0,14750.0,14750.0,14750.0,16750.0,17000.0,16875.0,16000.0,16000.0,16000.0,13500.0,14250.0,13875.0,12850.0,13500.0,13175.0,48500.0,43500.0,50000.0,47500.0,48500.0,37500.0,40000.0,38500.0,50000.0,40000.0,40500.0,35000.0,29000.0,26000.0,28500.0,24000.0,37500.0,31500.0,32500.0,28500.0,47500.0,42500.0,42500.0,36500.0
2023-05-17,18500.0,18500.0,18500.0,19000.0,19000.0,19000.0,15000.0,15000.0,15000.0,14750.0,14750.0,14750.0,15000.0,16500.0,15750.0,16000.0,16250.0,16125.0,13000.0,14250.0,13625.0,12750.0,13500.0,13125.0,48500.0,43500.0,50000.0,47500.0,46500.0,37500.0,40000.0,38500.0,50000.0,40000.0,40500.0,35000.0,26000.0,26000.0,27500.0,23500.0,34500.0,32000.0,32500.0,28500.0,45500.0,41000.0,41500.0,36500.0
2023-05-24,16500.0,16500.0,16500.0,17000.0,17000.0,17000.0,14500.0,13500.0,14000.0,14750.0,13750.0,14250.0,14750.0,16500.0,15625.0,14500.0,16000.0,15250.0,13000.0,14250.0,13625.0,12500.0,13500.0,13000.0,47000.0,43000.0,50000.0,47500.0,42500.0,37500.0,40000.0,38500.0,50000.0,40000.0,40500.0,37500.0,25000.0,24000.0,27500.0,22500.0,34500.0,28500.0,32500.0,29000.0,46000.0,41000.0,41500.0,36500.0
2023-05-31,16000.0,16000.0,16000.0,17000.0,17000.0,17000.0,14000.0,13000.0,13500.0,14250.0,13250.0,13750.0,12250.0,16500.0,14375.0,16000.0,16500.0,16250.0,12000.0,14000.0,13000.0,12000.0,13500.0,12750.0,47500.0,44000.0,50000.0,47500.0,47500.0,37500.0,40000.0,38500.0,50000.0,40000.0,40500.0,37500.0,26000.0,24000.0,27500.0,22500.0,34500.0,28500.0,32500.0,29000.0,46500.0,41000.0,41500.0,36500.0
2023-06-07,15000.0,15000.0,15000.0,16500.0,16500.0,16500.0,13850.0,12850.0,13350.0,14250.0,13250.0,13750.0,14500.0,13500.0,14000.0,14000.0,14000.0,14000.0,10750.0,14000.0,12375.0,11250.0,13500.0,12375.0,47500.0,44000.0,50000.0,47500.0,45000.0,37500.0,40000.0,38500.0,50000.0,40000.0,40500.0,37500.0,26000.0,24000.0,27500.0,22500.0,34500.0,28500.0,32500.0,29000.0,46500.0,41000.0,41500.0,36500.0
2023-06-14,15500.0,15500.0,15500.0,17000.0,17000.0,17000.0,13500.0,12350.0,12925.0,14250.0,13250.0,13750.0,11500.0,12500.0,12000.0,13500.0,13500.0,13500.0,10750.0,12500.0,11625.0,11250.0,13000.0,12125.0,47500.0,44000.0,50000.0,47500.0,45000.0,37500.0,40000.0,38500.0,50000.0,40000.0,41000.0,37500.0,26000.0,24000.0,27500.0,22500.0,36500.0,30000.0,32500.0,29000.0,45500.0,41000.0,42000.0,38500.0
2023-06-21,15500.0,15500.0,15500.0,17000.0,17000.0,17000.0,13500.0,12350.0,12925.0,14250.0,13250.0,13750.0,10500.0,12000.0,11250.0,12500.0,13000.0,12750.0,9750.0,12000.0,10875.0,11250.0,12000.0,11625.0,55000.0,45000.0,50000.0,47500.0,45000.0,37500.0,40000.0,38500.0,48500.0,39000.0,41000.0,37500.0,26000.0,24000.0,25000.0,22500.0,37500.0,30000.0,32500.0,29000.0,45500.0,41000.0,42000.0,38500.0
2023-06-28,16000.0,15500.0,15750.0,17000.0,17000.0,17000.0,13500.0,12350.0,12925.0,14250.0,13250.0,13750.0,10500.0,12250.0,11375.0,12500.0,13000.0,12750.0,10750.0,12000.0,11375.0,11250.0,12000.0,11625.0,55000.0,45000.0,50000.0,47500.0,45000.0,38500.0,40000.0,38500.0,45000.0,40000.0,40000.0,37500.0,26000.0,24000.0,25000.0,22500.0,36500.0,31000.0,32500.0,29000.0,46000.0,43500.0,42000.0,38500.0
2023-07-05,15500.0,15500.0,15500.0,17000.0,17000.0,17000.0,13500.0,12350.0,12925.0,14250.0,13250.0,13750.0,10500.0,12250.0,11375.0,12500.0,13000.0,12750.0,10750.0,12000.0,11375.0,11250.0,12000.0,11625.0,55000.0,45000.0,50000.0,47500.0,45000.0,38500.0,40000.0,38500.0,42500.0,38500.0,40000.0,37500.0,24500.0,24500.0,25000.0,22500.0,32500.0,29500.0,32500.0,29500.0,42500.0,42500.0,42000.0,39500.0
2023-07-12,15000.0,15000.0,15000.0,16500.0,16500.0,16500.0,13150.0,12150.0,12650.0,13100.0,12850.0,12975.0,10500.0,11850.0,11175.0,12000.0,12000.0,12000.0,10750.0,12000.0,11375.0,11250.0,12000.0,11625.0,50000.0,45000.0,50000.0,47500.0,44500.0,38500.0,40000.0,38500.0,42500.0,38500.0,40000.0,37500.0,24000.0,24500.0,25000.0,22500.0,32500.0,29500.0,32500.0,29500.0,42500.0,42500.0,42000.0,39500.0
2023-07-19,15000.0,15000.0,15000.0,16500.0,16500.0,16500.0,13750.0,12150.0,12950.0,13250.0,12850.0,13050.0,10750.0,12000.0,11375.0,12000.0,12000.0,12000.0,10750.0,11000.0,10875.0,10750.0,10000.0,10375.0,48500.0,45000.0,50000.0,47500.0,46500.0,38500.0,40000.0,38500.0,42500.0,38500.0,40000.0,37500.0,25500.0,23500.0,25000.0,22500.0,32500.0,29500.0,32500.0,29500.0,40000.0,40000.0,42000.0,39500.0
2023-07-26,14500.0,14500.0,14500.0,15500.0,15500.0,15500.0,13750.0,13000.0,13375.0,12850.0,12850.0,12850.0,11500.0,12000.0,11750.0,11250.0,11250.0,11250.0,10500.0,9000.0,9750.0,9500.0,9000.0,9250.0,45000.0,45000.0,50000.0,47500.0,45000.0,38500.0,40000.0,38500.0,42500.0,38500.0,40000.0,37500.0,24500.0,23000.0,25000.0,22500.0,32500.0,29500.0,32500.0,29500.0,42500.0,38500.0,42000.0,39500.0
2023-08-02,14500.0,14500.0,14500.0,15500.0,15500.0,15500.0,13000.0,13500.0,13250.0,12500.0,12850.0,12675.0,11500.0,12000.0,11750.0,11250.0,11250.0,11250.0,10500.0,10500.0,10500.0,10000.0,9500.0,9750.0,44000.0,45000.0,50000.0,47500.0,44000.0,38500.0,40000.0,38500.0,42500.0,38500.0,40000.0,37500.0,24000.0,23000.0,25000.0,22500.0,30500.0,28500.0,32500.0,29500.0,42500.0,38500.0,42000.0,39500.0
2023-08-09,14500.0,14500.0,14500.0,15500.0,15500.0,15500.0,11000.0,11000.0,11000.0,10500.0,10500.0,10500.0,11500.0,12000.0,11750.0,10500.0,10500.0,10500.0,10500.0,10500.0,10500.0,9500.0,9500.0,9500.0,46000.0,45000.0,50000.0,47500.0,44000.0,38500.0,40000.0,38500.0,47500.0,40000.0,40000.0,37500.0,24000.0,23000.0,24500.0,21500.0,32500.0,32500.0,32500.0,29500.0,42500.0,38500.0,42000.0,39000.0
2023-08-16,14500.0,14500.0,14500.0,15500.0,15500.0,15500.0,12750.0,12750.0,12750.0,12500.0,12500.0,12500.0,11500.0,12000.0,11750.0,10500.0,11650.0,11075.0,10500.0,10500.0,10500.0,9500.0,9500.0,9500.0,45000.0,43500.0,50000.0,47500.0,44000.0,38500.0,40000.0,38500.0,47500.0,40000.0,40000.0,37500.0,24000.0,23000.0,24500.0,21500.0,32500.0,32500.0,32500.0,29500.0,42500.0,38500.0,42000.0,39000.0
2023-08-23,14950.0,14950.0,14950.0,15500.0,15500.0,15500.0,13000.0,13250.0,13125.0,12500.0,12500.0,12500.0,11750.0,12750.0,12250.0,11150.0,12100.0,11625.0,10750.0,11000.0,10875.0,10150.0,10250.0,10200.0,44000.0,42500.0,50000.0,47500.0,44000.0,38500.0,40000.0,38500.0,47500.0,40000.0,40000.0,37500.0,24000.0,23000.0,24500.0,21500.0,32500.0,32500.0,32500.0,29500.0,42500.0,38500.0,42000.0,39000.0
2023-08-31,14500.0,14500.0,14500.0,15500.0,15500.0,15500.0,13000.0,13000.0,13000.0,12500.0,12500.0,12500.0,12500.0,12750.0,12625.0,11750.0,12000.0,11875.0,11150.0,11150.0,11150.0,10500.0,10500.0,10500.0,42500.0,42500.0,50000.0,47500.0,42500.0,38500.0,40000.0,38500.0,47500.0,40000.0,40000.0,37500.0,24250.0,23000.0,24500.0,21500.0,32500.0,32500.0,32500.0,29500.0,43000.0,38500.0,42000.0,39000.0
2023-09-06,14000.0,14000.0,14000.0,15500.0,15500.0,15500.0,13000.0,13000.0,13000.0,12500.0,12500.0,12500.0,12500.0,12750.0,12625.0,11750.0,12000.0,11875.0,11000.0,11150.0,11075.0,10500.0,10500.0,10500.0,42500.0,42500.0,50000.0,47500.0,42500.0,38500.0,40000.0,38500.0,40000.0,37500.0,40000.0,35000.0,24250.0,23000.0,24500.0,21500.0,32500.0,30000.0,32500.0,29500.0,40000.0,37500.0,40000.0,35000.0
2023-09-13,14500.0,14500.0,14500.0,15500.0,15500.0,15500.0,13000.0,13000.0,13000.0,12500.0,12500.0,12500.0,14000.0,12750.0,13375.0,12500.0,12000.0,12250.0,11000.0,11150.0,11075.0,10500.0,10500.0,10500.0,44000.0,42500.0,50000.0,47500.0,42500.0,38500.0,41500.0,38500.0,37500.0,36500.0,40000.0,35000.0,24250.0,23000.0,24500.0,21500.0,32500.0,28500.0,30000.0,28500.0,36500.0,36500.0,40000.0,35000.0
2023-09-20,15250.0,15250.0,15250.0,16000.0,16000.0,16000.0,13000.0,13000.0,13000.0,12500.0,12500.0,12500.0,15350.0,13500.0,14425.0,15750.0,13750.0,14750.0,11000.0,11150.0,11075.0,10500.0,10500.0,10500.0,44000.0,42500.0,50000.0,47500.0,42500.0,38500.0,41500.0,37500.0,37500.0,35000.0,38500.0,31500.0,24250.0,23000.0,24500.0,21500.0,32500.0,28500.0,29000.0,28500.0,36500.0,35000.0,39500.0,32500.0
2023-09-27,15650.0,15650.0,15650.0,17000.0,17000.0,17000.0,14000.0,13500.0,13750.0,14850.0,14850.0,14850.0,14500.0,13750.0,14125.0,15000.0,14350.0,14675.0,12000.0,11150.0,11575.0,10750.0,10500.0,10625.0,44000.0,42500.0,50000.0,47500.0,42500.0,38500.0,41500.0,37500.0,37500.0,35000.0,37500.0,31500.0,24250.0,22500.0,25000.0,22500.0,32500.0,28500.0,29000.0,27500.0,36500.0,35000.0,38500.0,32500.0
2023-10-04,15650.0,15650.0,15650.0,16000.0,16000.0,16000.0,14000.0,14000.0,14000.0,14500.0,14500.0,14500.0,14500.0,13750.0,14125.0,15000.0,14350.0,14675.0,12500.0,12500.0,12500.0,11000.0,11000.0,11000.0,41500.0,41500.0,50000.0,47500.0,42500.0,38500.0,40000.0,37500.0,36500.0,35000.0,37500.0,31500.0,25250.0,22500.0,25000.0,22500.0,32500.0,28500.0,29000.0,27500.0,36500.0,35000.0,38500.0,32500.0
2023-10-11,16000.0,16000.0,16000.0,17000.0,17000.0,17000.0,13000.0,14000.0,13500.0,13500.0,14500.0,14000.0,13500.0,13750.0,13625.0,14000.0,14350.0,14175.0,12500.0,12500.0,12500.0,11500.0,11500.0,11500.0,42500.0,41500.0,50000.0,47500.0,42500.0,38500.0,40000.0,37500.0,36500.0,35000.0,37500.0,31500.0,26000.0,23500.0,25000.0,22500.0,32500.0,28500.0,29000.0,27500.0,36500.0,35000.0,38500.0,32500.0
2023-10-18,16500.0,16500.0,16500.0,17000.0,17000.0,17000.0,13000.0,13000.0,13000.0,13500.0,13500.0,13500.0,13750.0,13950.0,13850.0,14000.0,14350.0,14175.0,12500.0,12000.0,12250.0,11500.0,11500.0,11500.0,44000.0,42500.0,50000.0,47500.0,42500.0,38500.0,40000.0,37500.0,36500.0,35000.0,37500.0,31500.0,26500.0,23750.0,25500.0,24000.0,32500.0,28500.0,29000.0,27500.0,36500.0,35000.0,38500.0,32500.0
2023-10-25,16500.0,16500.0,16500.0,17000.0,17000.0,17000.0,13000.0,13000.0,13000.0,13250.0,13250.0,13250.0,16000.0,13500.0,14750.0,14000.0,13500.0,13750.0,12500.0,12000.0,12250.0,11500.0,11500.0,11500.0,44000.0,42500.0,50000.0,47500.0,44000.0,38500.0,40000.0,37500.0,39000.0,35000.0,37500.0,32000.0,28500.0,23.75,25500.0,24000.0,32500.0,28500.0,29000.0,27500.0,36500.0,35000.0,38500.0,32500.0
2023-11-01,15250.0,15250.0,15250.0,15500.0,15500.0,15500.0,13000.0,13000.0,13000.0,12500.0,12500.0,12500.0,12500.0,12650.0,12575.0,12500.0,12500.0,12500.0,12500.0,12000.0,12250.0,11500.0,11500.0,11500.0,45000.0,42500.0,50000.0,47500.0,44000.0,38500.0,40000.0,37500.0,41500.0,36000.0,38500.0,36000.0,25000.0,23750.0,25500.0,24000.0,30000.0,27500.0,29000.0,27500.0,41500.0,36000.0,39500.0,37500.0
2023-11-09,14500.0,14500.0,14500.0,14500.0,14500.0,14500.0,12250.0,12250.0,12250.0,12500.0,12500.0,12500.0,12500.0,12500.0,12500.0,12500.0,12500.0,12500.0,10500.0,11500.0,11000.0,11000.0,11500.0,11250.0,46500.0,42500.0,52500.0,50000.0,45000.0,38500.0,42500.0,38500.0,43500.0,36000.0,40000.0,37500.0,25500.0,23750.0,26000.0,24000.0,30000.0,27500.0,29000.0,27500.0,42500.0,37500.0,41500.0,39000.0
2023-11-15,14750.0,14750.0,14750.0,14500.0,14500.0,14500.0,12250.0,12250.0,12250.0,12500.0,12500.0,12500.0,12500.0,12500.0,12500.0,12500.0,12500.0,12500.0,11000.0,11000.0,11000.0,11000.0,11500.0,11250.0,46500.0,44000.0,52500.0,50000.0,45000.0,38500.0,42500.0,38500.0,45000.0,37500.0,40000.0,37500.0,27000.0,26000.0,27500.0,25000.0,30000.0,27500.0,29000.0,27500.0,45000.0,37500.0,41500.0,39000.0
2023-11-22,16000.0,16000.0,16000.0,15000.0,15000.0,15000.0,13500.0,13500.0,13500.0,13000.0,13000.0,13000.0,12500.0,12500.0,12500.0,12500.0,12500.0,12500.0,10000.0,11000.0,10500.0,9500.0,10500.0,10000.0,46500.0,44000.0,52500.0,50000.0,45000.0,38500.0,42500.0,38500.0,45000.0,37500.0,40000.0,37500.0,26000.0,24000.0,27500.0,25000.0,30000.0,26500.0,29000.0,27500.0,45000.0,37500.0,41500.0,39000.0
2023-11-29,17250.0,17250.0,17250.0,15750.0,15750.0,15750.0,13500.0,14000.0,13750.0,13500.0,13500.0,13500.0,12500.0,13000.0,12750.0,12500.0,12500.0,12500.0,10000.0,11500.0,10750.0,9500.0,10500.0,10000.0,47500.0,45000.0,52500.0,50000.0,45000.0,38500.0,42500.0,38500.0,45000.0,37500.0,40000.0,37500.0,27500.0,25000.0,27500.0,25000.0,30000.0,25000.0,29000.0,27500.0,45000.0,37500.0,41500.0,39000.0
2023-12-06,20500.0,20500.0,20500.0,18000.0,18000.0,18000.0,15750.0,15750.0,15750.0,14000.0,14000.0,14000.0,13500.0,13250.0,13375.0,12500.0,12500.0,12500.0,10000.0,12000.0,11000.0,9500.0,10500.0,10000.0,45000.0,43500.0,52500.0,50000.0,45000.0,38500.0,42500.0,38500.0,45000.0,37500.0,40000.0,37500.0,26000.0,24000.0,27500.0,25000.0,36500.0,29000.0,30000.0,27500.0,45000.0,37500.0,41500.0,39000.0
2023-12-13,20500.0,20500.0,20500.0,18500.0,18500.0,18500.0,14750.0,14750.0,14750.0,14000.0,14000.0,14000.0,13000.0,13250.0,13125.0,12500.0,12500.0,12500.0,12000.0,12500.0,12250.0,10500.0,11000.0,10750.0,45000.0,43500.0,52500.0,50000.0,45000.0,38500.0,42500.0,38500.0,45000.0,37500.0,40000.0,37500.0,25000.0,23000.0,27000.0,24500.0,36000.0,29000.0,31000.0,28500.0,45000.0,37500.0,41500.0,39000.0
2023-12-20,20500.0,20500.0,20500.0,19000.0,19000.0,19000.0,18000.0,15750.0,16875.0,14000.0,14000.0,14000.0,13000.0,13250.0,13125.0,12500.0,12500.0,12500.0,12000.0,12500.0,12250.0,10500.0,11000.0,10750.0,45000.0,43500.0,52500.0,50000.0,45000.0,38500.0,42500.0,38500.0,45000.0,37500.0,40500.0,37500.0,25000.0,23000.0,27000.0,24000.0,35500.0,29000.0,31000.0,28500.0,45000.0,37500.0,41500.0,39000.0
2024-01-03,20000.0,20000.0,20000.0,19000.0,19000.0,19000.0,17500.0,15750.0,16625.0,14000.0,14000.0,14000.0,13000.0,13250.0,13125.0,12500.0,12500.0,12500.0,12000.0,12500.0,12250.0,10500.0,11000.0,10750.0,46500.0,43500.0,52500.0,50000.0,45000.0,38500.0,42500.0,38500.0,45000.0,37500.0,40500.0,37500.0,25000.0,23000.0,27000.0,24000.0,36500.0,30000.0,31000.0,28500.0,45000.0,37500.0,41500.0,39000.0
2024-01-10,21000.0,21000.0,21000.0,19500.0,19500.0,19500.0,16250.0,14750.0,15500.0,14000.0,13250.0,13625.0,14000.0,13250.0,13625.0,12500.0,12500.0,12500.0,12500.0,12500.0,12500.0,11000.0,11000.0,11000.0,46500.0,43500.0,52500.0,50000.0,45000.0,38500.0,42500.0,38500.0,45000.0,37500.0,40000.0,35000.0,26000.0,23000.0,26500.0,24000.0,36500.0,30000.0,31000.0,28500.0,45000.0,38500.0,41000.0,35000.0
2024-01-17,19500.0,19500.0,19500.0,19500.0,19500.0,19500.0,17500.0,14750.0,16125.0,13500.0,13250.0,13375.0,14000.0,13250.0,13625.0,12500.0,12500.0,12500.0,12500.0,12000.0,12250.0,11000.0,11000.0,11000.0,46500.0,43500.0,52500.0,50000.0,45000.0,38500.0,42500.0,38500.0,41500.0,35000.0,40000.0,35000.0,26000.0,23000.0,26500.0,24000.0,35000.0,30000.0,31000.0,28500.0,40000.0,37500.0,40000.0,35000.0
2024-01-24,20500.0,20250.0,20375.0,19250.0,19250.0,19250.0,17250.0,16250.0,16750.0,15000.0,13750.0,14375.0,14500.0,13250.0,13875.0,12500.0,12500.0,12500.0,12750.0,11500.0,12125.0,11000.0,11000.0,11000.0,47500.0,43500.0,52500.0,50000.0,45000.0,38500.0,42500.0,38500.0,44000.0,37500.0,40000.0,34500.0,27000.0,23500.0,26500.0,24000.0,35000.0,31000.0,31000.0,28500.0,44000.0,37500.0,40000.0,35000.0
2024-01-31,20500.0,20250.0,20375.0,19000.0,19000.0,19000.0,16750.0,16000.0,16375.0,14000.0,13750.0,13875.0,14000.0,13000.0,13500.0,12500.0,12500.0,12500.0,12500.0,11950.0,12225.0,11000.0,11000.0,11000.0,49500.0,43500.0,52500.0,50000.0,45000.0,38500.0,42500.0,38500.0,48500.0,40000.0,42500.0,35500.0,29500.0,25000.0,28500.0,24000.0,37500.0,32500.0,32500.0,30000.0,47500.0,41000.0,40000.0,36500.0
2024-02-07,22750.0,22750.0,22750.0,20000.0,20000.0,20000.0,16500.0,15750.0,16125.0,15000.0,15000.0,15000.0,14000.0,13500.0,13750.0,12950.0,12500.0,12725.0,12500.0,11950.0,12225.0,11250.0,11000.0,11125.0,48500.0,43500.0,52500.0,50000.0,45000.0,38500.0,42500.0,38500.0,48500.0,40000.0,42500.0,35500.0,29500.0,25500.0,28500.0,24500.0,37500.0,32500.0,32500.0,30000.0,47500.0,41000.0,40000.0,36500.0
2024-02-14,24250.0,24250.0,24250.0,22000.0,22000.0,22000.0,17250.0,16000.0,16625.0,15000.0,15000.0,15000.0,15500.0,13500.0,14500.0,14250.0,12500.0,13375.0,13250.0,11950.0,12600.0,12000.0,11000.0,11500.0,50000.0,43500.0,52500.0,50000.0,45000.0,38500.0,42500.0,38500.0,47500.0,40000.0,42500.0,35500.0,31000.0,25500.0,28500.0,24500.0,36000.0,31000.0,32500.0,30000.0,47500.0,41000.0,40000.0,36500.0
2024-02-21,24250.0,24250.0,24250.0,22000.0,22000.0,22000.0,17250.0,16500.0,16875.0,15000.0,15000.0,15000.0,15500.0,13500.0,14500.0,14250.0,12500.0,13375.0,13250.0,13500.0,13375.0,12000.0,12250.0,12125.0,50000.0,45000.0,52500.0,50000.0,45000.0,39500.0,43500.0,38500.0,48500.0,42500.0,44500.0,37500.0,31000.0,27500.0,28500.0,24850.0,38500.0,35000.0,32500.0,30000.0,49500.0,42500.0,45000.0,38500.0
2024-02-28,25250.0,25250.0,25250.0,22000.0,22000.0,22000.0,17750.0,17000.0,17375.0,15250.0,15000.0,15125.0,15500.0,13500.0,14500.0,14250.0,12500.0,13375.0,13250.0,13500.0,13375.0,12000.0,12250.0,12125.0,50000.0,45000.0,52500.0,50000.0,45000.0,39500.0,43500.0,38500.0,48500.0,42500.0,44500.0,37500.0,31000.0,27500.0,28500.0,24850.0,37500.0,33500.0,32500.0,30000.0,48500.0,42500.0,45000.0,38500.0
2024-03-06,29500.0,29500.0,29500.0,26000.0,26000.0,26000.0,18750.0,17500.0,18125.0,15500.0,15000.0,15250.0,15500.0,15250.0,15375.0,14250.0,14250.0,14250.0,13250.0,14250.0,13750.0,12000.0,12750.0,12375.0,50000.0,45000.0,52500.0,50000.0,45000.0,39500.0,43500.0,38500.0,48500.0,42500.0,44500.0,37500.0,30000.0,27000.0,28500.0,24850.0,35500.0,31500.0,32500.0,30000.0,48500.0,42500.0,45000.0,38500.0
2024-03-13,29000.0,29000.0,29000.0,26000.0,26000.0,26000.0,19500.0,17950.0,18725.0,15500.0,15000.0,15250.0,15500.0,15250.0,15375.0,14250.0,14250.0,14250.0,13000.0,14850.0,13925.0,12000.0,13000.0,12500.0,48500.0,45000.0,52500.0,50000.0,45000.0,39500.0,43500.0,38500.0,48500.0,42500.0,43500.0,37500.0,30000.0,27000.0,28500.0,24500.0,35500.0,31500.0,32500.0,30000.0,46500.0,42500.0,44000.0,38500.0
2024-03-20,29000.0,29000.0,29000.0,26000.0,26000.0,26000.0,19000.0,17950.0,18475.0,15000.0,15000.0,15000.0,17000.0,15250.0,16125.0,15000.0,14250.0,14625.0,14000.0,14500.0,14250.0,12500.0,13000.0,12750.0,48500.0,45000.0,52500.0,50000.0,45000.0,39500.0,43500.0,38500.0,48500.0,42500.0,43500.0,37500.0,30000.0,27000.0,28500.0,24500.0,35500.0,31500.0,34500.0,31500.0,46500.0,42500.0,44000.0,38500.0
2024-03-27,26500.0,26500.0,26500.0,24000.0,24000.0,24000.0,19500.0,18000.0,18750.0,16500.0,16000.0,16250.0,17500.0,15250.0,16375.0,15000.0,14250.0,14625.0,14250.0,14000.0,14125.0,12500.0,12500.0,12500.0,47500.0,45000.0,52500.0,50000.0,45000.0,39500.0,43500.0,38500.0,48500.0,40500.0,42500.0,37500.0,30000.0,27000.0,28500.0,24000.0,37500.0,31500.0,32500.0,30500.0,48500.0,42500.0,44000.0,38500.0
2024-04-03,25250.0,25250.0,25250.0,23500.0,23500.0,23500.0,19000.0,17850.0,18425.0,16500.0,16000.0,16250.0,16850.0,15250.0,16050.0,15000.0,14250.0,14625.0,14250.0,14000.0,14125.0,12500.0,12500.0,12500.0,47500.0,45000.0,52500.0,49500.0,45000.0,39500.0,43500.0,38500.0,48500.0,40500.0,42500.0,37500.0,30000.0,27000.0,28500.0,24000.0,37500.0,31500.0,32500.0,30500.0,47500.0,42500.0,44000.0,38500.0
2024-04-10,24250.0,24250.0,24250.0,23500.0,23500.0,23500.0,19000.0,17850.0,18425.0,16650.0,16000.0,16325.0,15650.0,15250.0,15450.0,15000.0,14250.0,14625.0,14250.0,14000.0,14125.0,12500.0,12500.0,12500.0,47500.0,45000.0,52500.0,49500.0,43500.0,39500.0,43500.0,38500.0,48500.0,40500.0,42500.0,37500.0,31000.0,27000.0,28500.0,24000.0,39500.0,33000.0,35000.0,30500.0,50000.0,42500.0,44000.0,38500.0
2024-04-17,26000.0,26000.0,26000.0,24000.0,24000.0,24000.0,19000.0,17850.0,18425.0,16650.0,16000.0,16325.0,15500.0,15250.0,15375.0,15000.0,14250.0,14625.0,14350.0,14000.0,14175.0,12650.0,12500.0,12575.0,47500.0,45000.0,52500.0,47500.0,43500.0,39500.0,43500.0,38500.0,48500.0,40500.0,42500.0,37500.0,31000.0,27000.0,28500.0,24000.0,38500.0,31500.0,33500.0,30500.0,50000.0,42500.0,44000.0,38500.0
2024-04-24,26000.0,26000.0,26000.0,24000.0,24000.0,24000.0,19000.0,17850.0,18425.0,16650.0,16000.0,16325.0,17000.0,15250.0,16125.0,15350.0,14250.0,14800.0,14750.0,14000.0,14375.0,12650.0,12500.0,12575.0,47500.0,45000.0,52500.0,47500.0,43500.0,39500.0,43500.0,38500.0,49000.0,40500.0,43500.0,37500.0,31000.0,27000.0,28500.0,24000.0,38500.0,31000.0,32500.0,30500.0,50500.0,42500.0,42500.0,38500.0
2024-05-01,24500.0,24500.0,24500.0,22000.0,22000.0,22000.0,18000.0,17000.0,17500.0,16650.0,16000.0,16325.0,17000.0,15250.0,16125.0,15350.0,14250.0,14800.0,15000.0,14000.0,14500.0,13000.0,12500.0,12750.0,47500.0,45000.0,52500.0,47500.0,43500.0,39500.0,43500.0,38500.0,51000.0,42500.0,43500.0,37500.0,30000.0,27000.0,28500.0,24000.0,38500.0,31000.0,32500.0,30500.0,52000.0,42500.0,42500.0,38500.0
2024-05-08,25500.0,25500.0,25500.0,23500.0,23500.0,23500.0,18000.0,17000.0,17500.0,16650.0,16000.0,16325.0,17000.0,15250.0,16125.0,15350.0,14250.0,14800.0,15000.0,14500.0,14750.0,13500.0,13000.0,13250.0,47500.0,45000.0,52500.0,47500.0,45000.0,42000.0,43500.0,38500.0,51000.0,42500.0,43500.0,37500.0,31000.0,27000.0,27500.0,24000.0,37500.0,30000.0,32500.0,30500.0,52500.0,42500.0,44500.0,38500.0
2024-05-15,25500.0,25500.0,25500.0,23500.0,23500.0,23500.0,18000.0,17000.0,17500.0,16650.0,16000.0,16325.0,17000.0,15250.0,16125.0,15350.0,14250.0,14800.0,15000.0,14750.0,14875.0,13500.0,13250.0,13375.0,48500.0,45000.0,52500.0,47500.0,45000.0,42000.0,44500.0,40000.0,51000.0,42500.0,43500.0,37500.0,31000.0,27000.0,27500.0,24000.0,39500.0,32500.0,32500.0,30500.0,52500.0,42500.0,44500.0,38500.0
2024-05-22,25500.0,25500.0,25500.0,23500.0,23500.0,23500.0,17500.0,17000.0,17250.0,16650.0,16000.0,16325.0,17000.0,15250.0,16125.0,15350.0,14250.0,14800.0,15000.0,15150.0,15075.0,13500.0,13500.0,13500.0,50000.0,46500.0,52500.0,47500.0,47500.0,42500.0,44500.0,40000.0,49500.0,42500.0,43500.0,37500.0,31000.0,27000.0,27500.0,24000.0,41000.0,35000.0,32500.0,30500.0,52500.0,42500.0,44500.0,38500.0
2024-05-29,25500.0,25500.0,25500.0,23500.0,23500.0,23500.0,17500.0,16500.0,17000.0,16500.0,16000.0,16250.0,16500.0,15250.0,15875.0,15250.0,14250.0,14750.0,14000.0,15150.0,14575.0,13500.0,13500.0,13500.0,50000.0,46500.0,52500.0,47500.0,47500.0,42500.0,44500.0,40000.0,50000.0,42500.0,43500.0,37500.0,31000.0,27000.0,27500.0,24000.0,39000.0,35000.0,33000.0,30500.0,52500.0,42500.0,44500.0,38500.0
2024-06-06,24500.0,24500.0,24500.0,24000.0,23000.0,23500.0,17000.0,16500.0,16750.0,16000.0,16000.0,16000.0,16000.0,15250.0,15625.0,15250.0,14250.0,14750.0,13000.0,15150.0,14075.0,12500.0,13500.0,13000.0,50000.0,46500.0,52500.0,48500.0,47500.0,42500.0,44500.0,41500.0,50000.0,42500.0,43500.0,38500.0,31000.0,27000.0,27500.0,25000.0,39000.0,35000.0,33000.0,31000.0,52500.0,42500.0,44500.0,39500.0
2024-06-12,24000.0,24000.0,24000.0,23000.0,23000.0,23000.0,17000.0,16500.0,16750.0,16000.0,15750.0,15875.0,17850.0,16500.0,17175.0,16250.0,15000.0,15625.0,12250.0,15500.0,13875.0,12000.0,14000.0,13000.0,48500.0,46500.0,53500.0,48500.0,46000.0,42500.0,44500.0,41500.0,50000.0,42500.0,43500.0,38500.0,31000.0,27000.0,28000.0,25000.0,40000.0,34000.0,33000.0,31000.0,52500.0,42500.0,44500.0,39500.0
2024-06-19,23000.0,23000.0,23000.0,23000.0,23000.0,23000.0,17000.0,16500.0,16750.0,16000.0,15750.0,15875.0,18000.0,16500.0,17250.0,16500.0,15000.0,15750.0,12250.0,16000.0,14125.0,11750.0,14250.0,13000.0,46500.0,45000.0,53500.0,47500.0,45000.0,42500.0,44500.0,41500.0,50000.0,42500.0,43500.0,38500.0,30000.0,27000.0,29000.0,25000.0,40000.0,34000.0,33000.0,31000.0,51500.0,42500.0,44500.0,39500.0
2024-06-26,23000.0,23000.0,23000.0,23000.0,23000.0,23000.0,17000.0,16000.0,16500.0,16000.0,15750.0,15875.0,17000.0,16500.0,16750.0,16850.0,15000.0,15925.0,13000.0,15000.0,14000.0,11850.0,14000.0,12925.0,47500.0,45000.0,54500.0,47500.0,45000.0,42500.0,45500.0,42500.0,50000.0,42500.0,43500.0,37500.0,30000.0,27000.0,29000.0,25500.0,39000.0,34000.0,33000.0,31000.0,1500.0,42500.0,44500.0,38500.0
2024-07-03,30000.0,24000.0,27000.0,28500.0,23000.0,25750.0,16850.0,16000.0,16425.0,16000.0,15750.0,15875.0,15500.0,15250.0,15375.0,16000.0,14850.0,15425.0,13000.0,14850.0,13925.0,11850.0,13850.0,12850.0,47500.0,45000.0,54500.0,49000.0,45000.0,42500.0,45500.0,42500.0,50000.0,42500.0,43500.0,37500.0,30000.0,27000.0,29000.0,25500.0,39000.0,34000.0,33000.0,31000.0,51500.0,42500.0,44500.0,38500.0
2024-07-10,25000.0,24000.0,24500.0,24000.0,23000.0,23500.0,16850.0,16000.0,16425.0,16000.0,15750.0,15875.0,17000.0,16500.0,16750.0,16000.0,15000.0,15500.0,13000.0,14850.0,13925.0,11850.0,13850.0,12850.0,47500.0,45000.0,54500.0,49000.0,45000.0,42500.0,45500.0,42500.0,50000.0,42500.0,43500.0,37500.0,30000.0,27000.0,29000.0,24500.0,39000.0,32500.0,33000.0,31000.0,51500.0,42500.0,44500.0,38500.0
2024-07-17,24000.0,24000.0,24000.0,23000.0,23000.0,23000.0,16000.0,15850.0,15925.0,16000.0,15500.0,15750.0,18000.0,17500.0,17750.0,16500.0,16000.0,16250.0,13000.0,15000.0,14000.0,11850.0,14000.0,12925.0,47500.0,45000.0,54500.0,50000.0,45000.0,42500.0,45500.0,42500.0,50000.0,42500.0,43500.0,37500.0,30000.0,27000.0,29000.0,24500.0,39000.0,32500.0,33000.0,31000.0,51500.0,42500.0,44500.0,38500.0
2024-07-24,24000.0,24000.0,24000.0,23000.0,23000.0,23000.0,16000.0,15850.0,15925.0,16000.0,15500.0,15750.0,17500.0,16500.0,17000.0,16250.0,16000.0,16125.0,13000.0,15000.0,14000.0,11850.0,14000.0,12925.0,46000.0,45000.0,54500.0,50000.0,45000.0,42500.0,45500.0,42500.0,50000.0,42500.0,43500.0,37500.0,30000.0,27000.0,29000.0,24500.0,39000.0,32500.0,33000.0,31000.0,51500.0,42500.0,44500.0,38500.0
2024-07-31,23000.0,23000.0,23000.0,24000.0,24000.0,24000.0,16000.0,15850.0,15925.0,15850.0,15500.0,15675.0,16850.0,16500.0,16675.0,16000.0,16000.0,16000.0,13000.0,15000.0,14000.0,12000.0,14000.0,13000.0,46000.0,45000.0,54500.0,50000.0,44000.0,42500.0,45500.0,42500.0,47500.0,42500.0,43500.0,37500.0,30000.0,27000.0,29000.0,24500.0,38500.0,32500.0,33000.0,31000.0,47500.0,42500.0,44500.0,38500.0
2024-08-07,23000.0,23000.0,23000.0,23500.0,23500.0,23500.0,16000.0,15850.0,15925.0,15850.0,15500.0,15675.0,16850.0,16500.0,16675.0,16000.0,16000.0,16000.0,13000.0,15750.0,14375.0,12000.0,14500.0,13250.0,45500.0,44500.0,53500.0,50000.0,44000.0,42500.0,45500.0,42500.0,47500.0,42500.0,43500.0,37500.0,29500.0,27000.0,29000.0,24500.0,37500.0,32500.0,33000.0,31000.0,47500.0,42500.0,44500.0,38500.0
2024-08-14,23000.0,23000.0,23000.0,23500.0,23500.0,23500.0,15500.0,15500.0,15500.0,15500.0,15000.0,15250.0,16850.0,16500.0,16675.0,16000.0,16000.0,16000.0,13000.0,15250.0,14125.0,12000.0,14000.0,13000.0,45500.0,44500.0,53500.0,50000.0,43500.0,42500.0,45500.0,42500.0,45500.0,42500.0,43500.0,37500.0,27500.0,27000.0,29000.0,24500.0,37500.0,31500.0,33000.0,31000.0,46500.0,42500.0,44500.0,38500.0
2024-08-21,23000.0,23000.0,23000.0,23500.0,23500.0,23500.0,15500.0,14850.0,15175.0,15500.0,15000.0,15250.0,17000.0,16500.0,16750.0,16000.0,16000.0,16000.0,13000.0,15250.0,14125.0,12000.0,14000.0,13000.0,45500.0,44500.0,53500.0,50000.0,43500.0,42500.0,45500.0,42500.0,45500.0,42500.0,43500.0,37500.0,27500.0,27000.0,29000.0,24500.0,37500.0,31500.0,33000.0,31000.0,46500.0,42500.0,44500.0,38500.0
2024-08-28,23000.0,23000.0,23000.0,23500.0,23500.0,23500.0,15500.0,14750.0,15125.0,15500.0,15000.0,15250.0,16750.0,16500.0,16625.0,16000.0,16000.0,16000.0,13000.0,15000.0,14000.0,12000.0,14000.0,13000.0,46500.0,45000.0,53500.0,50000.0,43500.0,42500.0,45500.0,42500.0,45500.0,42500.0,43500.0,37500.0,29000.0,27000.0,29000.0,24500.0,38000.0,31500.0,33000.0,31000.0,46500.0,42500.0,44500.0,38500.0
2024-09-04,24500.0,24500.0,24500.0,23500.0,23500.0,23500.0,15000.0,14750.0,14875.0,15000.0,14500.0,14750.0,15250.0,16500.0,15875.0,1000.0,16000.0,8500.0,13000.0,15000.0,14000.0,12000.0,14000.0,13000.0,45000.0,44000.0,53500.0,50000.0,43500.0,42500.0,45500.0,42500.0,42500.0,41500.0,43500.0,37500.0,27500.0,25000.0,26500.0,24500.0,38000.0,31500.0,33000.0,31000.0,43500.0,42500.0,44500.0,38500.0
2024-09-11,24500.0,24500.0,24500.0,23500.0,23500.0,23500.0,14500.0,14000.0,14250.0,14000.0,13750.0,13875.0,15250.0,15000.0,15125.0,15000.0,14850.0,14925.0,13000.0,14000.0,13500.0,12000.0,13000.0,12500.0,45000.0,44000.0,53500.0,50000.0,42500.0,42500.0,45500.0,42500.0,42500.0,41500.0,43500.0,37500.0,25000.0,23000.0,26000.0,24500.0,35000.0,31500.0,33000.0,31000.0,43000.0,42500.0,44500.0,38500.0
2024-09-18,25500.0,25500.0,25500.0,24000.0,24000.0,24000.0,14750.0,14000.0,14375.0,14500.0,14500.0,14500.0,15250.0,15000.0,15125.0,15000.0,14850.0,14925.0,13000.0,14000.0,13500.0,12000.0,13000.0,12500.0,45000.0,44000.0,53500.0,50000.0,42500.0,41000.0,45500.0,42500.0,41000.0,40000.0,43500.0,37500.0,25000.0,23500.0,26000.0,24500.0,35000.0,31500.0,33000.0,31000.0,42000.0,41000.0,44500.0,38500.0
2024-09-25,24500.0,24500.0,24500.0,24000.0,24000.0,24000.0,14250.0,14000.0,14125.0,14500.0,14500.0,14500.0,15500.0,17000.0,16250.0,15000.0,15000.0,15000.0,13000.0,14500.0,13750.0,12000.0,13250.0,12625.0,45000.0,44000.0,53500.0,50000.0,42500.0,41000.0,44500.0,42500.0,41000.0,40000.0,42500.0,37500.0,25000.0,23500.0,25950.0,24000.0,35000.0,31500.0,33000.0,31000.0,42000.0,41000.0,42500.0,38500.0
2024-10-02,24000.0,27000.0,25500.0,24000.0,25000.0,24500.0,14250.0,14000.0,14125.0,14500.0,14500.0,14500.0,15500.0,16500.0,16000.0,15000.0,15000.0,15000.0,13000.0,14500.0,13750.0,12000.0,13250.0,12625.0,45000.0,44000.0,52500.0,50000.0,42000.0,41000.0,44500.0,42500.0,39000.0,38000.0,42500.0,37500.0,25000.0,24000.0,25950.0,24000.0,35000.0,31500.0,33000.0,31000.0,39500.0,40000.0,42500.0,38500.0
2024-10-09,24000.0,26500.0,25250.0,23000.0,25000.0,24000.0,14250.0,14000.0,14125.0,14500.0,14500.0,14500.0,15500.0,16500.0,16000.0,15000.0,15000.0,15000.0,13000.0,14500.0,13750.0,12000.0,13250.0,12625.0,44500.0,44000.0,52500.0,50000.0,42000.0,41000.0,44500.0,42500.0,39000.0,37500.0,42500.0,37500.0,25000.0,24000.0,25950.0,24000.0,35000.0,31500.0,33000.0,31000.0,39500.0,38500.0,42500.0,38500.0
2024-10-16,24000.0,25000.0,24500.0,23000.0,25000.0,24000.0,14250.0,14000.0,14125.0,14500.0,14500.0,14500.0,15500.0,16500.0,16000.0,15000.0,15000.0,15000.0,13000.0,14500.0,13750.0,12000.0,13250.0,12625.0,42500.0,42500.0,52500.0,50000.0,42000.0,41000.0,44500.0,42500.0,38500.0,37500.0,42500.0,37500.0,25000.0,24000.0,25950.0,24000.0,31500.0,31500.0,33000.0,31000.0,39000.0,38500.0,42500.0,38500.0
2024-10-23,24000.0,25000.0,24500.0,23000.0,25000.0,24000.0,14000.0,13500.0,13750.0,14250.0,14250.0,14250.0,15500.0,16000.0,15750.0,15000.0,15000.0,15000.0,13000.0,14000.0,13500.0,12000.0,13000.0,12500.0,42500.0,42500.0,52500.0,50000.0,41500.0,40000.0,43500.0,41500.0,38500.0,37500.0,42500.0,37500.0,25500.0,24000.0,25950.0,24000.0,31500.0,30000.0,33000.0,31000.0,38000.0,37500.0,42500.0,38500.0
2024-10-30,22000.0,22000.0,22000.0,22000.0,22000.0,22000.0,14000.0,13500.0,13750.0,14250.0,14250.0,14250.0,15750.0,17000.0,16375.0,15000.0,15750.0,15375.0,13250.0,14500.0,13875.0,12250.0,13000.0,12625.0,42500.0,42500.0,52500.0,50000.0,41500.0,40000.0,43500.0,41500.0,37500.0,37500.0,42000.0,37500.0,25500.0,24000.0,25950.0,24000.0,31000.0,30000.0,33000.0,31000.0,37500.0,37500.0,43500.0,38500.0
2024-11-06,21000.0,21000.0,21000.0,20000.0,20000.0,20000.0,14000.0,13500.0,13750.0,14250.0,14250.0,14250.0,15000.0,17000.0,16000.0,14250.0,15750.0,15000.0,13250.0,14500.0,13875.0,12250.0,13000.0,12625.0,42500.0,42500.0,52500.0,50000.0,41500.0,40000.0,43500.0,41500.0,37500.0,37500.0,42000.0,37500.0,24500.0,24000.0,25950.0,24000.0,31000.0,30000.0,33000.0,31000.0,37500.0,37500.0,43500.0,38500.0
2024-11-13,21000.0,21000.0,21000.0,20000.0,20000.0,20000.0,13500.0,13000.0,13250.0,14000.0,13500.0,13750.0,14500.0,16000.0,15250.0,14000.0,15000.0,14500.0,12500.0,14250.0,13375.0,11850.0,13000.0,12425.0,42500.0,42500.0,52500.0,50000.0,41000.0,40000.0,43500.0,41500.0,37500.0,36500.0,42000.0,37500.0,22000.0,24000.0,25950.0,24000.0,28500.0,30000.0,33000.0,31000.0,36500.0,36500.0,43500.0,38500.0
2024-11-20,22000.0,22000.0,22000.0,23000.0,23000.0,23000.0,13000.0,12500.0,12750.0,13500.0,13500.0,13500.0,15250.0,16500.0,15875.0,15000.0,16000.0,15500.0,13000.0,14000.0,13500.0,12000.0,13000.0,12500.0,42500.0,42500.0,52500.0,50000.0,41000.0,40000.0,43000.0,40500.0,36500.0,36500.0,42000.0,37500.0,21000.0,22500.0,25950.0,24000.0,28500.0,29500.0,33000.0,31000.0,36500.0,36000.0,42000.0,38500.0
2024-11-27,21000.0,24000.0,22500.0,22000.0,22000.0,22000.0,13000.0,12500.0,12750.0,13500.0,13250.0,13375.0,14750.0,14500.0,14625.0,14500.0,14750.0,14625.0,13000.0,13500.0,13250.0,12000.0,13000.0,12500.0,42500.0,42500.0,50000.0,48500.0,40000.0,39000.0,42000.0,39500.0,35000.0,35000.0,40000.0,37500.0,20000.0,22500.0,25000.0,24000.0,28500.0,28500.0,31500.0,30000.0,35000.0,36000.0,41000.0,38500.0
2024-12-04,20000.0,20000.0,20000.0,22000.0,22000.0,22000.0,12500.0,12000.0,12250.0,13500.0,13250.0,13375.0,14750.0,13500.0,14125.0,14500.0,14500.0,14500.0,13000.0,13250.0,13125.0,12000.0,13000.0,12500.0,42500.0,42500.0,50000.0,48500.0,40000.0,39000.0,42000.0,39500.0,32500.0,32500.0,37500.0,35000.0,20000.0,21000.0,25000.0,24000.0,27500.0,27500.0,31000.0,29500.0,33500.0,32500.0,38500.0,37500.0
2024-12-11,19000.0,19000.0,19000.0,22000.0,22000.0,22000.0,12850.0,12000.0,12425.0,13500.0,13250.0,13375.0,14500.0,13500.0,14000.0,14500.0,14500.0,14500.0,13000.0,13000.0,13000.0,12000.0,12000.0,12000.0,41500.0,42500.0,50000.0,48000.0,39000.0,38000.0,42000.0,37500.0,31000.0,32500.0,32500.0,31000.0,20000.0,21000.0,25000.0,24000.0,27500.0,27500.0,31000.0,28500.0,31000.0,32500.0,34000.0,33000.0
2024-12-18,17750.0,17750.0,17750.0,20000.0,20000.0,20000.0,13000.0,13000.0,13000.0,13500.0,13250.0,13375.0,14000.0,13500.0,13750.0,14000.0,14000.0,14000.0,13000.0,13000.0,13000.0,12000.0,12000.0,12000.0,41500.0,42500.0,48000.0,48000.0,37500.0,36000.0,42000.0,37500.0,31000.0,30000.0,34000.0,32000.0,21000.0,21000.0,23500.0,22500.0,26500.0,25000.0,28500.0,26500.0,31000.0,30500.0,34000.0,33500.0
2025-01-08,16000.0,16000.0,16000.0,18000.0,18000.0,18000.0,13000.0,12000.0,12500.0,13250.0,13000.0,13125.0,13500.0,13500.0,13500.0,11500.0,11500.0,11500.0,10500.0,10500.0,10500.0,11000.0,11000.0,11000.0,41500.0,42500.0,47500.0,47500.0,36500.0,35500.0,40000.0,37500.0,34000.0,33000.0,32500.0,32500.0,21500.0,21000.0,23000.0,22500.0,24000.0,24000.0,25500.0,25000.0,32500.0,30500.0,32500.0,33500.0
2025-01-15,18750.0,18750.0,18750.0,18000.0,18000.0,18000.0,13000.0,11750.0,12375.0,13000.0,12500.0,12750.0,12000.0,13000.0,12500.0,11500.0,12000.0,11750.0,9500.0,10500.0,10000.0,10000.0,10500.0,10250.0,45000.0,42500.0,47500.0,50000.0,37500.0,35000.0,37500.0,37500.0,35000.0,32500.0,32500.0,32500.0,24500.0,21000.0,23000.0,22500.0,26500.0,24000.0,25500.0,25000.0,35000.0,30500.0,32500.0,33500.0
2025-01-22,18750.0,18750.0,18750.0,18000.0,18000.0,18000.0,13000.0,12000.0,12500.0,13000.0,12500.0,12750.0,12000.0,12000.0,12000.0,11500.0,11500.0,11500.0,9500.0,11000.0,10250.0,9500.0,10500.0,10000.0,45000.0,42500.0,47500.0,47500.0,33500.0,32500.0,37500.0,37500.0,32500.0,32500.0,32500.0,30000.0,22000.0,21000.0,23000.0,22500.0,23000.0,22000.0,24500.0,24000.0,31500.0,30500.0,32500.0,31000.0
2025-01-29,18750.0,18750.0,18750.0,18000.0,18000.0,18000.0,12000.0,11000.0,11500.0,12000.0,12000.0,12000.0,12000.0,12500.0,12250.0,11500.0,11500.0,11500.0,9500.0,11000.0,10250.0,9500.0,10500.0,10000.0,45000.0,43500.0,47500.0,47500.0,32500.0,32500.0,37500.0,37500.0,30000.0,29000.0,32500.0,30000.0,21000.0,20500.0,23000.0,22500.0,23000.0,22000.0,24500.0,24000.0,29500.0,29500.0,32500.0,31000.0
2025-02-05,18000.0,18000.0,18000.0,19000.0,19000.0,19000.0,13000.0,12500.0,12750.0,13000.0,12850.0,12925.0,11750.0,11500.0,11625.0,12000.0,12000.0,12000.0,9500.0,10500.0,10000.0,9500.0,10500.0,10000.0,52000.0,43500.0,47500.0,47500.0,35000.0,32500.0,37500.0,37500.0,29000.0,29000.0,32500.0,30000.0,21000.0,20500.0,23000.0,22500.0,23000.0,22000.0,24500.0,24000.0,29000.0,29000.0,32500.0,31000.0
2025-02-12,19000.0,19000.0,19000.0,19500.0,19500.0,19500.0,13000.0,12500.0,12750.0,12850.0,12850.0,12850.0,11750.0,11500.0,11625.0,12000.0,12000.0,12000.0,9000.0,10000.0,9500.0,9500.0,10500.0,10000.0,47500.0,43500.0,50000.0,47500.0,34000.0,32500.0,37500.0,36500.0,29000.0,29000.0,32500.0,29750.0,21000.0,20500.0,23000.0,22500.0,23000.0,22000.0,24500.0,24000.0,29000.0,29000.0,32500.0,30500.0
2025-02-19,19000.0,19000.0,19000.0,19500.0,19500.0,19500.0,13000.0,12850.0,12925.0,13000.0,12500.0,12750.0,11750.0,11500.0,11625.0,12000.0,12000.0,12000.0,9000.0,10000.0,9500.0,9500.0,10500.0,10000.0,47500.0,43500.0,50000.0,47500.0,34000.0,32500.0,37500.0,36500.0,30000.0,29000.0,32500.0,29750.0,20500.0,20500.0,23000.0,22500.0,22000.0,22000.0,24500.0,24000.0,30500.0,29000.0,32500.0,30500.0
2025-02-26,19000.0,19000.0,19000.0,19500.0,19500.0,19500.0,13850.0,13850.0,13850.0,13000.0,13000.0,13000.0,11750.0,11500.0,11625.0,12000.0,12000.0,12000.0,9000.0,10000.0,9500.0,9500.0,10500.0,10000.0,46500.0,44500.0,50000.0,47500.0,35000.0,34000.0,37500.0,36500.0,28000.0,28000.0,31000.0,29750.0,19000.0,20500.0,23000.0,22500.0,22000.0,22000.0,24500.0,24000.0,29000.0,29000.0,31750.0,30500.0
2025-03-05,20500.0,20500.0,20500.0,20500.0,20500.0,20500.0,13500.0,13250.0,13375.0,13500.0,13500.0,13500.0,13250.0,11500.0,12375.0,12500.0,12500.0,12500.0,11000.0,11500.0,11250.0,10850.0,11000.0,10925.0,46500.0,44500.0,50000.0,48500.0,36000.0,34000.0,37500.0,36500.0,28000.0,28000.0,30000.0,29000.0,18000.0,19500.0,23000.0,22500.0,21000.0,20000.0,24500.0,23500.0,28000.0,28000.0,30500.0,29500.0
2025-03-12,22000.0,22000.0,22000.0,21000.0,21000.0,21000.0,13750.0,13750.0,13750.0,13500.0,13500.0,13500.0,14000.0,14500.0,14250.0,13000.0,13250.0,13125.0,11500.0,12000.0,11750.0,10850.0,11000.0,10925.0,46500.0,44500.0,50000.0,48500.0,36000.0,34000.0,37500.0,36500.0,28000.0,28000.0,30000.0,29000.0,18000.0,18500.0,22000.0,21500.0,21000.0,20000.0,24500.0,23500.0,27500.0,28000.0,30500.0,29500.0
2025-03-19,22000.0,22000.0,22000.0,21000.0,21000.0,21000.0,13750.0,13750.0,13750.0,13500.0,13500.0,13500.0,14000.0,14500.0,14250.0,13000.0,13250.0,13125.0,11500.0,12000.0,11750.0,10850.0,11000.0,10925.0,47500.0,45000.0,50000.0,48500.0,36000.0,34000.0,37500.0,36500.0,27500.0,26500.0,29500.0,28000.0,18000.0,18500.0,22000.0,21500.0,21000.0,20000.0,24500.0,23500.0,27500.0,27500.0,30250.0,29000.0
2025-03-26,22000.0,22000.0,22000.0,21000.0,21000.0,21000.0,14650.0,13850.0,14250.0,13850.0,13500.0,13675.0,14000.0,14500.0,14250.0,13000.0,13250.0,13125.0,12000.0,12250.0,12125.0,11000.0,11250.0,11125.0,47500.0,45000.0,50000.0,48500.0,36500.0,34000.0,37500.0,36500.0,27000.0,26000.0,29500.0,28000.0,17500.0,17500.0,22000.0,21500.0,21000.0,20000.0,24500.0,23500.0,27000.0,27500.0,30250.0,29000.0
2025-04-02,22000.0,22000.0,22000.0,21000.0,21000.0,21000.0,14500.0,14000.0,14250.0,13850.0,13500.0,13675.0,14000.0,15000.0,14500.0,13000.0,13850.0,13425.0,12500.0,12500.0,12500.0,12000.0,12000.0,12000.0,47500.0,45000.0,50000.0,48500.0,33500.0,32000.0,37500.0,36500.0,27000.0,26000.0,29500.0,28000.0,19500.0,18500.0,22000.0,21500.0,21000.0,20000.0,24500.0,23500.0,26500.0,26500.0,30000.0,29000.0
2025-04-09,21000.0,21000.0,21000.0,21000.0,21000.0,21000.0,13750.0,13000.0,13375.0,13850.0,13500.0,13675.0,14000.0,14500.0,14250.0,13000.0,13850.0,13425.0,12500.0,12500.0,12500.0,12000.0,12000.0,12000.0,45000.0,42500.0,50000.0,48500.0,33500.0,32000.0,37500.0,35500.0,27000.0,26000.0,29500.0,28000.0,19500.0,18000.0,22000.0,21000.0,21000.0,20000.0,24500.0,23500.0,26500.0,26500.0,30000.0,29000.0
2025-04-16,21000.0,21000.0,21000.0,24000.0,21000.0,22500.0,43750.0,13000.0,28375.0,43500.0,13500.0,28500.0,14000.0,4500.0,9250.0,13000.0,13850.0,13425.0,42500.0,12500.0,27500.0,42000.0,42000.0,42000.0,43500.0,42500.0,49500.0,48500.0,33500.0,32000.0,37500.0,35500.0,27000.0,26000.0,29500.0,28000.0,19500.0,18000.0,22000.0,21000.0,21000.0,20000.0,24500.0,23000.0,26500.0,26500.0,30000.0,29000.0
2025-04-23,20000.0,20000.0,20000.0,21000.0,21000.0,21000.0,13750.0,13000.0,13375.0,13500.0,13500.0,13500.0,13000.0,14500.0,13750.0,13000.0,13850.0,13425.0,12000.0,12000.0,12000.0,12000.0,12000.0,12000.0,45000.0,42500.0,49500.0,48500.0,34500.0,32000.0,37500.0,35500.0,28500.0,26000.0,29500.0,28000.0,20500.0,19000.0,20000.0,21000.0,21500.0,20000.0,24500.0,23000.0,27000.0,26500.0,30000.0,29000.0
2025-04-30,19500.0,19500.0,19500.0,20500.0,20500.0,20500.0,13750.0,13000.0,13375.0,13500.0,13500.0,13500.0,13000.0,14500.0,13750.0,13000.0,13850.0,13425.0,11500.0,12000.0,11750.0,12000.0,12000.0,12000.0,45000.0,42500.0,49500.0,48500.0,34500.0,32000.0,37500.0,35500.0,29000.0,26000.0,29500.0,28000.0,20000.0,19000.0,20000.0,20000.0,22500.0,20000.0,24500.0,23000.0,27000.0,26500.0,30000.0,29000.0
2025-05-07,20250.0,20250.0,20250.0,20500.0,20500.0,20500.0,13750.0,13000.0,13375.0,13500.0,13500.0,13500.0,13000.0,14500.0,13750.0,13000.0,13850.0,13425.0,11500.0,11500.0,11500.0,12000.0,12000.0,12000.0,46000.0,42500.0,49500.0,48500.0,34500.0,32000.0,37500.0,35500.0,29500.0,26000.0,29500.0,28000.0,20250.0,19000.0,20000.0,20000.0,22500.0,20000.0,24500.0,23000.0,27000.0,26500.0,30000.0,29000.0
2025-05-14,19500.0,19500.0,19500.0,20500.0,20500.0,20500.0,13750.0,12500.0,13125.0,13500.0,13500.0,13500.0,13250.0,14250.0,13750.0,13000.0,13500.0,13250.0,11500.0,11500.0,11500.0,12000.0,12000.0,12000.0,45000.0,42500.0,49500.0,48500.0,34500.0,32000.0,37500.0,35500.0,30000.0,27500.0,29500.0,28000.0,19000.0,18000.0,20000.0,20000.0,21500.0,20000.0,24500.0,23000.0,29000.0,28000.0,30000.0,29000.0
2025-05-21,19500.0,19500.0,19500.0,20500.0,20500.0,20500.0,13000.0,12250.0,12625.0,12850.0,12850.0,12850.0,13250.0,14250.0,13750.0,13000.0,13500.0,13250.0,11500.0,11750.0,11625.0,12000.0,12000.0,12000.0,45000.0,42500.0,49500.0,48500.0,34500.0,32000.0,37500.0,35500.0,30000.0,27500.0,29500.0,28000.0,19000.0,18000.0,20000.0,20000.0,21500.0,20000.0,24000.0,23000.0,29000.0,28000.0,30000.0,29000.0
2025-05-28,19500.0,19500.0,19500.0,20500.0,20500.0,20500.0,13500.0,13000.0,13250.0,12850.0,12850.0,12850.0,13250.0,14250.0,13750.0,13000.0,13500.0,13250.0,11500.0,11750.0,11625.0,12000.0,12000.0,12000.0,45000.0,42500.0,49500.0,48500.0,33500.0,32000.0,37500.0,35500.0,30000.0,27500.0,29500.0,28000.0,19000.0,18000.0,20000.0,20000.0,21500.0,20000.0,24000.0,23000.0,29000.0,28000.0,30000.0,29000.0
2025-06-04,19500.0,19500.0,19500.0,20500.0,20500.0,20500.0,13000.0,12000.0,12500.0,12850.0,12500.0,12675.0,13500.0,14250.0,13875.0,13000.0,13500.0,13250.0,11500.0,11750.0,11625.0,12000.0,12000.0,12000.0,46000.0,42500.0,49500.0,48500.0,33500.0,32000.0,37500.0,34000.0,31000.0,27500.0,29500.0,28000.0,20000.0,18000.0,20000.0,20000.0,22500.0,20000.0,24000.0,23000.0,32000.0,28000.0,30000.0,29500.0
2025-06-11,19500.0,19500.0,19500.0,20500.0,20500.0,20500.0,14250.0,12250.0,13250.0,13000.0,12500.0,12750.0,13250.0,14250.0,13750.0,13000.0,13500.0,13250.0,11500.0,11750.0,11625.0,12000.0,12000.0,12000.0,45000.0,42500.0,49500.0,48500.0,33500.0,32000.0,37500.0,34000.0,31000.0,27500.0,29500.0,28000.0,20000.0,18000.0,20000.0,19500.0,23500.0,20000.0,24000.0,23000.0,32000.0,28000.0,30000.0,29500.0
2025-06-18,19850.0,19850.0,19850.0,20500.0,20500.0,20500.0,14250.0,12150.0,13200.0,13000.0,12500.0,12750.0,13250.0,14250.0,13750.0,13000.0,13500.0,13250.0,11500.0,11750.0,11625.0,12000.0,12000.0,12000.0,55000.0,47500.0,52500.0,50000.0,33500.0,32000.0,37500.0,34000.0,31500.0,27500.0,29500.0,28000.0,20000.0,18000.0,20000.0,19500.0,23500.0,21000.0,24000.0,23000.0,33500.0,28000.0,30000.0,29500.0
2025-06-25,19750.0,19750.0,19750.0,20500.0,20500.0,20500.0,14250.0,12150.0,13200.0,13000.0,12500.0,12750.0,14000.0,14000.0,14000.0,13250.0,13500.0,13375.0,11500.0,11750.0,11625.0,12000.0,12000.0,12000.0,46500.0,45000.0,50000.0,48500.0,32500.0,31000.0,37500.0,34000.0,30000.0,27500.0,29500.0,28000.0,19000.0,18000.0,20000.0,19500.0,22500.0,21000.0,24000.0,23000.0,31000.0,28000.0,30000.0,29000.0
2025-07-02,20000.0,20000.0,20000.0,20500.0,20500.0,20500.0,14250.0,12150.0,13200.0,12750.0,12500.0,12625.0,13500.0,14250.0,13875.0,13250.0,13500.0,13375.0,11500.0,11750.0,11625.0,12000.0,12000.0,12000.0,46500.0,45000.0,50000.0,48500.0,32500.0,31000.0,37500.0,34000.0,30000.0,27500.0,29500.0,28000.0,19000.0,18000.0,20000.0,19500.0,22500.0,21000.0,24000.0,23000.0,31000.0,28000.0,30000.0,29000.0
2025-07-09,20000.0,20000.0,20000.0,20500.0,20500.0,20500.0,13500.0,12150.0,12825.0,12750.0,12500.0,12625.0,13500.0,14250.0,13875.0,13250.0,13500.0,13375.0,11500.0,12000.0,11750.0,12000.0,12000.0,12000.0,46500.0,45000.0,50000.0,48500.0,32500.0,31000.0,37500.0,34000.0,30000.0,27500.0,29500.0,28000.0,19000.0,18000.0,20000.0,19250.0,22000.0,21000.0,24000.0,23000.0,31000.0,28000.0,30000.0,29000.0
2025-07-16,20000.0,20000.0,20000.0,20500.0,20500.0,20500.0,15000.0,13000.0,14000.0,12750.0,12500.0,12625.0,14000.0,14250.0,14125.0,13250.0,13500.0,13375.0,12500.0,12000.0,12250.0,11750.0,11750.0,11750.0,45000.0,44000.0,50000.0,47500.0,29500.0,29500.0,35000.0,33000.0,30000.0,27500.0,29500.0,28000.0,19000.0,18000.0,20000.0,19250.0,22000.0,21000.0,24000.0,23000.0,31000.0,28000.0,30000.0,29000.0
2025-07-23,21000.0,21000.0,21000.0,20250.0,20250.0,20250.0,15000.0,14000.0,14500.0,12750.0,12500.0,12625.0,14000.0,15000.0,14500.0,13250.0,13500.0,13375.0,13000.0,12000.0,12500.0,11500.0,11000.0,11250.0,45000.0,44000.0,50000.0,47500.0,29500.0,29500.0,35000.0,33000.0,29000.0,27500.0,29500.0,28000.0,19000.0,18000.0,20000.0,19250.0,22000.0,21000.0,24000.0,23000.0,30000.0,28000.0,30000.0,29000.0
2025-07-30,22000.0,22000.0,22000.0,20750.0,20750.0,20750.0,15000.0,14000.0,14500.0,12750.0,12500.0,12625.0,14000.0,15000.0,14500.0,14250.0,14000.0,14125.0,13000.0,12750.0,12875.0,12000.0,12000.0,12000.0,45000.0,44000.0,50000.0,47500.0,31000.0,29500.0,35000.0,33000.0,30000.0,27500.0,29500.0,28000.0,19000.0,18000.0,20000.0,19250.0,22000.0,21000.0,24000.0,23000.0,30500.0,28000.0,30000.0,29000.0
2025-08-13,22000.0,22000.0,22000.0,20750.0,20750.0,20750.0,14500.0,13250.0,13875.0,12250.0,12500.0,12375.0,14500.0,15500.0,15000.0,14250.0,14000.0,14125.0,13000.0,13000.0,13000.0,12000.0,12000.0,12000.0,44000.0,44000.0,50000.0,47500.0,32000.0,29500.0,35000.0,33000.0,31000.0,28500.0,29500.0,28000.0,19500.0,18000.0,20000.0,19250.0,24000.0,22500.0,24000.0,23000.0,30500.0,28000.0,30000.0,29000.0
2025-08-20,22500.0,22500.0,22500.0,21000.0,21000.0,21000.0,14000.0,13000.0,13500.0,12250.0,12500.0,12375.0,14500.0,15750.0,15125.0,14000.0,14250.0,14125.0,13000.0,13000.0,13000.0,12000.0,12000.0,12000.0,44000.0,44000.0,50000.0,47500.0,32000.0,29500.0,35000.0,33000.0,29000.0,28500.0,29500.0,28000.0,19000.0,18000.0,20000.0,19250.0,23000.0,22500.0,24000.0,23000.0,29500.0,28000.0,30000.0,29000.0
2025-08-27,22500.0,22500.0,22500.0,21500.0,21500.0,21500.0,13750.0,12750.0,13250.0,12250.0,12250.0,12250.0,15150.0,16000.0,15575.0,14000.0,14500.0,14250.0,13500.0,13000.0,13250.0,12000.0,12000.0,12000.0,45000.0,44000.0,50000.0,47500.0,36500.0,34500.0,35000.0,33000.0,31500.0,29500.0,29500.0,28000.0,19000.0,18000.0,20000.0,19250.0,23500.0,22500.0,24000.0,23000.0,30000.0,28000.0,30000.0,29000.0
2025-09-03,22500.0,22500.0,22500.0,21500.0,21500.0,21500.0,16000.0,14000.0,15000.0,14500.0,13750.0,14125.0,16000.0,16500.0,16250.0,14500.0,14500.0,14500.0,13500.0,13000.0,13250.0,12000.0,12000.0,12000.0,45000.0,44000.0,50000.0,47500.0,36500.0,34500.0,35000.0,33000.0,31500.0,29500.0,29500.0,28000.0,19000.0,18000.0,21500.0,20000.0,23500.0,22500.0,24000.0,23000.0,30000.0,28000.0,30000.0,29000.0
2025-09-10,22500.0,22500.0,22500.0,21500.0,21500.0,21500.0,16500.0,14000.0,15250.0,14000.0,13500.0,13750.0,16000.0,17000.0,16500.0,14500.0,14750.0,14625.0,13500.0,13000.0,13250.0,12000.0,12000.0,12000.0,47500.0,45000.0,50000.0,48500.0,38500.0,34500.0,35000.0,33000.0,32500.0,29500.0,29500.0,28000.0,19250.0,18000.0,21500.0,20000.0,23500.0,22500.0,24000.0,23000.0,30500.0,28000.0,30000.0,29000.0
2025-09-17,22750.0,22750.0,22750.0,22000.0,22000.0,22000.0,16500.0,14000.0,15250.0,14000.0,13500.0,13750.0,16000.0,17000.0,16500.0,14500.0,14750.0,14625.0,13500.0,13000.0,13250.0,12250.0,12000.0,12125.0,49000.0,45000.0,50000.0,48500.0,37500.0,34500.0,35000.0,33000.0,33500.0,29500.0,29500.0,28000.0,20000.0,18000.0,21500.0,20000.0,24500.0,22500.0,24000.0,23000.0,31500.0,28000.0,30000.0,29000.0
2025-09-24,24000.0,24000.0,24000.0,23000.0,23000.0,23000.0,16500.0,14000.0,15250.0,14000.0,13500.0,13750.0,16000.0,16500.0,16250.0,14500.0,14750.0,14625.0,13750.0,13000.0,13375.0,12500.0,12000.0,12250.0,49000.0,45000.0,50000.0,48500.0,39000.0,34500.0,35000.0,33000.0,34500.0,29500.0,29500.0,28000.0,20750.0,19000.0,21500.0,20000.0,24500.0,22500.0,24000.0,23000.0,34000.0,28000.0,30000.0,29000.0
2025-10-01,23500.0,23500.0,23500.0,22500.0,22500.0,22500.0,14500.0,14000.0,14250.0,14000.0,13500.0,13750.0,16000.0,16500.0,16250.0,14500.0,14750.0,14625.0,13500.0,13000.0,13250.0,12500.0,12000.0,12250.0,49000.0,45000.0,50000.0,48500.0,39000.0,34500.0,35000.0,33000.0,34500.0,29500.0,29500.0,28000.0,20000.0,19000.0,21500.0,20000.0,23000.0,22500.0,24000.0,23000.0,33500.0,28000.0,30000.0,29000.0
2025-10-09,24000.0,23000.0,23500.0,22500.0,22500.0,22500.0,13500.0,13500.0,13500.0,13000.0,13000.0,13000.0,16500.0,16500.0,16500.0,14500.0,14750.0,14625.0,13500.0,13000.0,13250.0,12500.0,12000.0,12250.0,47500.0,45000.0,50000.0,47500.0,39000.0,34500.0,35000.0,33000.0,34000.0,29500.0,29500.0,28000.0,20000.0,19000.0,21500.0,20000.0,24500.0,22500.0,24000.0,23000.0,34000.0,28000.0,30000.0,29500.0
2025-10-15,23000.0,23000.0,23000.0,22000.0,22000.0,22000.0,14500.0,14500.0,14500.0,13250.0,13250.0,13250.0,16250.0,16250.0,16250.0,14500.0,14750.0,14625.0,13000.0,13000.0,13000.0,12500.0,12000.0,12250.0,49000.0,45000.0,50000.0,47500.0,39000.0,34500.0,35000.0,33000.0,34000.0,29500.0,29500.0,28000.0,21000.0,19000.0,21500.0,20000.0,24500.0,22500.0,24000.0,23000.0,34000.0,28000.0,30000.0,29500.0
2025-10-22,23000.0,23000.0,23000.0,22000.0,22000.0,22000.0,16500.0,14000.0,15250.0,13250.0,13250.0,13250.0,15000.0,15500.0,15250.0,14250.0,14500.0,14375.0,13000.0,13000.0,13000.0,12500.0,12000.0,12250.0,48000.0,45000.0,50000.0,47500.0,39000.0,34500.0,35000.0,33000.0,34000.0,29500.0,29500.0,28000.0,21000.0,19000.0,21500.0,20000.0,24500.0,22500.0,24000.0,23000.0,34000.0,28000.0,30000.0,29500.0
2025-10-29,23000.0,23000.0,23000.0,22500.0,22500.0,22500.0,16500.0,14000.0,15250.0,13250.0,13250.0,13250.0,14500.0,16000.0,15250.0,14000.0,14750.0,14375.0,12500.0,13000.0,12750.0,12500.0,12000.0,12250.0,47500.0,45000.0,50000.0,47500.0,40000.0,34500.0,35000.0,33000.0,34000.0,29500.0,29500.0,28000.0,21000.0,19500.0,23000.0,22000.0,24500.0,22500.0,24000.0,23000.0,34000.0,28000.0,30000.0,29500.0
2025-11-05,23250.0,23250.0,23250.0,22250.0,22250.0,22250.0,15500.0,14500.0,15000.0,13250.0,13250.0,13250.0,14250.0,16000.0,15125.0,13750.0,14750.0,14250.0,11500.0,13000.0,12250.0,12500.0,12000.0,12250.0,50000.0,45000.0,51500.0,50000.0,41000.0,34500.0,40000.0,37500.0,34500.0,29500.0,32500.0,30000.0,21000.0,19500.0,23000.0,22000.0,22500.0,22500.0,24000.0,23000.0,34000.0,28000.0,30000.0,29500.0
2025-11-12,23500.0,23500.0,23500.0,22250.0,22250.0,22250.0,15500.0,14500.0,15000.0,13250.0,13250.0,13250.0,14250.0,16000.0,15125.0,13750.0,14750.0,14250.0,11500.0,13000.0,12250.0,12500.0,12000.0,12250.0,52500.0,45000.0,51500.0,50000.0,43500.0,34500.0,40000.0,37500.0,35000.0,29500.0,32500.0,30000.0,21000.0,19500.0,22500.0,21500.0,22500.0,22500.0,24000.0,23000.0,34000.0,28000.0,30000.0,29500.0
2025-11-19,23500.0,23500.0,23500.0,22750.0,22750.0,22750.0,15500.0,15000.0,15250.0,14000.0,14000.0,14000.0,14250.0,15750.0,15000.0,13750.0,14750.0,14250.0,14000.0,13000.0,13500.0,12750.0,12000.0,12375.0,55000.0,45000.0,50000.0,50000.0,43500.0,34500.0,40000.0,37500.0,35000.0,29500.0,32500.0,29500.0,22000.0,19500.0,22500.0,21500.0,24000.0,22500.0,24000.0,23000.0,32500.0,28000.0,32500.0,30000.0
2025-11-26,24000.0,24000.0,24000.0,22750.0,22750.0,22750.0,16500.0,15000.0,15750.0,14750.0,14000.0,14375.0,15000.0,15750.0,15375.0,14000.0,14750.0,14375.0,13250.0,13000.0,13125.0,12750.0,12000.0,12375.0,56500.0,45000.0,50000.0,50000.0,43500.0,34500.0,40000.0,37500.0,35000.0,29500.0,32500.0,29500.0,21500.0,19500.0,22750.0,21250.0,24000.0,22500.0,24000.0,23000.0,33500.0,28000.0,32500.0,30000.0
2025-12-03,26000.0,25500.0,25750.0,24000.0,24000.0,24000.0,16500.0,16250.0,16375.0,15000.0,14000.0,14500.0,15250.0,16000.0,15625.0,14500.0,14750.0,14625.0,13000.0,13500.0,13250.0,12350.0,12000.0,12175.0,56500.0,45000.0,50000.0,49500.0,43500.0,34500.0,39000.0,37000.0,36500.0,29500.0,33500.0,30000.0,22000.0,19500.0,22000.0,21000.0,24000.0,22500.0,24500.0,23000.0,38500.0,28000.0,32750.0,30000.0
2025-12-10,25000.0,25000.0,25000.0,24000.0,24000.0,24000.0,16750.0,15000.0,15875.0,15000.0,14000.0,14500.0,15250.0,16000.0,15625.0,14500.0,14750.0,14625.0,13000.0,13250.0,13125.0,12350.0,12000.0,12175.0,55000.0,45000.0,50000.0,48500.0,42500.0,34500.0,39000.0,37000.0,36500.0,29500.0,33500.0,30000.0,22000.0,19500.0,22000.0,21000.0,24500.0,22500.0,24500.0,23000.0,37500.0,28000.0,32750.0,30000.0
2025-12-17,24250.0,24250.0,24250.0,24000.0,24000.0,24000.0,16000.0,15750.0,15875.0,15000.0,14000.0,14500.0,14850.0,17000.0,15925.0,14000.0,15000.0,14500.0,12750.0,13000.0,12875.0,12000.0,12000.0,12000.0,55000.0,45000.0,50000.0,48500.0,42500.0,34500.0,39000.0,37000.0,39000.0,29500.0,33500.0,30000.0,22500.0,19000.0,22500.0,21000.0,24500.0,22500.0,24500.0,23000.0,37500.0,28000.0,32750.0,30000.0
2026-01-07,22500.0,22500.0,22500.0,22500.0,24000.0,23250.0,15000.0,13750.0,14375.0,14000.0,13750.0,13875.0,13000.0,12000.0,12500.0,13000.0,13000.0,13000.0,12750.0,10000.0,11375.0,12000.0,12000.0,12000.0,50000.0,45000.0,50000.0,48500.0,42500.0,34500.0,39000.0,37000.0,39000.0,29500.0,33500.0,30000.0,22500.0,20000.0,22500.0,21000.0,23500.0,22500.0,24500.0,23000.0,37500.0,28000.0,32750.0,30000.0
2026-01-14,24500.0,24500.0,24500.0,23000.0,23000.0,23000.0,15000.0,13750.0,14375.0,14000.0,13750.0,13875.0,13000.0,15250.0,14125.0,13000.0,14500.0,13750.0,11000.0,12500.0,11750.0,12000.0,12000.0,12000.0,52500.0,45000.0,50000.0,48500.0,42500.0,34500.0,39000.0,37000.0,39000.0,29500.0,33500.0,30000.0,22500.0,20000.0,22500.0,21000.0,23500.0,22500.0,24500.0,23000.0,37500.0,28000.0,32750.0,30000.0
2026-01-21,30000.0,28000.0,29000.0,27000.0,25000.0,26000.0,16500.0,15000.0,15750.0,14500.0,13750.0,14125.0,15000.0,15500.0,15250.0,13000.0,14500.0,13750.0,11000.0,11250.0,11125.0,10000.0,10500.0,10250.0,55000.0,45000.0,50000.0,48500.0,45000.0,34500.0,39000.0,37000.0,39000.0,29500.0,33500.0,30000.0,22000.0,20750.0,22000.0,20000.0,23500.0,22500.0,24500.0,23000.0,37500.0,28000.0,32750.0,30000.0
2026-01-28,31000.0,31000.0,31000.0,27000.0,27000.0,27000.0,17000.0,16000.0,16500.0,15000.0,14500.0,14750.0,14500.0,15500.0,15000.0,13000.0,14500.0,13750.0,11000.0,11250.0,11125.0,10000.0,10500.0,10250.0,75000.0,67500.0,63500.0,60000.0,45000.0,40000.0,42500.0,40000.0,41500.0,35000.0,36500.0,32500.0,23500.0,22000.0,22500.0,20000.0,26500.0,24000.0,27250.0,25250.0,38500.0,32500.0,36500.0,33500.0
2026-02-04,31000.0,31000.0,31000.0,27000.0,27000.0,27000.0,17000.0,16000.0,16500.0,15000.0,14500.0,14750.0,14000.0,15500.0,14750.0,13000.0,14500.0,13750.0,11000.0,11250.0,11125.0,10000.0,10500.0,10250.0,70000.0,67500.0,63500.0,60000.0,46500.0,40000.0,42500.0,40000.0,44000.0,35000.0,36500.0,32500.0,23500.0,22000.0,22500.0,19000.0,27500.0,24000.0,27250.0,25250.0,38500.0,35000.0,36500.0,33500.0
2026-02-11,31000.0,31000.0,31000.0,29000.0,29000.0,29000.0,17000.0,16000.0,16500.0,15000.0,14500.0,14750.0,14000.0,15500.0,14750.0,13000.0,14500.0,13750.0,11350.0,12250.0,11800.0,10000.0,10850.0,10425.0,70000.0,67500.0,63500.0,60000.0,46500.0,40000.0,42500.0,40000.0,44000.0,35000.0,36500.0,32500.0,23500.0,22000.0,22500.0,19000.0,27500.0,24000.0,27250.0,25250.0,37500.0,35000.0,36500.0,33500.0
2026-02-18,32000.0,32000.0,32000.0,29000.0,29000.0,29000.0,17000.0,16000.0,16500.0,15000.0,14500.0,14750.0,15000.0,15500.0,15250.0,13500.0,14250.0,13875.0,14500.0,12250.0,13375.0,12000.0,11000.0,11500.0,77500.0,67500.0,60000.0,55000.0,52500.0,42500.0,44000.0,40000.0,42500.0,36500.0,37500.0,32500.0,23500.0,22000.0,22500.0,19000.0,28500.0,26000.0,28500.0,26000.0,40000.0,37500.0,36500.0,33500.0
2026-02-25,32500.0,32500.0,32500.0,30000.0,30000.0,30000.0,17000.0,16000.0,16500.0,15000.0,14500.0,14750.0,15000.0,15500.0,15250.0,13500.0,14250.0,13875.0,13500.0,13000.0,13250.0,12000.0,11000.0,11500.0,85000.0,65000.0,60000.0,55000.0,52500.0,42500.0,44000.0,40000.0,42500.0,36500.0,36500.0,32500.0,23500.0,22000.0,22500.0,19500.0,30000.0,26500.0,28500.0,26000.0,40000.0,37500.0,36500.0,33500.0
2026-03-04,33000.0,33000.0,33000.0,31000.0,31000.0,31000.0,18500.0,17500.0,18000.0,16500.0,15250.0,15875.0,15500.0,16000.0,15750.0,14000.0,14750.0,14375.0,13000.0,12500.0,12750.0,12000.0,11000.0,11500.0,100000.0,65000.0,60000.0,55000.0,57500.0,42500.0,44000.0,40000.0,50000.0,36500.0,36500.0,32500.0,27500.0,22000.0,22500.0,19500.0,35000.0,26500.0,28500.0,26000.0,50000.0,37500.0,36500.0,33500.0
2026-03-11,32000.0,32000.0,32000.0,30500.0,30500.0,30500.0,17750.0,16850.0,17300.0,16000.0,15000.0,15500.0,16000.0,18500.0,17250.0,15000.0,15500.0,15250.0,16250.0,14500.0,15375.0,14000.0,13000.0,13500.0,110000.0,80000.0,75000.0,65000.0,78500.0,60000.0,52500.0,40000.0,65000.0,50000.0,40000.0,32500.0,29000.0,24500.0,22500.0,21000.0,36500.0,30000.0,28500.0,26000.0,57500.0,50000.0,42500.0,33500.0
2026-03-18,31000.0,31000.0,31000.0,29000.0,29000.0,29000.0,17750.0,16850.0,17300.0,16000.0,15000.0,15500.0,16500.0,19250.0,17875.0,15000.0,17000.0,16000.0,15000.0,15000.0,15000.0,14000.0,13500.0,13750.0,105000.0,80000.0,75000.0,65000.0,80000.0,60000.0,52500.0,40000.0,65000.0,50000.0,40000.0,32500.0,30000.0,24500.0,22500.0,21000.0,36500.0,30000.0,28500.0,26000.0,57500.0,50000.0,42500.0,33500.0
2026-03-26,31000.0,31000.0,31000.0,29000.0,29000.0,29000.0,17750.0,18250.0,18000.0,17000.0,16500.0,16750.0,16500.0,18750.0,17625.0,15000.0,17000.0,16000.0,15000.0,15000.0,15000.0,14000.0,13500.0,13750.0,105000.0,80000.0,70000.0,60000.0,80000.0,60000.0,52500.0,40000.0,65000.0,50000.0,40000.0,32500.0,31500.0,28500.0,24500.0,21000.0,36500.0,30000.0,28500.0,26000.0,55000.0,50000.0,42500.0,33500.0
2026-04-01,30500.0,30500.0,30500.0,29000.0,29000.0,29000.0,17750.0,18350.0,18050.0,17000.0,16750.0,16875.0,16500.0,17500.0,17000.0,15000.0,17000.0,16000.0,15000.0,15000.0,15000.0,14000.0,13500.0,13750.0,105000.0,80000.0,70000.0,60000.0,80000.0,60000.0,52500.0,40000.0,62500.0,50000.0,40000.0,33500.0,31500.0,28500.0,27500.0,24000.0,35000.0,30000.0,28500.0,26000.0,55000.0,50000.0,42500.0,35000.0
2026-04-08,30500.0,30500.0,30500.0,29000.0,29000.0,29000.0,17750.0,18350.0,18050.0,17000.0,16750.0,16875.0,16500.0,17500.0,17000.0,15000.0,17000.0,16000.0,14000.0,15000.0,14500.0,13000.0,13500.0,13250.0,100000.0,80000.0,70000.0,60000.0,70000.0,60000.0,52500.0,40000.0,60000.0,50000.0,40000.0,33500.0,31500.0,29500.0,25000.0,22500.0,35000.0,30000.0,29000.0,26000.0,58500.0,50000.0,42500.0,35000.0
2026-04-15,31000.0,31000.0,31000.0,28000.0,28000.0,28000.0,18000.0,17500.0,17750.0,16000.0,16000.0,16000.0,16000.0,17500.0,16750.0,15000.0,17000.0,16000.0,14000.0,15000.0,14500.0,13000.0,13500.0,13250.0,100000.0,80000.0,65000.0,55000.0,75000.0,60000.0,52500.0,40000.0,60000.0,45000.0,40000.0,33500.0,33500.0,29500.0,29500.0,25000.0,40000.0,32500.0,29000.0,27500.0,60000.0,48500.0,42500.0,35000.0
2026-04-22,32000.0,32000.0,32000.0,30000.0,30000.0,30000.0,18000.0,17500.0,17750.0,15750.0,15500.0,15625.0,15750.0,18000.0,16875.0,15000.0,17000.0,16000.0,14500.0,15000.0,14750.0,13000.0,13500.0,13250.0,100000.0,80000.0,65000.0,55000.0,70000.0,60000.0,52500.0,40000.0,57500.0,45000.0,40000.0,33500.0,32500.0,27500.0,27500.0,25000.0,40000.0,32500.0,29000.0,27500.0,57500.0,48500.0,42500.0,35000.0
2026-04-29,32000.0,32000.0,32000.0,30000.0,30000.0,30000.0,18500.0,18500.0,18500.0,16000.0,16000.0,16000.0,17000.0,18000.0,17500.0,15500.0,17000.0,16250.0,15000.0,15000.0,15000.0,13000.0,13500.0,13250.0,100000.0,70000.0,65000.0,55000.0,70000.0,55000.0,52500.0,40000.0,65000.0,45000.0,40000.0,33500.0,29500.0,25000.0,27500.0,25000.0,40000.0,32500.0,29000.0,27500.0,60000.0,40000.0,42500.0,35000.0
2026-05-06,32000.0,32000.0,32000.0,30000.0,30000.0,30000.0,18000.0,18000.0,18000.0,16000.0,16000.0,16000.0,17000.0,19000.0,18000.0,16000.0,17500.0,16750.0,14500.0,15000.0,14750.0,13000.0,13500.0,13250.0,100000.0,70000.0,60000.0,55000.0,70000.0,55000.0,52500.0,40000.0,63500.0,45000.0,40000.0,33500.0,29500.0,25000.0,27500.0,25000.0,40000.0,32500.0,29000.0,27500.0,60000.0,40000.0,42500.0,35000.0
2026-05-13,34000.0,34000.0,34000.0,31500.0,31500.0,31500.0,18000.0,18000.0,18000.0,16000.0,16000.0,16000.0,17500.0,19500.0,18500.0,16000.0,18000.0,17000.0,17000.0,15000.0,16000.0,15000.0,13500.0,14250.0,105000.0,70000.0,60000.0,55000.0,70000.0,50000.0,52500.0,40000.0,55000.0,40000.0,40000.0,33500.0,30000.0,24500.0,27500.0,25000.0,38500.0,32500.0,29000.0,27500.0,50000.0,40000.0,42500.0,35000.0
2026-05-27,35000.0,35000.0,35000.0,32500.0,32500.0,32500.0,19500.0,19500.0,19500.0,18000.0,18000.0,18000.0,17250.0,19500.0,18375.0,16000.0,18250.0,17125.0,15250.0,15250.0,15250.0,15000.0,14000.0,14500.0,107500.0,75000.0,65000.0,52500.0,62500.0,52500.0,47500.0,40000.0,55000.0,38500.0,40000.0,33500.0,30000.0,22500.0,25000.0,22500.0,38500.0,32500.0,29500.0,27500.0,52500.0,40000.0,40000.0,32500.0
2026-06-03,35000.0,35000.0,35000.0,32500.0,32500.0,32500.0,21000.0,21000.0,21000.0,19000.0,19000.0,19000.0,17500.0,19150.0,18325.0,16000.0,18150.0,17075.0,15250.0,15250.0,15250.0,15000.0,14000.0,14500.0,107500.0,75000.0,65000.0,52500.0,57500.0,50000.0,47500.0,40000.0,50000.0,37500.0,40000.0,33500.0,27500.0,24500.0,25000.0,22500.0,38500.0,32500.0,29500.0,27500.0,50000.0,40000.0,40000.0,32500.0
2026-06-10,32500.0,32500.0,32500.0,28500.0,28500.0,28500.0,19750.0,19750.0,19750.0,19000.0,19000.0,19000.0,17500.0,20000.0,18750.0,16000.0,18500.0,17250.0,15250.0,15250.0,15250.0,15000.0,14000.0,14500.0,107500.0,75000.0,65000.0,52500.0,55000.0,47500.0,47500.0,40000.0,45000.0,35000.0,39000.0,33500.0,28000.0,24500.0,24500.0,22500.0,35000.0,32500.0,29500.0,27500.0,45000.0,35000.0,39000.0,32500.0
2026-06-17,33000.0,33000.0,33000.0,28500.0,28500.0,28500.0,20000.0,20000.0,20000.0,19000.0,19000.0,19000.0,18000.0,20000.0,19000.0,16000.0,18500.0,17250.0,16250.0,15250.0,15750.0,15000.0,14000.0,14500.0,107500.0,75000.0,65000.0,55000.0,55000.0,47500.0,47500.0,40000.0,45000.0,35000.0,39000.0,33500.0,27500.0,24500.0,25000.0,23500.0,35000.0,32500.0,29500.0,27500.0,45000.0,35000.0,39000.0,32500.0
2026-06-24,33000.0,33000.0,33000.0,28500.0,28500.0,28500.0,20000.0,20000.0,20000.0,19000.0,19000.0,19000.0,20000.0,20000.0,20000.0,16000.0,18500.0,17250.0,17000.0,16250.0,16625.0,15250.0,14500.0,14875.0,,,,,,,,,,,,,,,,,,,,,,,,
2026-06-25,,,,,,,,,,,,,,,,,,,,,,,,,110000.0,75000.0,65000.0,55000.0,59500.0,47500.0,47500.0,40000.0,48500.0,35000.0,39000.0,32500.0,26000.0,24000.0,25000.0,21500.0,36500.0,32500.0,29500.0,27500.0,45000.0,35000.0,37500.0,32500.0
