Day,Month,Year,"VLSFO Fuel Oil, IMO 2020 Grade, 0.5%",Marine Gas Oil,"Intermdiate Fuel Oil, 180cSt","Intermdiate Fuel Oil, 380cSt"
01/29/2019,January,2019,,636.5,429.0,400.5
01/30/2019,January,2019,,640.5,436.0,407.5
01/31/2019,January,2019,,642.5,439.0,410.0
02/01/2019,February,2019,,643.5,440.0,410.0
02/04/2019,February,2019,,648.5,438.5,414.5
02/05/2019,February,2019,,649.5,444.0,417.5
02/06/2019,February,2019,,648.0,443.5,417.5
02/07/2019,February,2019,,648.0,449.5,420.5
02/08/2019,February,2019,,647.0,444.0,420.0
02/11/2019,February,2019,,647.0,448.0,419.0
02/12/2019,February,2019,,645.5,444.5,420.5
02/13/2019,February,2019,,649.0,447.5,424.0
02/14/2019,February,2019,,653.5,452.5,429.5
02/15/2019,February,2019,,660.5,455.0,431.5
02/18/2019,February,2019,,665.5,466.0,437.0
02/19/2019,February,2019,,669.0,466.0,437.0
02/20/2019,February,2019,,669.0,465.0,437.5
02/21/2019,February,2019,,666.5,467.0,439.0
02/22/2019,February,2019,,669.5,461.5,434.5
02/25/2019,February,2019,,669.5,466.0,436.0
02/26/2019,February,2019,,669.5,462.0,433.0
02/27/2019,February,2019,,672.5,463.5,435.0
02/28/2019,February,2019,,671.0,464.0,435.5
03/01/2019,March,2019,,672.5,468.5,438.5
03/04/2019,March,2019,,673.5,469.0,440.5
03/05/2019,March,2019,,673.5,470.5,441.0
03/06/2019,March,2019,,668.5,470.5,441.0
03/07/2019,March,2019,,665.5,465.5,436.0
03/11/2019,March,2019,,666.5,468.0,438.0
03/12/2019,March,2019,,671.0,470.0,440.5
03/13/2019,March,2019,,671.0,470.5,441.5
03/14/2019,March,2019,,670.5,473.0,443.5
03/15/2019,March,2019,,672.0,471.5,442.5
03/18/2019,March,2019,,669.5,470.0,441.5
03/19/2019,March,2019,,668.5,470.5,440.5
03/20/2019,March,2019,,670.0,468.5,440.0
03/21/2019,March,2019,,670.5,467.0,438.5
03/22/2019,March,2019,,670.5,465.5,436.0
03/25/2019,March,2019,,666.0,460.5,432.0
03/26/2019,March,2019,,666.0,463.0,433.5
03/27/2019,March,2019,,666.0,465.0,435.5
03/28/2019,March,2019,,666.5,464.5,435.0
03/29/2019,March,2019,,668.5,466.0,437.0
04/01/2019,April,2019,,670.5,468.0,439.5
04/02/2019,April,2019,,672.5,469.0,440.5
04/03/2019,April,2019,,675.0,469.5,440.0
04/04/2019,April,2019,,676.0,470.5,442.5
04/05/2019,April,2019,,674.0,463.5,441.0
04/08/2019,April,2019,,675.0,467.0,444.5
04/09/2019,April,2019,,678.5,469.0,446.5
04/10/2019,April,2019,,684.0,468.0,444.0
04/11/2019,April,2019,,681.0,466.0,444.0
04/12/2019,April,2019,,682.5,466.5,445.5
04/15/2019,April,2019,,682.5,467.0,445.5
04/16/2019,April,2019,,685.5,467.0,442.5
04/17/2019,April,2019,,685.0,468.0,442.0
04/18/2019,April,2019,,685.0,465.5,442.0
04/19/2019,April,2019,,687.5,469.0,441.5
04/22/2019,April,2019,,686.5,470.0,446.0
04/23/2019,April,2019,,693.0,474.0,449.0
04/24/2019,April,2019,,692.5,474.5,450.5
04/25/2019,April,2019,,695.5,480.0,457.0
04/26/2019,April,2019,,683.5,485.0,455.5
04/29/2019,April,2019,,689.0,480.5,449.5
04/30/2019,April,2019,,687.0,481.0,451.0
05/01/2019,May,2019,,681.0,483.0,450.0
05/02/2019,May,2019,,685.5,480.5,447.0
05/03/2019,May,2019,,688.0,477.5,443.0
05/06/2019,May,2019,,688.0,473.5,438.5
05/07/2019,May,2019,,688.0,470.0,435.5
05/08/2019,May,2019,,688.5,465.5,433.0
05/09/2019,May,2019,,687.5,465.5,432.5
05/10/2019,May,2019,,688.5,466.0,434.5
05/13/2019,May,2019,,685.5,465.5,436.5
05/14/2019,May,2019,,686.5,460.0,434.5
05/15/2019,May,2019,,689.0,459.0,430.0
05/16/2019,May,2019,,688.5,459.5,432.5
05/17/2019,May,2019,,693.5,464.5,435.5
05/20/2019,May,2019,,698.0,468.5,439.0
05/21/2019,May,2019,,693.5,466.5,437.0
05/22/2019,May,2019,,690.5,465.5,434.0
05/23/2019,May,2019,,684.0,460.5,426.0
05/24/2019,May,2019,,674.5,451.5,421.5
05/27/2019,May,2019,,676.0,453.5,420.0
05/28/2019,May,2019,,677.5,453.5,419.5
05/29/2019,May,2019,,676.0,451.0,418.0
05/30/2019,May,2019,,670.5,449.5,416.0
05/31/2019,May,2019,,663.5,440.5,410.5
06/03/2019,June,2019,,653.0,436.0,402.0
06/04/2019,June,2019,,642.5,431.5,396.0
06/05/2019,June,2019,,641.0,428.0,395.5
06/06/2019,June,2019,,636.5,424.0,394.5
06/07/2019,June,2019,,637.0,427.5,399.0
06/10/2019,June,2019,,637.0,428.5,402.0
06/11/2019,June,2019,,637.0,430.0,399.0
06/12/2019,June,2019,,630.0,422.5,395.5
06/13/2019,June,2019,,629.0,421.0,390.0
06/14/2019,June,2019,,622.5,418.5,387.5
06/17/2019,June,2019,,623.5,416.0,386.0
06/18/2019,June,2019,,627.5,415.0,385.5
06/19/2019,June,2019,,628.0,420.5,388.0
06/20/2019,June,2019,,631.0,423.5,392.5
06/21/2019,June,2019,,637.5,431.0,400.0
06/24/2019,June,2019,,637.5,435.5,404.0
06/25/2019,June,2019,,642.0,437.5,408.0
06/26/2019,June,2019,,647.0,441.5,412.5
06/27/2019,June,2019,,651.5,446.5,417.0
06/28/2019,June,2019,,651.5,449.0,421.0
07/01/2019,July,2019,,651.5,450.5,422.5
07/02/2019,July,2019,,651.5,451.5,420.0
07/03/2019,July,2019,,649.0,450.0,419.0
07/04/2019,July,2019,,647.5,451.0,421.5
07/05/2019,July,2019,,644.5,452.5,427.5
07/08/2019,July,2019,,644.5,455.0,432.0
07/09/2019,July,2019,,647.0,461.5,434.0
07/10/2019,July,2019,,651.0,464.5,440.0
07/11/2019,July,2019,,658.5,480.0,457.5
07/12/2019,July,2019,,664.5,486.5,464.0
07/15/2019,July,2019,,666.5,486.5,456.5
07/16/2019,July,2019,,664.0,478.0,447.5
07/17/2019,July,2019,,658.5,472.5,441.0
07/18/2019,July,2019,,652.0,470.5,437.0
07/19/2019,July,2019,,646.0,467.0,434.0
07/22/2019,July,2019,,649.0,470.5,439.0
07/23/2019,July,2019,,651.0,469.0,437.5
07/24/2019,July,2019,,650.0,466.0,433.5
07/25/2019,July,2019,,652.0,465.5,433.0
07/26/2019,July,2019,,651.0,464.5,433.5
07/29/2019,July,2019,,652.0,464.5,433.0
07/30/2019,July,2019,,652.0,465.0,435.0
07/31/2019,July,2019,,657.0,470.5,441.5
08/01/2019,August,2019,,659.0,472.5,444.0
08/02/2019,August,2019,,649.0,462.0,429.5
08/05/2019,August,2019,,645.5,454.0,421.0
08/06/2019,August,2019,,637.5,439.5,409.5
08/07/2019,August,2019,,627.0,425.5,394.5
08/08/2019,August,2019,,617.5,405.5,376.5
08/09/2019,August,2019,,616.0,399.5,370.0
08/12/2019,August,2019,,619.0,404.0,370.5
08/13/2019,August,2019,,622.0,399.0,367.0
08/14/2019,August,2019,,628.5,401.0,369.5
08/15/2019,August,2019,,626.0,389.5,359.0
08/16/2019,August,2019,,628.0,391.0,358.0
08/19/2019,August,2019,,628.0,394.0,361.0
08/20/2019,August,2019,,629.5,397.0,367.0
08/21/2019,August,2019,,630.0,399.0,366.5
08/22/2019,August,2019,,631.5,401.5,370.5
08/23/2019,August,2019,,632.0,403.5,372.5
08/26/2019,August,2019,,629.0,400.0,375.0
08/27/2019,August,2019,,626.0,402.5,378.0
08/28/2019,August,2019,,630.5,412.5,387.5
08/29/2019,August,2019,,633.5,415.0,388.0
08/30/2019,August,2019,,635.5,414.0,388.5
09/02/2019,September,2019,,632.0,413.0,381.0
09/03/2019,September,2019,,626.0,405.5,369.5
09/04/2019,September,2019,,625.0,405.0,373.5
09/05/2019,September,2019,,631.5,424.5,382.0
09/06/2019,September,2019,,638.5,436.0,394.5
09/09/2019,September,2019,,641.0,444.5,404.0
09/10/2019,September,2019,,646.0,451.5,408.5
09/11/2019,September,2019,,649.5,449.0,406.5
09/12/2019,September,2019,,650.0,447.0,404.5
09/13/2019,September,2019,,648.0,456.0,418.5
09/16/2019,September,2019,,662.0,486.0,455.0
09/17/2019,September,2019,,682.0,533.0,500.0
09/18/2019,September,2019,,682.5,542.5,502.0
09/19/2019,September,2019,,669.5,525.5,485.5
09/20/2019,September,2019,,672.5,532.0,488.5
09/23/2019,September,2019,,671.0,518.0,482.0
09/24/2019,September,2019,,670.5,511.5,462.0
09/25/2019,September,2019,,662.0,487.5,452.0
09/26/2019,September,2019,,657.0,487.0,455.0
09/27/2019,September,2019,,658.5,487.0,455.5
09/30/2019,September,2019,,655.5,469.5,435.5
10/01/2019,October,2019,,652.5,452.0,420.5
10/02/2019,October,2019,,647.0,450.5,410.5
10/03/2019,October,2019,,641.5,444.0,406.5
10/04/2019,October,2019,,641.0,443.0,407.0
10/07/2019,October,2019,542.0,641.0,435.0,401.0
10/08/2019,October,2019,540.0,641.0,422.0,388.5
10/09/2019,October,2019,543.0,642.5,418.0,385.5
10/10/2019,October,2019,543.5,642.5,420.5,385.0
10/11/2019,October,2019,550.5,645.5,423.0,390.5
10/14/2019,October,2019,550.5,647.0,416.0,383.0
10/15/2019,October,2019,544.0,644.0,407.0,374.0
10/16/2019,October,2019,546.5,641.5,400.0,369.5
10/17/2019,October,2019,548.0,644.5,402.0,369.5
10/18/2019,October,2019,551.5,645.0,400.5,368.0
10/21/2019,October,2019,552.5,644.5,397.5,363.0
10/22/2019,October,2019,553.0,642.5,391.5,361.0
10/23/2019,October,2019,550.5,643.5,393.5,364.0
10/24/2019,October,2019,554.5,646.5,398.0,368.5
10/25/2019,October,2019,560.5,649.5,400.0,370.5
10/28/2019,October,2019,561.0,652.0,390.5,371.5
10/29/2019,October,2019,562.5,649.5,392.0,368.5
10/30/2019,October,2019,560.5,648.0,393.0,367.0
10/31/2019,October,2019,555.5,645.5,391.5,366.0
11/01/2019,November,2019,556.5,643.5,395.0,369.0
11/04/2019,November,2019,564.5,646.5,397.0,373.5
11/05/2019,November,2019,564.0,652.0,395.5,373.5
11/06/2019,November,2019,565.0,651.0,394.0,371.0
11/07/2019,November,2019,563.5,648.5,389.0,365.0
11/08/2019,November,2019,560.5,645.5,386.0,359.5
11/11/2019,November,2019,559.5,642.5,382.5,356.5
11/12/2019,November,2019,560.5,644.0,373.0,353.0
11/13/2019,November,2019,559.0,644.0,376.5,348.5
11/14/2019,November,2019,559.5,642.0,371.0,343.5
11/15/2019,November,2019,558.5,642.0,371.0,331.5
11/18/2019,November,2019,563.0,646.0,373.5,333.5
11/19/2019,November,2019,558.5,642.0,369.5,328.5
11/20/2019,November,2019,554.0,638.0,362.5,324.5
11/21/2019,November,2019,554.5,641.5,366.0,326.5
11/22/2019,November,2019,560.5,645.0,365.5,328.5
11/25/2019,November,2019,561.5,646.5,367.5,331.5
11/26/2019,November,2019,564.0,651.0,367.0,330.0
11/27/2019,November,2019,564.5,652.0,370.5,330.5
11/28/2019,November,2019,564.5,651.5,368.0,331.5
11/29/2019,November,2019,563.5,653.0,366.0,327.0
12/02/2019,December,2019,561.5,649.0,362.5,325.5
12/03/2019,December,2019,561.5,647.5,360.5,324.0
12/04/2019,December,2019,565.0,647.5,363.5,330.0
12/05/2019,December,2019,568.5,648.5,366.5,331.5
12/06/2019,December,2019,575.0,651.0,368.5,334.5
12/09/2019,December,2019,579.5,653.5,374.0,338.0
12/10/2019,December,2019,583.0,655.0,382.0,343.0
12/11/2019,December,2019,588.0,655.5,381.5,345.0
12/12/2019,December,2019,592.0,654.5,383.0,344.5
12/13/2019,December,2019,599.5,660.5,384.5,347.5
12/16/2019,December,2019,607.5,667.0,392.5,348.5
12/17/2019,December,2019,616.5,672.5,390.5,349.0
12/18/2019,December,2019,627.5,678.0,393.5,349.5
12/19/2019,December,2019,637.5,679.0,387.5,352.5
12/20/2019,December,2019,644.5,685.0,396.0,356.0
12/23/2019,December,2019,648.0,689.0,396.5,363.0
12/24/2019,December,2019,650.5,691.0,399.0,367.0
12/25/2019,December,2019,650.5,691.0,399.0,367.0
12/26/2019,December,2019,655.0,690.0,399.0,366.5
12/27/2019,December,2019,661.5,698.0,393.5,365.5
12/30/2019,December,2019,670.5,705.0,394.5,365.0
12/31/2019,December,2019,672.0,709.5,389.0,365.0
01/01/2020,January,2020,672.0,709.5,,365.5
01/02/2020,January,2020,677.5,715.5,383.0,362.5
01/03/2020,January,2020,684.0,716.0,392.5,370.5
01/06/2020,January,2020,694.0,722.5,385.0,381.0
01/07/2020,January,2020,691.5,717.0,386.5,377.0
01/08/2020,January,2020,693.5,718.0,392.5,379.5
01/09/2020,January,2020,688.5,713.0,389.5,377.5
01/10/2020,January,2020,681.5,705.5,391.0,378.5
01/13/2020,January,2020,673.0,698.5,379.5,377.0
01/14/2020,January,2020,666.0,694.0,372.5,376.0
01/15/2020,January,2020,658.0,684.5,366.5,370.5
01/16/2020,January,2020,651.5,683.0,364.0,369.0
01/17/2020,January,2020,646.0,678.5,366.0,367.5
01/20/2020,January,2020,647.5,676.5,371.0,369.5
01/21/2020,January,2020,645.5,676.5,367.0,369.0
01/22/2020,January,2020,643.0,669.5,355.5,366.5
01/23/2020,January,2020,633.5,664.5,367.0,366.0
01/24/2020,January,2020,631.0,659.5,362.0,367.5
01/27/2020,January,2020,619.5,649.5,353.5,364.5
01/28/2020,January,2020,608.5,634.5,355.0,361.0
01/29/2020,January,2020,604.0,634.0,351.5,357.0
01/30/2020,January,2020,595.5,626.0,347.0,353.0
01/31/2020,January,2020,593.0,621.0,347.0,350.5
02/03/2020,February,2020,577.5,609.5,353.0,343.0
02/04/2020,February,2020,561.5,604.0,357.5,341.0
02/05/2020,February,2020,558.5,602.5,355.5,344.5
02/06/2020,February,2020,560.5,605.5,360.0,345.0
02/07/2020,February,2020,557.5,597.5,359.0,344.5
02/10/2020,February,2020,552.0,597.5,340.5,341.5
02/11/2020,February,2020,550.0,593.0,341.5,340.0
02/12/2020,February,2020,544.5,595.0,313.5,341.5
02/13/2020,February,2020,544.0,597.0,335.5,343.5
02/14/2020,February,2020,538.0,589.5,337.5,346.5
02/17/2020,February,2020,536.5,590.0,339.5,346.5
02/18/2020,February,2020,534.0,587.0,336.0,344.5
02/19/2020,February,2020,532.0,584.0,338.5,345.0
02/20/2020,February,2020,529.5,586.5,342.5,349.0
02/21/2020,February,2020,526.5,584.5,327.0,346.5
02/24/2020,February,2020,516.5,578.5,325.0,342.5
02/25/2020,February,2020,511.0,571.5,322.5,342.5
02/26/2020,February,2020,497.0,560.5,321.5,335.0
02/27/2020,February,2020,479.5,550.5,310.5,331.0
02/28/2020,February,2020,467.0,537.0,303.5,326.0
03/02/2020,March,2020,466.5,540.5,304.5,332.0
03/03/2020,March,2020,460.0,529.5,295.0,329.5
03/04/2020,March,2020,459.0,538.0,,331.5
03/05/2020,March,2020,455.5,536.5,,329.0
03/06/2020,March,2020,443.0,526.0,,326.0
03/09/2020,March,2020,396.5,495.5,,285.5
03/10/2020,March,2020,382.0,470.0,,277.5
03/11/2020,March,2020,381.0,465.5,,271.0
03/12/2020,March,2020,368.0,458.5,,264.0
03/13/2020,March,2020,361.5,448.5,,262.0
03/16/2020,March,2020,341.0,435.5,,255.0
03/17/2020,March,2020,333.5,423.0,,249.5
03/18/2020,March,2020,310.5,405.5,,236.5
03/19/2020,March,2020,296.0,390.0,,225.0
03/20/2020,March,2020,303.0,398.5,,231.5
03/23/2020,March,2020,284.0,386.5,,224.5
03/24/2020,March,2020,287.0,384.0,,225.5
03/25/2020,March,2020,291.5,390.5,,216.0
03/26/2020,March,2020,285.0,385.0,,223.0
03/27/2020,March,2020,283.5,377.5,,216.5
03/30/2020,March,2020,274.5,369.5,,209.5
03/31/2020,March,2020,272.0,366.5,,204.0
04/01/2020,April,2020,268.0,359.0,,203.0
04/02/2020,April,2020,263.5,352.0,,198.0
04/03/2020,April,2020,270.5,356.5,,207.5
04/06/2020,April,2020,277.5,364.0,,215.5
04/07/2020,April,2020,279.0,363.0,,217.5
04/08/2020,April,2020,275.5,359.0,,215.0
04/09/2020,April,2020,277.0,356.0,,213.0
04/10/2020,April,2020,274.5,353.0,,214.5
04/13/2020,April,2020,272.0,351.5,,211.0
04/14/2020,April,2020,271.5,346.0,,209.0
04/15/2020,April,2020,263.0,338.0,,207.5
04/16/2020,April,2020,257.5,333.0,,198.5
04/17/2020,April,2020,260.5,326.0,,205.0
04/20/2020,April,2020,259.0,323.5,,193.0
04/21/2020,April,2020,241.5,314.5,,180.0
04/22/2020,April,2020,221.5,295.5,,169.0
04/23/2020,April,2020,225.0,289.5,,164.5
04/24/2020,April,2020,223.5,286.0,,164.0
04/27/2020,April,2020,219.5,279.0,,165.0
04/28/2020,April,2020,210.0,268.5,,160.0
04/29/2020,April,2020,212.5,271.5,,157.5
04/30/2020,April,2020,224.0,276.5,,163.5
05/01/2020,May,2020,228.0,285.5,,162.5
05/04/2020,May,2020,223.0,283.5,,169.5
05/05/2020,May,2020,233.0,287.0,,174.5
05/06/2020,May,2020,242.5,298.5,,179.0
05/07/2020,May,2020,243.0,299.0,,180.5
05/08/2020,May,2020,244.5,304.0,,186.5
05/11/2020,May,2020,246.0,303.0,,189.0
05/12/2020,May,2020,247.0,301.0,,184.5
05/13/2020,May,2020,242.0,298.5,,184.5
05/14/2020,May,2020,243.0,297.0,,181.5
05/15/2020,May,2020,250.0,300.0,,189.5
05/18/2020,May,2020,266.5,317.0,,201.5
05/19/2020,May,2020,275.5,325.5,,212.0
05/20/2020,May,2020,280.0,333.5,,216.0
05/21/2020,May,2020,282.0,333.5,,215.0
05/22/2020,May,2020,280.5,337.0,,220.5
05/25/2020,May,2020,284.5,339.5,,222.0
05/26/2020,May,2020,287.5,346.0,,221.5
05/27/2020,May,2020,289.0,344.5,,222.0
05/28/2020,May,2020,282.0,343.5,,218.0
05/29/2020,May,2020,281.0,346.5,,217.5
06/01/2020,June,2020,289.5,344.0,,221.0
06/02/2020,June,2020,296.0,350.5,,232.0
06/03/2020,June,2020,302.5,359.0,,244.0
06/04/2020,June,2020,302.0,358.0,,238.5
06/05/2020,June,2020,307.0,361.0,,249.0
06/08/2020,June,2020,322.0,372.0,,257.5
06/09/2020,June,2020,320.0,373.0,,258.0
06/10/2020,June,2020,321.5,381.5,,261.0
06/11/2020,June,2020,320.0,383.5,,259.0
06/12/2020,June,2020,313.5,377.5,,257.0
06/15/2020,June,2020,311.0,376.0,,253.0
06/16/2020,June,2020,317.0,380.0,,253.5
06/17/2020,June,2020,323.0,387.5,,255.5
06/18/2020,June,2020,324.5,389.0,,256.5
06/19/2020,June,2020,331.5,396.5,,263.5
06/22/2020,June,2020,333.0,400.5,,266.5
06/23/2020,June,2020,337.5,404.5,,271.0
06/24/2020,June,2020,335.0,405.0,,269.5
06/25/2020,June,2020,328.0,397.0,,262.5
06/26/2020,June,2020,328.0,397.5,,263.0
06/29/2020,June,2020,325.5,396.0,,262.5
06/30/2020,June,2020,326.5,394.5,,261.5
07/01/2020,July,2020,331.0,398.0,,266.0
07/02/2020,July,2020,333.5,400.0,,266.0
07/03/2020,July,2020,337.0,405.5,,269.0
07/06/2020,July,2020,340.5,408.5,,275.0
07/07/2020,July,2020,341.0,412.0,,273.5
07/08/2020,July,2020,341.0,411.5,,281.0
07/09/2020,July,2020,342.0,412.0,,266.0
07/10/2020,July,2020,338.0,410.0,,282.0
07/13/2020,July,2020,340.5,412.5,,280.5
07/14/2020,July,2020,338.5,410.5,,280.0
07/15/2020,July,2020,338.5,409.5,,281.0
07/16/2020,July,2020,340.0,412.0,,282.0
07/17/2020,July,2020,340.5,414.0,,282.0
07/20/2020,July,2020,338.5,410.5,,282.0
07/21/2020,July,2020,344.0,413.5,,284.0
07/22/2020,July,2020,348.0,419.5,,285.5
07/23/2020,July,2020,350.0,422.5,,286.5
07/24/2020,July,2020,347.5,420.5,,286.5
07/27/2020,July,2020,346.5,419.0,,286.0
07/28/2020,July,2020,345.5,418.0,,286.0
07/29/2020,July,2020,347.0,419.0,,287.5
07/30/2020,July,2020,345.5,418.5,,286.5
07/31/2020,July,2020,343.0,413.5,,288.0
08/03/2020,August,2020,343.5,412.5,,286.0
08/04/2020,August,2020,343.5,413.5,,286.0
08/05/2020,August,2020,349.0,417.0,,290.5
08/06/2020,August,2020,349.5,419.0,,292.5
08/07/2020,August,2020,350.0,419.0,,292.5
08/10/2020,August,2020,347.5,416.0,,294.0
08/11/2020,August,2020,349.0,421.0,,294.5
08/12/2020,August,2020,351.0,419.5,,294.0
08/13/2020,August,2020,351.0,420.5,,295.0
08/14/2020,August,2020,350.0,419.5,,295.5
08/17/2020,August,2020,351.5,418.5,,295.5
08/18/2020,August,2020,354.5,417.5,,297.5
08/19/2020,August,2020,354.0,420.0,,298.5
08/20/2020,August,2020,353.0,418.0,,298.5
08/21/2020,August,2020,351.0,418.5,,297.0
08/24/2020,August,2020,349.5,416.5,,297.5
08/25/2020,August,2020,353.5,419.5,,299.5
08/26/2020,August,2020,356.0,421.0,,301.5
08/27/2020,August,2020,355.5,419.0,,302.5
08/28/2020,August,2020,351.5,418.0,,301.0
08/31/2020,August,2020,354.5,418.5,,301.0
09/01/2020,September,2020,355.0,416.5,,301.0
09/02/2020,September,2020,355.5,419.0,,301.5
09/03/2020,September,2020,347.5,410.5,,296.0
09/04/2020,September,2020,344.5,406.0,,294.5
09/07/2020,September,2020,339.0,403.5,,289.0
09/08/2020,September,2020,333.5,397.5,,287.0
09/09/2020,September,2020,326.0,387.0,,278.5
09/10/2020,September,2020,325.5,387.0,,278.5
09/11/2020,September,2020,323.5,383.5,,274.0
09/14/2020,September,2020,324.5,386.0,,275.5
09/15/2020,September,2020,323.0,381.0,,274.5
09/16/2020,September,2020,329.0,383.5,,278.0
09/17/2020,September,2020,331.0,385.0,,278.0
09/18/2020,September,2020,337.0,390.5,,284.0
09/21/2020,September,2020,334.5,392.0,,283.5
09/22/2020,September,2020,330.0,384.0,,279.0
09/23/2020,September,2020,330.0,388.5,,278.5
09/24/2020,September,2020,329.5,387.0,,277.0
09/25/2020,September,2020,331.5,384.0,,279.0
09/28/2020,September,2020,331.0,385.5,,280.0
09/29/2020,September,2020,334.0,387.5,,280.5
09/30/2020,September,2020,333.5,385.5,,279.5
10/01/2020,October,2020,335.0,388.0,,282.5
10/02/2020,October,2020,331.5,383.5,,277.0
10/05/2020,October,2020,331.5,387.5,,276.5
10/06/2020,October,2020,335.0,385.5,,279.5
10/07/2020,October,2020,339.5,395.0,,281.5
10/08/2020,October,2020,340.0,395.5,,282.5
10/09/2020,October,2020,342.5,401.5,,285.0
10/12/2020,October,2020,342.0,403.5,,285.5
10/13/2020,October,2020,341.5,400.0,,285.0
10/14/2020,October,2020,341.0,400.0,,288.0
10/15/2020,October,2020,343.5,404.0,,289.0
10/16/2020,October,2020,342.5,401.0,,289.5
10/19/2020,October,2020,341.5,400.5,,289.5
10/20/2020,October,2020,340.5,398.5,,290.5
10/21/2020,October,2020,339.0,399.5,,290.5
10/22/2020,October,2020,339.0,393.5,,290.0
10/23/2020,October,2020,339.5,397.0,,291.5
10/26/2020,October,2020,335.5,392.5,,287.5
10/27/2020,October,2020,333.0,386.0,,285.0
10/28/2020,October,2020,332.0,383.5,,284.0
10/29/2020,October,2020,327.0,382.0,,280.5
10/30/2020,October,2020,324.0,378.5,,275.5
11/02/2020,November,2020,318.5,372.0,,273.5
11/03/2020,November,2020,327.0,381.0,,279.5
11/04/2020,November,2020,331.0,382.0,,281.0
11/05/2020,November,2020,335.5,385.5,,285.0
11/06/2020,November,2020,335.5,388.0,,285.0
11/09/2020,November,2020,340.5,388.0,,287.0
11/10/2020,November,2020,350.0,399.5,,295.0
11/11/2020,November,2020,361.5,410.5,,302.5
11/12/2020,November,2020,361.5,413.5,,303.5
11/13/2020,November,2020,357.5,409.5,,301.5
11/16/2020,November,2020,359.0,410.5,,301.5
11/17/2020,November,2020,361.0,416.0,,302.5
11/18/2020,November,2020,361.5,412.0,,302.5
11/19/2020,November,2020,361.5,412.5,,303.5
11/20/2020,November,2020,363.0,416.0,,303.0
11/23/2020,November,2020,369.0,419.5,,307.0
11/24/2020,November,2020,375.0,425.0,,309.5
11/25/2020,November,2020,383.0,432.0,,315.0
11/26/2020,November,2020,385.5,437.5,,317.5
11/27/2020,November,2020,385.0,438.5,,317.0
11/30/2020,November,2020,386.5,437.5,,316.0
12/01/2020,December,2020,389.0,443.5,,316.5
12/02/2020,December,2020,386.0,439.5,,316.0
12/03/2020,December,2020,390.0,443.0,,318.5
12/04/2020,December,2020,395.0,449.5,,324.5
12/07/2020,December,2020,395.0,449.0,,323.0
12/08/2020,December,2020,396.0,453.0,,322.0
12/09/2020,December,2020,397.5,452.5,,323.5
12/10/2020,December,2020,400.0,454.0,,322.5
12/11/2020,December,2020,403.5,455.5,,326.5
12/14/2020,December,2020,406.0,460.0,,328.0
12/15/2020,December,2020,406.5,463.0,,329.0
12/16/2020,December,2020,408.0,466.5,,330.0
12/17/2020,December,2020,414.5,467.5,,333.0
12/18/2020,December,2020,414.5,472.0,,334.5
12/21/2020,December,2020,412.0,469.5,,332.0
12/22/2020,December,2020,411.0,466.5,,330.0
12/23/2020,December,2020,410.5,467.0,,329.0
12/24/2020,December,2020,416.0,470.5,,331.5
12/25/2020,December,2020,416.0,470.5,,331.5
12/28/2020,December,2020,421.5,474.0,,333.0
12/29/2020,December,2020,421.5,476.0,,333.5
12/30/2020,December,2020,422.0,475.5,,333.5
12/31/2020,December,2020,421.0,480.0,,341.5
01/01/2021,January,2021,421.0,480.0,,341.5
01/04/2021,January,2021,426.0,482.5,,338.0
01/05/2021,January,2021,424.5,475.5,,335.0
01/06/2021,January,2021,430.5,482.5,,342.5
01/07/2021,January,2021,434.0,484.5,,348.0
01/08/2021,January,2021,436.5,485.5,,350.5
01/11/2021,January,2021,444.5,493.0,,355.0
01/12/2021,January,2021,450.0,496.5,,358.0
01/13/2021,January,2021,453.5,500.5,,362.0
01/14/2021,January,2021,455.5,503.5,,360.0
01/15/2021,January,2021,455.0,504.5,,359.5
01/18/2021,January,2021,452.5,501.5,,356.5
01/19/2021,January,2021,455.0,500.5,,355.5
01/20/2021,January,2021,457.5,503.5,,358.5
01/21/2021,January,2021,457.5,508.0,,358.0
01/22/2021,January,2021,455.0,505.5,,356.0
01/25/2021,January,2021,454.0,503.0,,356.5
01/26/2021,January,2021,455.5,503.0,,356.0
01/27/2021,January,2021,457.0,505.0,,358.0
01/28/2021,January,2021,455.5,502.5,,360.0
01/29/2021,January,2021,454.5,506.0,,354.0
02/01/2021,February,2021,455.5,506.5,,355.5
02/02/2021,February,2021,462.5,508.5,,361.0
02/03/2021,February,2021,467.5,518.0,,365.5
02/04/2021,February,2021,473.0,522.0,,369.0
02/05/2021,February,2021,477.0,525.0,,371.0
02/08/2021,February,2021,482.5,529.5,,375.0
02/09/2021,February,2021,488.5,537.5,,378.5
02/10/2021,February,2021,492.5,540.5,,380.0
02/11/2021,February,2021,494.0,543.0,,380.0
02/12/2021,February,2021,494.0,543.5,,380.0
02/15/2021,February,2021,500.5,550.5,,388.0
02/16/2021,February,2021,504.5,553.0,,391.5
02/17/2021,February,2021,507.0,554.5,,391.5
02/18/2021,February,2021,512.0,559.5,,396.0
02/19/2021,February,2021,507.5,567.0,,393.0
02/22/2021,February,2021,509.0,565.5,,392.5
02/23/2021,February,2021,514.5,570.0,,398.0
02/24/2021,February,2021,519.5,572.5,,398.5
02/25/2021,February,2021,526.0,579.5,,405.0
02/26/2021,February,2021,523.5,580.0,,404.5
03/01/2021,March,2021,520.5,577.5,,402.0
03/02/2021,March,2021,512.0,574.0,,395.5
03/03/2021,March,2021,511.5,570.0,,394.0
03/04/2021,March,2021,515.5,573.5,,397.5
03/05/2021,March,2021,528.0,582.0,,410.0
03/08/2021,March,2021,536.0,590.0,,419.5
03/09/2021,March,2021,532.0,588.0,,418.0
03/10/2021,March,2021,528.5,583.5,,413.0
03/11/2021,March,2021,532.5,588.0,,418.5
03/12/2021,March,2021,536.0,591.5,,421.0
03/15/2021,March,2021,536.5,593.5,,423.0
03/16/2021,March,2021,532.5,590.5,,419.5
03/17/2021,March,2021,531.5,589.5,,416.5
03/18/2021,March,2021,525.0,582.0,,412.5
03/19/2021,March,2021,510.5,573.5,,403.0
03/22/2021,March,2021,511.0,571.0,,403.5
03/23/2021,March,2021,505.0,568.0,,397.5
03/24/2021,March,2021,498.5,562.5,,391.5
03/25/2021,March,2021,496.0,558.5,,389.5
03/26/2021,March,2021,495.0,562.0,,390.5
03/29/2021,March,2021,500.0,563.5,,393.5
03/30/2021,March,2021,502.0,564.0,,396.0
03/31/2021,March,2021,499.5,561.0,,392.0
04/01/2021,April,2021,496.5,559.0,,389.0
04/02/2021,April,2021,499.0,559.0,,388.5
04/05/2021,April,2021,496.0,556.5,,388.0
04/06/2021,April,2021,496.0,557.0,,386.0
04/07/2021,April,2021,494.5,557.0,,381.0
04/08/2021,April,2021,494.5,557.5,,382.0
04/09/2021,April,2021,493.5,556.0,,381.0
04/12/2021,April,2021,496.0,558.0,,383.0
04/13/2021,April,2021,496.0,556.5,,383.0
04/14/2021,April,2021,502.0,562.0,,387.5
04/15/2021,April,2021,511.0,563.5,,394.0
04/16/2021,April,2021,514.5,575.0,,397.5
04/19/2021,April,2021,513.0,574.0,,398.5
04/20/2021,April,2021,513.5,575.5,,400.5
04/21/2021,April,2021,508.0,573.5,,399.0
04/22/2021,April,2021,506.5,570.0,,399.0
04/23/2021,April,2021,505.5,569.0,,398.5
04/26/2021,April,2021,505.0,569.0,,397.0
04/27/2021,April,2021,507.5,570.0,,397.5
04/28/2021,April,2021,510.0,572.5,,399.0
04/29/2021,April,2021,514.0,577.0,,401.5
04/30/2021,April,2021,514.5,575.5,,402.0
05/03/2021,May,2021,512.5,572.5,,402.0
05/04/2021,May,2021,518.0,581.5,,406.0
05/05/2021,May,2021,525.0,589.5,,412.0
05/06/2021,May,2021,523.5,591.5,,410.5
05/07/2021,May,2021,520.0,590.5,,409.5
05/10/2021,May,2021,524.5,592.0,,410.5
05/11/2021,May,2021,519.0,592.0,,408.0
05/12/2021,May,2021,523.0,595.5,,409.0
05/13/2021,May,2021,520.5,597.5,,406.5
05/14/2021,May,2021,515.5,594.0,,402.5
05/17/2021,May,2021,519.5,592.5,,404.5
05/18/2021,May,2021,522.0,599.0,,405.5
05/19/2021,May,2021,513.5,591.5,,403.0
05/20/2021,May,2021,509.5,586.0,,399.5
05/21/2021,May,2021,506.0,584.5,,398.0
05/24/2021,May,2021,511.0,586.5,,399.5
05/25/2021,May,2021,513.5,590.0,,402.5
05/26/2021,May,2021,515.0,592.0,,404.0
05/27/2021,May,2021,514.5,593.0,,403.5
05/28/2021,May,2021,520.0,596.0,,407.5
05/31/2021,May,2021,524.0,598.0,,408.5
06/01/2021,June,2021,529.0,600.0,,413.0
06/02/2021,June,2021,533.5,605.0,,415.5
06/03/2021,June,2021,537.0,611.0,,418.0
06/04/2021,June,2021,539.0,613.5,,421.0
06/07/2021,June,2021,540.0,616.5,,421.0
06/08/2021,June,2021,539.0,615.5,,417.5
06/09/2021,June,2021,541.5,617.0,,422.0
06/10/2021,June,2021,540.0,616.5,,420.5
06/11/2021,June,2021,541.5,617.0,,421.0
06/14/2021,June,2021,543.5,621.5,,423.5
06/15/2021,June,2021,543.5,624.0,,427.0
06/16/2021,June,2021,547.5,626.0,,427.5
06/17/2021,June,2021,549.0,626.5,,427.5
06/18/2021,June,2021,544.0,625.5,,424.0
06/21/2021,June,2021,547.5,627.5,,426.0
06/22/2021,June,2021,549.5,629.0,,428.5
06/23/2021,June,2021,553.0,633.5,,434.5
06/24/2021,June,2021,553.5,635.5,,435.5
06/25/2021,June,2021,555.0,636.0,,436.5
06/28/2021,June,2021,557.0,644.5,,439.0
06/29/2021,June,2021,553.5,638.0,,436.0
06/30/2021,June,2021,555.0,640.0,,438.5
07/01/2021,July,2021,558.5,641.5,,441.5
07/02/2021,July,2021,560.5,642.5,,444.0
07/05/2021,July,2021,564.0,647.0,,445.0
07/06/2021,July,2021,565.0,650.0,,446.0
07/07/2021,July,2021,559.5,649.0,,438.5
07/08/2021,July,2021,550.5,635.0,,434.0
07/09/2021,July,2021,555.5,638.5,,436.0
07/12/2021,July,2021,558.0,643.5,,440.0
07/13/2021,July,2021,559.0,644.0,,441.0
07/14/2021,July,2021,564.0,648.0,,444.0
07/15/2021,July,2021,557.0,644.5,,439.0
07/16/2021,July,2021,554.5,641.5,,435.5
07/19/2021,July,2021,548.0,631.0,,433.0
07/20/2021,July,2021,539.5,621.0,,426.5
07/21/2021,July,2021,538.5,616.0,,426.5
07/22/2021,July,2021,546.5,628.0,,432.5
07/23/2021,July,2021,549.5,631.0,,436.0
07/26/2021,July,2021,549.0,630.5,,437.5
07/27/2021,July,2021,552.5,634.0,,440.0
07/28/2021,July,2021,553.5,634.0,,440.5
07/29/2021,July,2021,557.5,638.5,,446.0
07/30/2021,July,2021,559.5,639.0,,448.0
08/02/2021,August,2021,558.5,639.5,,446.5
08/03/2021,August,2021,553.0,638.0,,443.5
08/04/2021,August,2021,547.0,631.0,,439.0
08/05/2021,August,2021,543.0,630.5,,437.5
08/06/2021,August,2021,544.0,630.5,,438.0
08/09/2021,August,2021,532.5,616.0,,429.0
08/10/2021,August,2021,533.0,611.5,,431.5
08/11/2021,August,2021,535.5,615.5,,435.0
08/12/2021,August,2021,540.0,618.0,,433.5
08/13/2021,August,2021,536.0,618.0,,434.5
08/16/2021,August,2021,532.5,615.0,,432.5
08/17/2021,August,2021,532.0,613.5,,431.0
08/18/2021,August,2021,528.5,613.0,,429.0
08/19/2021,August,2021,519.5,605.0,,422.5
08/20/2021,August,2021,513.5,597.5,,420.0
08/23/2021,August,2021,514.5,602.5,,422.0
08/24/2021,August,2021,528.0,611.5,,431.5
08/25/2021,August,2021,533.5,619.5,,439.0
08/26/2021,August,2021,537.0,623.0,,443.5
08/27/2021,August,2021,539.0,626.0,,445.5
08/30/2021,August,2021,542.0,629.0,,449.5
08/31/2021,August,2021,542.0,632.5,,449.0
09/01/2021,September,2021,544.5,632.0,,448.5
09/02/2021,September,2021,545.0,636.0,,448.0
09/03/2021,September,2021,547.5,641.0,,451.0
09/06/2021,September,2021,546.0,641.5,,449.5
09/07/2021,September,2021,547.5,637.0,,449.0
09/08/2021,September,2021,546.5,635.5,,451.5
09/09/2021,September,2021,548.0,635.0,,453.0
09/10/2021,September,2021,547.0,642.5,,454.5
09/13/2021,September,2021,552.0,643.5,,461.0
09/14/2021,September,2021,554.5,643.5,,456.5
09/15/2021,September,2021,558.0,647.0,,456.0
09/16/2021,September,2021,562.5,651.0,,464.5
09/17/2021,September,2021,563.0,653.0,,465.0
09/20/2021,September,2021,561.0,653.0,,465.0
09/21/2021,September,2021,561.5,652.5,,464.5
09/22/2021,September,2021,564.5,655.5,,468.5
09/23/2021,September,2021,569.5,660.5,,473.5
09/24/2021,September,2021,572.5,661.5,,478.5
09/27/2021,September,2021,580.0,676.0,,485.0
09/28/2021,September,2021,584.0,680.0,,492.0
09/29/2021,September,2021,581.5,680.5,,487.0
09/30/2021,September,2021,581.5,682.5,,489.0
10/01/2021,October,2021,583.5,686.0,,490.0
10/04/2021,October,2021,589.5,696.5,,495.0
10/05/2021,October,2021,596.5,709.0,,507.0
10/06/2021,October,2021,601.0,718.5,,514.5
10/07/2021,October,2021,598.5,718.5,,513.5
10/08/2021,October,2021,606.5,726.0,,516.0
10/11/2021,October,2021,613.5,736.0,,521.5
10/12/2021,October,2021,618.5,742.0,,525.0
10/13/2021,October,2021,617.5,741.0,,525.0
10/14/2021,October,2021,625.0,743.5,,524.0
10/15/2021,October,2021,628.5,749.0,,529.5
10/18/2021,October,2021,632.0,756.5,,532.5
10/19/2021,October,2021,630.5,755.0,,528.5
10/20/2021,October,2021,633.0,755.0,,530.5
10/21/2021,October,2021,638.5,754.5,,531.0
10/22/2021,October,2021,636.0,751.5,,528.5
10/25/2021,October,2021,640.5,754.5,,529.5
10/26/2021,October,2021,641.5,761.0,,524.5
10/27/2021,October,2021,641.0,758.5,,522.0
10/28/2021,October,2021,629.5,757.0,,514.0
10/29/2021,October,2021,634.0,754.0,,515.0
11/01/2021,November,2021,635.5,758.5,,513.5
11/02/2021,November,2021,633.5,758.5,,513.0
11/03/2021,November,2021,629.0,751.5,,505.5
11/04/2021,November,2021,623.0,745.5,,501.5
11/05/2021,November,2021,617.5,747.0,,498.5
11/08/2021,November,2021,629.0,753.0,,504.5
11/09/2021,November,2021,630.5,756.5,,502.5
11/10/2021,November,2021,639.0,761.0,,505.5
11/11/2021,November,2021,630.0,754.5,,498.0
11/12/2021,November,2021,629.0,751.0,,494.0
11/15/2021,November,2021,624.5,745.5,,488.5
11/16/2021,November,2021,627.0,741.0,,495.0
11/17/2021,November,2021,624.5,739.0,,493.5
11/18/2021,November,2021,617.5,733.5,,489.0
11/19/2021,November,2021,619.5,734.0,,491.0
11/22/2021,November,2021,611.0,725.5,,487.0
11/23/2021,November,2021,613.0,726.0,,487.5
11/24/2021,November,2021,623.5,732.0,,496.0
11/25/2021,November,2021,627.0,737.0,,494.0
11/26/2021,November,2021,618.0,720.0,,491.0
11/29/2021,November,2021,594.5,704.0,,474.5
11/30/2021,November,2021,585.5,691.0,,455.5
12/01/2021,December,2021,587.0,685.5,,461.0
12/02/2021,December,2021,580.5,683.0,,443.5
12/03/2021,December,2021,591.0,682.0,,449.5
12/06/2021,December,2021,587.5,685.5,,447.5
12/07/2021,December,2021,595.5,690.0,,456.5
12/08/2021,December,2021,597.5,702.0,,460.5
12/09/2021,December,2021,602.0,704.5,,470.0
12/10/2021,December,2021,600.0,704.5,,468.0
12/13/2021,December,2021,604.0,702.0,,469.5
12/14/2021,December,2021,604.5,702.5,,467.0
12/15/2021,December,2021,601.0,697.5,,464.5
12/16/2021,December,2021,603.5,697.0,,468.5
12/17/2021,December,2021,605.5,699.0,,468.5
12/20/2021,December,2021,593.5,688.0,,463.5
12/21/2021,December,2021,595.5,692.0,,467.5
12/22/2021,December,2021,601.5,696.0,,470.5
12/23/2021,December,2021,609.5,710.5,,478.0
12/24/2021,December,2021,611.0,706.5,,474.5
12/27/2021,December,2021,612.0,706.0,,475.5
12/28/2021,December,2021,625.0,721.0,,486.0
12/29/2021,December,2021,627.5,718.0,,482.5
12/30/2021,December,2021,633.5,722.5,,480.5
12/31/2021,December,2021,633.5,722.5,,480.5
01/03/2022,January,2022,628.5,727.0,,482.0
01/04/2022,January,2022,631.5,732.5,,485.0
01/05/2022,January,2022,634.5,737.0,,492.0
01/06/2022,January,2022,636.5,742.0,,496.0
01/07/2022,January,2022,641.5,755.5,,500.5
01/10/2022,January,2022,642.5,753.0,,500.0
01/11/2022,January,2022,647.0,759.5,,502.0
01/12/2022,January,2022,660.0,780.0,,510.5
01/13/2022,January,2022,663.5,780.0,,517.5
01/14/2022,January,2022,667.5,791.0,,521.0
01/17/2022,January,2022,676.0,800.0,,536.5
01/18/2022,January,2022,686.0,801.5,,530.0
01/19/2022,January,2022,691.5,813.0,,538.5
01/20/2022,January,2022,694.5,812.5,,541.0
01/21/2022,January,2022,693.5,809.5,,539.0
01/24/2022,January,2022,692.5,812.5,,540.5
01/25/2022,January,2022,691.0,814.5,,540.5
01/26/2022,January,2022,693.0,822.5,,547.5
01/27/2022,January,2022,699.5,831.0,,554.5
01/28/2022,January,2022,703.0,839.5,,555.5
01/31/2022,January,2022,706.0,841.0,,557.5
02/01/2022,February,2022,705.0,840.5,,559.0
02/02/2022,February,2022,708.0,843.5,,556.0
02/03/2022,February,2022,717.0,845.5,,557.5
02/04/2022,February,2022,731.5,853.5,,563.5
02/07/2022,February,2022,734.0,867.5,,565.5
02/08/2022,February,2022,729.5,859.5,,562.5
02/09/2022,February,2022,726.0,858.0,,561.0
02/10/2022,February,2022,729.0,855.5,,562.0
02/11/2022,February,2022,732.5,865.0,,562.0
02/14/2022,February,2022,745.0,880.0,,569.5
02/15/2022,February,2022,745.0,883.0,,571.0
02/16/2022,February,2022,743.5,880.5,,572.0
02/17/2022,February,2022,737.5,871.0,,564.5
02/18/2022,February,2022,737.0,867.5,,562.5
02/21/2022,February,2022,740.0,866.5,,567.5
02/22/2022,February,2022,754.5,882.5,,581.0
02/23/2022,February,2022,752.0,884.5,,579.5
02/24/2022,February,2022,774.0,904.5,,597.0
02/25/2022,February,2022,772.5,908.5,,590.0
02/28/2022,February,2022,781.5,912.5,,591.5
03/01/2022,March,2022,800.5,930.5,,602.5
03/02/2022,March,2022,841.0,985.5,,625.5
03/03/2022,March,2022,882.5,1039.5,,649.0
03/04/2022,March,2022,888.5,1056.0,,653.0
03/07/2022,March,2022,962.5,1171.5,,714.5
03/08/2022,March,2022,987.0,1180.0,,724.0
03/09/2022,March,2022,1040.5,1210.0,,749.5
03/10/2022,March,2022,995.5,1178.5,,720.5
03/11/2022,March,2022,958.5,1121.0,,701.5
03/14/2022,March,2022,952.0,1115.0,,701.5
03/15/2022,March,2022,899.5,1070.0,,685.0
03/16/2022,March,2022,878.0,1046.5,,672.5
03/17/2022,March,2022,875.0,1071.5,,666.5
03/18/2022,March,2022,902.0,1081.5,,675.5
03/21/2022,March,2022,923.5,1141.5,,688.0
03/22/2022,March,2022,938.0,1167.5,,706.0
03/23/2022,March,2022,943.0,1121.0,,719.0
03/24/2022,March,2022,966.0,1212.0,,741.0
03/25/2022,March,2022,953.5,1210.0,,726.5
03/28/2022,March,2022,953.5,1198.0,,729.5
03/29/2022,March,2022,938.5,1184.5,,717.5
03/30/2022,March,2022,929.5,1173.5,,715.5
03/31/2022,March,2022,915.5,1177.5,,716.0
04/01/2022,April,2022,904.5,1158.0,,706.0
04/04/2022,April,2022,909.5,1180.5,,711.0
04/05/2022,April,2022,919.5,1193.0,,722.0
04/06/2022,April,2022,919.5,1188.0,,712.5
04/07/2022,April,2022,891.5,1154.5,,696.5
04/08/2022,April,2022,887.5,1148.0,,688.5
04/11/2022,April,2022,884.0,1149.5,,693.0
04/12/2022,April,2022,887.5,1161.0,,699.5
04/13/2022,April,2022,908.5,1190.5,,727.0
04/14/2022,April,2022,917.0,1225.0,,734.0
04/15/2022,April,2022,927.0,1226.5,,736.5
04/18/2022,April,2022,928.5,1236.0,,741.0
04/19/2022,April,2022,931.5,1258.5,,746.0
04/20/2022,April,2022,928.5,1238.5,,741.0
04/21/2022,April,2022,921.5,1253.0,,742.5
04/22/2022,April,2022,919.0,1242.5,,742.5
04/25/2022,April,2022,890.0,1223.0,,726.5
04/26/2022,April,2022,886.5,1228.5,,712.0
04/27/2022,April,2022,901.0,1259.5,,738.0
04/28/2022,April,2022,903.5,1274.5,,743.0
04/29/2022,April,2022,924.5,1307.5,,747.5
05/02/2022,May,2022,920.5,1298.5,,751.0
05/03/2022,May,2022,928.5,1302.0,,757.5
05/04/2022,May,2022,925.0,1325.5,,761.5
05/05/2022,May,2022,935.0,1346.0,,769.5
05/06/2022,May,2022,933.5,1340.0,,759.5
05/09/2022,May,2022,932.0,1303.0,,756.5
05/10/2022,May,2022,907.5,1299.0,,737.0
05/11/2022,May,2022,902.0,1290.5,,726.5
05/12/2022,May,2022,902.0,1280.5,,722.0
05/13/2022,May,2022,918.5,1286.5,,730.0
05/16/2022,May,2022,935.0,1286.0,,734.0
05/17/2022,May,2022,949.0,1278.0,,746.0
05/18/2022,May,2022,959.5,1277.5,,742.5
05/19/2022,May,2022,949.0,1248.5,,725.5
05/20/2022,May,2022,950.0,1243.5,,734.5
05/23/2022,May,2022,958.5,1253.0,,734.5
05/24/2022,May,2022,960.0,1249.0,,734.0
05/25/2022,May,2022,974.0,1254.0,,740.0
05/26/2022,May,2022,975.5,1267.5,,736.5
05/27/2022,May,2022,1000.5,1275.0,,745.0
05/30/2022,May,2022,1023.5,1285.5,,743.5
05/31/2022,May,2022,1030.5,1322.0,,744.0
06/01/2022,June,2022,1042.0,1317.5,,741.5
06/02/2022,June,2022,1038.5,1326.5,,731.5
06/03/2022,June,2022,1067.5,1375.0,,741.0
06/06/2022,June,2022,1083.5,1374.0,,738.5
06/07/2022,June,2022,1100.0,1386.0,,732.0
06/08/2022,June,2022,1119.5,1408.5,,732.5
06/09/2022,June,2022,1118.5,1404.0,,731.5
06/10/2022,June,2022,1122.5,1421.0,,730.0
06/13/2022,June,2022,1109.0,1405.0,,729.0
06/14/2022,June,2022,1125.5,1410.5,,739.0
06/15/2022,June,2022,1104.5,1414.0,,730.0
06/16/2022,June,2022,1097.5,1410.5,,729.5
06/17/2022,June,2022,1095.0,1430.0,,723.5
06/20/2022,June,2022,1076.5,1413.0,,699.0
06/21/2022,June,2022,1087.5,1422.5,,704.5
06/22/2022,June,2022,1080.0,1417.5,,694.5
06/23/2022,June,2022,1066.5,1411.0,,689.0
06/24/2022,June,2022,1065.5,1422.5,,694.5
06/27/2022,June,2022,1069.5,1411.0,,690.0
06/28/2022,June,2022,1081.5,1431.5,,697.5
06/29/2022,June,2022,1085.5,1399.5,,700.0
06/30/2022,June,2022,1077.5,1356.0,,688.0
07/01/2022,July,2022,1072.0,1386.5,,681.0
07/04/2022,July,2022,1077.5,1369.0,,670.5
07/05/2022,July,2022,1081.0,1343.5,,660.5
07/06/2022,July,2022,1027.5,1287.5,,623.5
07/07/2022,July,2022,997.0,1270.0,,616.5
07/08/2022,July,2022,1020.5,1283.5,,624.0
07/11/2022,July,2022,1009.5,1309.0,,626.5
07/12/2022,July,2022,995.0,1269.0,,616.0
07/13/2022,July,2022,968.5,1242.0,,591.0
07/14/2022,July,2022,960.0,1257.0,,577.0
07/15/2022,July,2022,957.0,1241.5,,575.5
07/18/2022,July,2022,966.0,1251.5,,590.0
07/19/2022,July,2022,968.5,1247.0,,591.0
07/20/2022,July,2022,963.5,1242.5,,594.0
07/21/2022,July,2022,942.0,1223.0,,591.0
07/22/2022,July,2022,925.5,1205.0,,588.0
07/25/2022,July,2022,911.0,1197.0,,584.5
07/26/2022,July,2022,917.5,1196.0,,585.5
07/27/2022,July,2022,906.0,1208.5,,575.0
07/28/2022,July,2022,916.5,1217.0,,586.0
07/29/2022,July,2022,914.5,1205.5,,584.0
08/01/2022,August,2022,901.5,1194.0,,584.0
08/02/2022,August,2022,869.5,1162.0,,580.0
08/03/2022,August,2022,864.5,1155.0,,580.5
08/04/2022,August,2022,844.5,1146.0,,571.0
08/05/2022,August,2022,819.0,1132.5,,568.0
08/08/2022,August,2022,813.0,1115.0,,561.0
08/09/2022,August,2022,814.5,1119.0,,568.0
08/10/2022,August,2022,807.5,1122.5,,567.0
08/11/2022,August,2022,822.0,1128.5,,583.0
08/12/2022,August,2022,829.5,1137.0,,589.0
08/15/2022,August,2022,813.5,1141.5,,587.0
08/16/2022,August,2022,797.0,1137.0,,574.5
08/17/2022,August,2022,792.0,1134.5,,567.0
08/18/2022,August,2022,797.0,1141.5,,572.0
08/19/2022,August,2022,800.0,1142.0,,571.5
08/22/2022,August,2022,797.5,1151.5,,568.0
08/23/2022,August,2022,804.0,1174.0,,570.5
08/24/2022,August,2022,813.5,1204.0,,577.0
08/25/2022,August,2022,821.5,1237.5,,576.5
08/26/2022,August,2022,823.5,1252.5,,575.5
08/29/2022,August,2022,823.5,1238.0,,573.0
08/30/2022,August,2022,822.0,1234.5,,573.0
08/31/2022,August,2022,797.0,1214.0,,546.5
09/01/2022,September,2022,770.5,1173.5,,526.5
09/02/2022,September,2022,761.0,1170.0,,528.5
09/05/2022,September,2022,773.5,1185.0,,529.5
09/06/2022,September,2022,777.5,1188.0,,522.0
09/07/2022,September,2022,757.5,1168.5,,512.0
09/08/2022,September,2022,740.5,1164.0,,492.5
09/09/2022,September,2022,741.5,1164.0,,490.5
09/12/2022,September,2022,754.5,1164.0,,502.5
09/13/2022,September,2022,765.5,1164.5,,502.0
09/14/2022,September,2022,755.0,1139.0,,498.0
09/15/2022,September,2022,751.5,1110.0,,496.0
09/16/2022,September,2022,740.0,1087.0,,491.5
09/19/2022,September,2022,736.5,1081.0,797.0,486.0
09/20/2022,September,2022,741.0,1095.5,822.0,484.0
09/21/2022,September,2022,744.0,1090.5,823.5,482.0
09/22/2022,September,2022,739.5,1097.0,823.5,482.0
09/23/2022,September,2022,737.5,1094.0,821.5,481.0
09/26/2022,September,2022,716.5,1062.0,,470.5
09/27/2022,September,2022,702.5,1049.5,,469.0
09/28/2022,September,2022,711.5,1059.5,,464.0
09/29/2022,September,2022,721.5,1079.5,,470.0
09/30/2022,September,2022,725.0,1079.5,,460.5
10/03/2022,October,2022,722.0,1079.5,,463.0
10/04/2022,October,2022,728.5,1105.0,,477.5
10/05/2022,October,2022,744.5,1139.5,,481.0
10/06/2022,October,2022,757.5,1153.5,,492.0
10/07/2022,October,2022,768.5,1192.5,,498.0
10/10/2022,October,2022,786.5,1228.0,,514.0
10/11/2022,October,2022,773.0,1197.5,,497.5
10/12/2022,October,2022,763.0,1199.5,,489.5
10/13/2022,October,2022,761.0,1199.0,,478.0
10/14/2022,October,2022,760.5,1201.0,,481.0
10/17/2022,October,2022,755.0,1192.0,,471.0
10/18/2022,October,2022,753.0,1189.5,,470.0
10/19/2022,October,2022,747.0,1177.5,,470.0
10/20/2022,October,2022,751.5,1168.5,,480.5
10/21/2022,October,2022,740.0,1146.0,,480.5
10/24/2022,October,2022,744.5,1171.0,,475.0
10/25/2022,October,2022,742.5,1169.5,,468.5
10/26/2022,October,2022,740.0,1167.5,,471.5
10/27/2022,October,2022,746.0,1174.0,,474.5
10/28/2022,October,2022,748.5,1179.5,,479.0
10/31/2022,October,2022,739.5,1169.5,,471.5
11/01/2022,November,2022,735.5,1149.5,,478.0
11/02/2022,November,2022,733.5,1142.5,,481.5
11/03/2022,November,2022,731.5,1148.0,,482.5
11/04/2022,November,2022,741.5,1159.5,,484.5
11/07/2022,November,2022,746.5,1162.0,,495.5
11/08/2022,November,2022,747.0,1157.5,,498.0
11/09/2022,November,2022,738.0,1138.0,,489.5
11/10/2022,November,2022,729.0,1127.5,,487.5
11/11/2022,November,2022,738.0,1123.5,,497.0
11/14/2022,November,2022,738.0,1123.0,,500.0
11/15/2022,November,2022,718.0,1103.5,,495.0
11/16/2022,November,2022,724.5,1115.5,,500.0
11/17/2022,November,2022,708.0,1103.5,,493.5
11/18/2022,November,2022,692.5,1087.0,,489.0
11/21/2022,November,2022,687.5,1067.5,,484.0
11/22/2022,November,2022,689.0,1067.5,,482.5
11/23/2022,November,2022,693.5,1066.0,,485.0
11/24/2022,November,2022,678.0,1058.5,,470.5
11/25/2022,November,2022,686.0,1051.5,,477.0
11/28/2022,November,2022,670.0,1024.5,,462.5
11/29/2022,November,2022,676.0,1025.5,,459.0
11/30/2022,November,2022,680.5,1032.0,,460.5
12/01/2022,December,2022,686.5,1043.5,,453.0
12/02/2022,December,2022,685.5,1037.0,,457.0
12/05/2022,December,2022,684.5,1029.0,,456.5
12/06/2022,December,2022,669.5,1012.5,,447.0
12/07/2022,December,2022,648.5,966.0,,436.0
12/08/2022,December,2022,635.0,954.5,,436.0
12/09/2022,December,2022,633.0,973.5,,441.5
12/12/2022,December,2022,631.0,967.0,,434.0
12/13/2022,December,2022,636.0,974.5,,446.0
12/14/2022,December,2022,639.5,991.5,,445.0
12/15/2022,December,2022,642.5,1002.5,,448.5
12/16/2022,December,2022,640.0,997.0,,441.0
12/19/2022,December,2022,635.0,996.5,,442.5
12/20/2022,December,2022,633.0,983.5,,450.5
12/21/2022,December,2022,629.5,988.5,,453.5
12/22/2022,December,2022,634.5,989.0,,464.0
12/23/2022,December,2022,639.5,988.0,,466.0
12/26/2022,December,2022,640.5,989.0,,466.0
12/27/2022,December,2022,651.0,995.0,,474.5
12/28/2022,December,2022,649.5,1017.5,,460.5
12/29/2022,December,2022,642.0,1013.5,,460.0
12/30/2022,December,2022,645.5,1021.0,,459.0
01/02/2023,January,2023,647.0,1019.5,,458.5
01/03/2023,January,2023,645.0,1018.5,,461.5
01/04/2023,January,2023,631.5,992.0,,448.5
01/05/2023,January,2023,624.5,988.0,,439.5
01/06/2023,January,2023,619.5,979.0,,434.5
01/09/2023,January,2023,624.5,988.0,,435.5
01/10/2023,January,2023,626.0,982.5,,436.0
01/11/2023,January,2023,631.0,991.0,,436.5
01/12/2023,January,2023,647.0,1005.5,,446.5
01/13/2023,January,2023,659.0,1022.5,,447.0
01/16/2023,January,2023,663.0,1031.5,,452.0
01/17/2023,January,2023,668.5,1031.5,,456.0
01/18/2023,January,2023,676.5,1038.0,,459.5
01/19/2023,January,2023,674.5,1033.0,,462.5
01/20/2023,January,2023,687.5,1051.0,,466.5
01/23/2023,January,2023,695.5,1059.5,,472.0
01/24/2023,January,2023,698.0,1069.0,,472.0
01/25/2023,January,2023,699.5,1063.0,,471.5
01/26/2023,January,2023,700.0,1055.0,,470.0
01/27/2023,January,2023,706.5,1060.5,,473.0
01/30/2023,January,2023,697.5,1049.5,,468.5
01/31/2023,January,2023,690.0,1034.0,,461.0
02/01/2023,February,2023,703.5,1026.5,,464.5
02/02/2023,February,2023,688.5,1017.0,,462.0
02/03/2023,February,2023,679.0,997.0,,448.0
02/06/2023,February,2023,665.5,977.0,,426.0
02/07/2023,February,2023,667.5,957.5,,434.0
02/08/2023,February,2023,674.0,967.5,,449.0
02/09/2023,February,2023,682.0,966.5,,453.0
02/10/2023,February,2023,678.5,955.0,,454.5
02/13/2023,February,2023,681.0,960.5,,458.5
02/14/2023,February,2023,680.5,963.5,,458.5
02/15/2023,February,2023,675.5,957.0,,455.5
02/16/2023,February,2023,672.0,945.0,,458.0
02/17/2023,February,2023,660.0,934.5,,458.0
02/20/2023,February,2023,654.0,931.0,,456.5
02/21/2023,February,2023,650.5,932.5,,460.0
02/22/2023,February,2023,641.5,925.5,,455.5
02/23/2023,February,2023,633.0,913.0,,450.5
02/24/2023,February,2023,638.0,912.5,,456.0
02/27/2023,February,2023,641.0,925.5,,451.5
02/28/2023,February,2023,639.0,921.5,,452.5
03/01/2023,March,2023,645.0,932.0,,463.0
03/02/2023,March,2023,649.5,937.0,,469.0
03/03/2023,March,2023,648.0,935.0,,468.0
03/06/2023,March,2023,649.5,941.5,,475.0
03/07/2023,March,2023,654.0,934.0,,482.0
03/08/2023,March,2023,643.0,913.0,,476.0
03/09/2023,March,2023,636.5,905.0,,477.5
03/10/2023,March,2023,632.5,895.5,,467.5
03/13/2023,March,2023,633.5,903.5,,474.0
03/14/2023,March,2023,623.0,897.5,,470.0
03/15/2023,March,2023,613.0,887.0,,463.0
03/16/2023,March,2023,598.0,870.5,,452.5
03/17/2023,March,2023,603.0,880.5,,465.0
03/20/2023,March,2023,593.0,875.0,,456.0
03/21/2023,March,2023,593.0,869.5,,460.5
03/22/2023,March,2023,599.0,875.0,,463.0
03/23/2023,March,2023,603.0,876.0,,465.0
03/24/2023,March,2023,600.0,868.5,,463.0
03/27/2023,March,2023,598.5,869.5,,464.5
03/28/2023,March,2023,610.5,877.5,,477.5
03/29/2023,March,2023,611.0,876.5,,478.5
03/30/2023,March,2023,608.0,865.0,,476.0
03/31/2023,March,2023,612.5,865.0,,485.5
04/03/2023,April,2023,636.5,890.5,,509.5
04/04/2023,April,2023,636.5,897.0,,513.0
04/05/2023,April,2023,635.5,891.0,,516.0
04/06/2023,April,2023,637.0,892.0,,516.5
04/07/2023,April,2023,636.0,887.0,,518.5
04/10/2023,April,2023,636.5,887.0,,518.5
04/11/2023,April,2023,638.5,882.5,,521.5
04/12/2023,April,2023,642.0,881.5,,527.5
04/13/2023,April,2023,643.0,886.5,,528.5
04/14/2023,April,2023,642.0,881.5,,527.5
04/17/2023,April,2023,640.5,878.5,,527.5
04/18/2023,April,2023,635.5,866.5,,519.5
04/19/2023,April,2023,634.5,863.5,,519.0
04/20/2023,April,2023,618.0,847.0,,510.5
04/21/2023,April,2023,613.0,837.0,,508.0
04/24/2023,April,2023,611.5,835.0,,508.0
04/25/2023,April,2023,617.0,834.5,,510.5
04/26/2023,April,2023,609.0,826.5,,506.5
04/27/2023,April,2023,598.0,810.5,,496.5
04/28/2023,April,2023,600.0,803.5,,494.5
05/01/2023,May,2023,593.5,803.5,,496.5
05/02/2023,May,2023,601.0,795.0,,496.5
05/03/2023,May,2023,586.0,780.0,,484.0
05/04/2023,May,2023,572.0,765.5,,477.0
05/05/2023,May,2023,574.0,767.5,,476.5
05/08/2023,May,2023,583.0,780.5,,480.0
05/09/2023,May,2023,586.5,779.0,,488.0
05/10/2023,May,2023,587.0,786.5,,486.0
05/11/2023,May,2023,584.0,786.5,,487.5
05/12/2023,May,2023,582.0,779.0,,481.5
05/15/2023,May,2023,573.0,777.0,,479.5
05/16/2023,May,2023,580.5,778.0,,482.5
05/17/2023,May,2023,583.0,777.0,,482.0
05/18/2023,May,2023,595.0,781.5,,492.0
05/19/2023,May,2023,589.0,781.0,,489.5
05/22/2023,May,2023,589.5,774.5,,486.5
05/23/2023,May,2023,585.0,772.5,,487.0
05/24/2023,May,2023,596.0,779.0,,492.0
05/25/2023,May,2023,589.0,780.0,,489.5
05/26/2023,May,2023,585.0,775.5,,485.0
05/29/2023,May,2023,588.5,776.5,,489.0
05/30/2023,May,2023,584.5,764.5,,483.5
05/31/2023,May,2023,577.0,756.5,,467.5
06/01/2023,June,2023,574.0,745.5,,470.5
06/02/2023,June,2023,583.5,764.0,,484.5
06/05/2023,June,2023,594.5,781.5,,494.5
06/06/2023,June,2023,591.5,780.0,,486.5
06/07/2023,June,2023,595.0,778.5,,486.0
06/08/2023,June,2023,598.5,786.5,,489.5
06/09/2023,June,2023,593.0,776.0,,486.0
06/12/2023,June,2023,586.5,770.0,,479.5
06/13/2023,June,2023,585.0,764.0,,480.5
06/14/2023,June,2023,594.5,770.0,,492.0
06/15/2023,June,2023,592.5,769.5,,490.0
06/16/2023,June,2023,601.5,788.0,,500.0
06/19/2023,June,2023,611.0,798.0,,505.5
06/20/2023,June,2023,610.0,790.0,,506.5
06/21/2023,June,2023,608.0,785.0,,498.5
06/22/2023,June,2023,613.5,788.5,,498.5
06/23/2023,June,2023,598.5,776.0,,490.0
06/26/2023,June,2023,598.5,772.0,,488.0
06/27/2023,June,2023,594.0,777.0,,480.0
06/28/2023,June,2023,588.5,769.5,,481.0
06/29/2023,June,2023,594.0,771.0,,486.5
06/30/2023,June,2023,596.0,773.0,,491.0
07/03/2023,July,2023,598.5,776.0,,500.0
07/04/2023,July,2023,592.0,775.5,,496.0
07/05/2023,July,2023,593.0,778.5,,500.0
07/06/2023,July,2023,592.0,788.5,,501.0
07/07/2023,July,2023,591.5,785.0,,502.5
07/10/2023,July,2023,597.5,795.5,,510.0
07/11/2023,July,2023,594.0,800.5,,513.0
07/12/2023,July,2023,600.0,804.5,,515.0
07/13/2023,July,2023,601.0,814.0,,518.5
07/14/2023,July,2023,602.5,814.0,,520.5
07/17/2023,July,2023,596.5,812.5,,518.5
07/18/2023,July,2023,592.5,809.5,,515.5
07/19/2023,July,2023,595.5,814.5,,522.5
07/20/2023,July,2023,595.0,819.5,,525.0
07/21/2023,July,2023,598.5,822.0,,528.5
07/24/2023,July,2023,607.5,839.5,,535.0
07/25/2023,July,2023,614.5,849.5,,535.5
07/26/2023,July,2023,617.5,858.5,,538.5
07/27/2023,July,2023,622.5,869.0,,544.5
07/28/2023,July,2023,629.0,883.0,,551.5
07/31/2023,July,2023,633.5,896.0,,562.0
08/01/2023,August,2023,640.5,910.5,,562.5
08/02/2023,August,2023,647.5,921.0,,574.5
08/03/2023,August,2023,647.0,922.0,,571.5
08/04/2023,August,2023,654.5,928.0,,578.0
08/07/2023,August,2023,657.5,929.0,,579.5
08/08/2023,August,2023,652.0,928.5,,576.5
08/09/2023,August,2023,657.0,937.0,,584.5
08/10/2023,August,2023,667.5,955.5,,592.0
08/11/2023,August,2023,662.5,949.5,,591.5
08/14/2023,August,2023,662.5,944.5,,589.5
08/15/2023,August,2023,661.5,941.5,,585.5
08/16/2023,August,2023,656.5,947.5,,585.5
08/17/2023,August,2023,653.0,949.0,,582.5
08/18/2023,August,2023,654.5,953.0,,583.0
08/21/2023,August,2023,657.5,958.5,,588.5
08/22/2023,August,2023,649.0,950.0,,585.0
08/23/2023,August,2023,645.5,956.0,,579.5
08/24/2023,August,2023,645.5,958.5,,571.5
08/25/2023,August,2023,651.0,964.0,,571.0
08/28/2023,August,2023,654.5,974.0,,574.0
08/29/2023,August,2023,657.0,973.0,,573.0
08/30/2023,August,2023,654.0,974.5,,570.0
08/31/2023,August,2023,654.5,969.0,,573.0
09/01/2023,September,2023,662.0,971.5,,577.0
09/04/2023,September,2023,664.0,970.0,,578.0
09/05/2023,September,2023,661.0,978.0,,578.0
09/06/2023,September,2023,662.0,980.5,,586.0
09/07/2023,September,2023,668.5,980.5,,590.0
09/08/2023,September,2023,667.0,985.0,,592.5
09/11/2023,September,2023,668.5,1000.0,,591.0
09/12/2023,September,2023,671.0,1005.0,,589.5
09/13/2023,September,2023,675.0,1007.0,,597.0
09/14/2023,September,2023,681.0,1018.0,,600.0
09/15/2023,September,2023,687.0,1024.0,,603.5
09/18/2023,September,2023,685.0,1021.5,,601.0
09/19/2023,September,2023,682.0,1013.5,,592.0
09/20/2023,September,2023,681.5,1012.5,,591.0
09/21/2023,September,2023,677.5,1012.5,,589.0
09/22/2023,September,2023,677.5,1016.5,,590.5
09/25/2023,September,2023,674.5,1010.0,,590.0
09/26/2023,September,2023,672.5,997.0,,585.5
09/27/2023,September,2023,682.5,1002.5,,595.0
09/28/2023,September,2023,689.0,1010.0,,601.5
09/29/2023,September,2023,684.5,1012.5,,592.5
10/02/2023,October,2023,683.0,1009.0,,583.5
10/03/2023,October,2023,679.0,998.5,,571.0
10/04/2023,October,2023,672.0,981.0,,564.0
10/05/2023,October,2023,649.5,968.0,,547.0
10/06/2023,October,2023,647.5,923.0,,540.5
10/09/2023,October,2023,654.0,930.5,,544.0
10/10/2023,October,2023,664.5,949.5,,551.0
10/11/2023,October,2023,662.5,950.5,,544.0
10/12/2023,October,2023,667.0,954.0,,539.5
10/13/2023,October,2023,672.0,960.0,,544.5
10/16/2023,October,2023,680.0,967.0,,552.0
10/17/2023,October,2023,678.0,970.0,,552.5
10/18/2023,October,2023,683.0,970.0,,560.5
10/19/2023,October,2023,686.0,958.5,,562.0
10/20/2023,October,2023,688.0,964.5,,560.5
10/23/2023,October,2023,686.0,962.0,,556.0
10/24/2023,October,2023,675.0,952.0,,551.5
10/25/2023,October,2023,669.5,946.0,,545.0
10/26/2023,October,2023,671.0,944.0,,543.0
10/27/2023,October,2023,671.0,946.0,,542.0
10/30/2023,October,2023,673.0,940.0,,535.5
10/31/2023,October,2023,674.5,934.0,,534.0
11/01/2023,November,2023,680.5,936.0,,538.0
11/02/2023,November,2023,678.0,938.0,,538.5
11/03/2023,November,2023,678.5,945.0,,541.5
11/06/2023,November,2023,677.5,933.5,,537.0
11/07/2023,November,2023,673.0,921.5,,527.5
11/08/2023,November,2023,664.5,906.5,,517.0
11/09/2023,November,2023,660.5,892.0,,512.0
11/10/2023,November,2023,661.0,883.5,,515.5
11/13/2023,November,2023,666.5,883.0,,513.5
11/14/2023,November,2023,674.5,894.5,,519.5
11/15/2023,November,2023,672.5,898.5,,522.0
11/16/2023,November,2023,666.0,900.0,,520.5
11/17/2023,November,2023,658.5,881.5,,517.0
11/20/2023,November,2023,668.0,884.5,,519.5
11/21/2023,November,2023,674.5,886.5,,523.0
11/22/2023,November,2023,673.5,892.0,,526.5
11/23/2023,November,2023,670.0,892.0,,524.0
11/24/2023,November,2023,665.0,889.5,,522.5
11/27/2023,November,2023,655.5,881.5,,518.5
11/28/2023,November,2023,653.5,881.5,,521.0
11/29/2023,November,2023,654.0,885.0,,523.5
11/30/2023,November,2023,660.5,885.0,,528.0
12/01/2023,December,2023,660.0,880.5,,522.0
12/04/2023,December,2023,648.5,872.5,,517.0
12/05/2023,December,2023,644.0,859.5,,516.0
12/06/2023,December,2023,639.5,859.0,,512.0
12/07/2023,December,2023,624.0,851.0,,501.0
12/08/2023,December,2023,621.5,848.5,,499.5
12/11/2023,December,2023,620.5,841.0,,502.0
12/12/2023,December,2023,617.0,834.5,,501.0
12/13/2023,December,2023,609.0,833.0,,495.5
12/14/2023,December,2023,611.0,836.0,,498.5
12/15/2023,December,2023,618.5,849.0,,502.5
12/18/2023,December,2023,623.0,854.5,,502.0
12/19/2023,December,2023,629.0,840.5,,507.0
12/20/2023,December,2023,634.0,852.0,,512.0
12/21/2023,December,2023,637.5,858.0,,509.0
12/22/2023,December,2023,639.0,862.0,,510.5
12/25/2023,December,2023,639.0,862.0,,510.5
12/26/2023,December,2023,637.5,861.0,,509.5
12/27/2023,December,2023,643.5,861.0,,513.5
12/28/2023,December,2023,642.0,851.0,,510.5
12/29/2023,December,2023,637.0,854.0,,508.0
01/01/2024,January,2024,637.0,854.0,,508.0
01/02/2024,January,2024,636.0,852.0,,505.5
01/03/2024,January,2024,633.5,840.0,,504.0
01/04/2024,January,2024,633.5,841.5,,506.0
01/05/2024,January,2024,635.0,841.0,,505.0
01/08/2024,January,2024,631.5,843.0,,504.0
01/09/2024,January,2024,625.5,841.0,,496.5
01/10/2024,January,2024,627.0,848.5,,503.0
01/11/2024,January,2024,622.5,848.0,,497.5
01/12/2024,January,2024,627.0,851.0,,501.5
01/15/2024,January,2024,626.0,850.5,,497.0
01/16/2024,January,2024,624.5,846.0,,495.0
01/17/2024,January,2024,623.5,849.0,,494.0
01/18/2024,January,2024,623.0,847.5,,490.5
01/19/2024,January,2024,630.0,850.0,,492.0
01/22/2024,January,2024,634.5,852.0,,491.5
01/23/2024,January,2024,635.5,855.0,,492.0
01/24/2024,January,2024,641.0,856.0,,492.5
01/25/2024,January,2024,647.0,860.5,,497.0
01/26/2024,January,2024,654.0,866.0,,504.0
01/29/2024,January,2024,663.5,880.5,,509.0
01/30/2024,January,2024,665.0,883.5,,510.0
01/31/2024,January,2024,666.0,886.0,,507.5
02/01/2024,February,2024,660.5,881.5,,499.5
02/02/2024,February,2024,655.0,876.0,,497.0
02/05/2024,February,2024,647.5,866.5,,493.0
02/06/2024,February,2024,645.0,869.0,,494.5
02/07/2024,February,2024,648.0,873.5,,496.5
02/08/2024,February,2024,650.5,880.0,,499.0
02/09/2024,February,2024,657.0,889.0,,503.0
02/12/2024,February,2024,658.0,892.5,,505.0
02/13/2024,February,2024,660.0,899.5,,506.0
02/14/2024,February,2024,660.5,896.0,,507.5
02/15/2024,February,2024,661.0,887.0,,507.0
02/16/2024,February,2024,665.0,896.5,,508.0
02/19/2024,February,2024,666.0,893.5,,509.0
02/20/2024,February,2024,665.5,893.5,,508.5
02/21/2024,February,2024,660.5,886.5,,509.0
02/22/2024,February,2024,661.5,882.0,,511.5
02/23/2024,February,2024,663.0,880.0,,510.5
02/26/2024,February,2024,656.5,875.5,,504.5
02/27/2024,February,2024,657.5,878.0,,503.5
02/28/2024,February,2024,662.0,878.5,,506.0
02/29/2024,February,2024,662.0,872.0,,506.0
03/01/2024,March,2024,662.0,875.5,,508.5
03/04/2024,March,2024,666.5,883.5,,513.5
03/05/2024,March,2024,666.0,878.0,,510.5
03/06/2024,March,2024,663.5,875.5,,511.0
03/07/2024,March,2024,663.5,874.5,,512.5
03/08/2024,March,2024,661.0,874.0,,513.5
03/11/2024,March,2024,658.0,878.0,,511.0
03/12/2024,March,2024,656.5,875.5,,511.5
03/13/2024,March,2024,657.5,874.5,,512.0
03/14/2024,March,2024,664.5,875.5,,518.5
03/15/2024,March,2024,666.0,881.5,,519.0
03/18/2024,March,2024,669.5,886.5,,528.5
03/19/2024,March,2024,672.0,901.0,,527.5
03/20/2024,March,2024,671.0,902.0,,530.5
03/21/2024,March,2024,668.0,895.0,,527.5
03/22/2024,March,2024,665.0,892.5,,526.0
03/25/2024,March,2024,665.0,892.0,,527.5
03/26/2024,March,2024,666.0,885.5,,529.5
03/27/2024,March,2024,664.5,883.5,,527.5
03/28/2024,March,2024,663.5,877.5,,526.5
03/29/2024,March,2024,668.5,878.5,,533.5
04/01/2024,April,2024,666.0,879.5,,530.0
04/02/2024,April,2024,669.5,889.5,,534.5
04/03/2024,April,2024,673.5,894.0,,539.5
04/04/2024,April,2024,674.0,893.5,,541.5
04/05/2024,April,2024,674.5,901.0,,543.0
04/08/2024,April,2024,677.0,904.0,,546.0
04/09/2024,April,2024,673.0,899.0,,544.0
04/10/2024,April,2024,672.0,898.5,,544.5
04/11/2024,April,2024,671.5,901.5,,543.0
04/12/2024,April,2024,672.0,896.0,,543.5
04/15/2024,April,2024,672.5,896.5,,544.5
04/16/2024,April,2024,672.5,892.0,,546.0
04/17/2024,April,2024,672.0,885.0,,547.0
04/18/2024,April,2024,665.5,870.5,,543.5
04/19/2024,April,2024,665.0,864.0,,543.0
04/22/2024,April,2024,661.5,859.0,,540.5
04/23/2024,April,2024,662.5,858.5,,542.5
04/24/2024,April,2024,664.0,856.5,,543.5
04/25/2024,April,2024,662.0,855.0,,549.0
04/26/2024,April,2024,664.0,855.0,,548.0
04/29/2024,April,2024,666.0,856.0,,551.0
04/30/2024,April,2024,662.0,851.0,,551.0
05/01/2024,May,2024,658.5,848.5,,550.0
05/02/2024,May,2024,645.0,832.0,,541.5
05/03/2024,May,2024,645.5,827.0,,538.0
05/06/2024,May,2024,646.0,825.5,,534.0
05/07/2024,May,2024,644.0,825.5,,537.5
05/08/2024,May,2024,639.0,821.5,,533.5
05/09/2024,May,2024,642.5,824.5,,536.0
05/10/2024,May,2024,645.5,830.5,,538.5
05/13/2024,May,2024,640.0,821.5,,533.5
05/14/2024,May,2024,639.5,820.0,,531.5
05/15/2024,May,2024,636.0,815.5,,530.0
05/16/2024,May,2024,637.0,816.0,,531.0
05/17/2024,May,2024,637.0,819.0,,531.5
05/20/2024,May,2024,638.0,826.5,,536.0
05/21/2024,May,2024,635.0,821.5,,536.0
05/22/2024,May,2024,629.0,815.0,,533.0
05/23/2024,May,2024,625.0,811.5,,529.5
05/24/2024,May,2024,620.5,807.5,,529.5
05/27/2024,May,2024,621.5,808.0,,531.0
05/28/2024,May,2024,622.0,811.0,,537.5
05/29/2024,May,2024,628.5,812.5,,542.5
05/30/2024,May,2024,627.0,811.5,,542.5
05/31/2024,May,2024,619.5,802.0,,537.0
06/03/2024,June,2024,615.5,795.0,,535.0
06/04/2024,June,2024,606.5,788.5,,528.0
06/05/2024,June,2024,597.5,782.5,,521.5
06/06/2024,June,2024,599.0,775.5,,520.0
06/07/2024,June,2024,606.5,786.5,,525.0
06/10/2024,June,2024,606.5,792.5,,523.5
06/11/2024,June,2024,611.5,789.0,,531.0
06/12/2024,June,2024,615.5,794.5,,532.5
06/13/2024,June,2024,616.5,801.0,,533.0
06/14/2024,June,2024,616.5,803.0,,531.0
06/17/2024,June,2024,618.0,802.0,,532.5
06/18/2024,June,2024,624.0,802.5,,536.0
06/19/2024,June,2024,626.5,809.0,,541.0
06/20/2024,June,2024,627.0,814.5,,542.0
06/21/2024,June,2024,628.5,817.5,,543.5
06/24/2024,June,2024,627.5,844.0,,540.5
06/25/2024,June,2024,633.5,844.0,,541.5
06/26/2024,June,2024,635.5,843.0,,540.5
06/27/2024,June,2024,637.5,844.5,,540.5
06/28/2024,June,2024,638.0,849.0,,543.0
07/01/2024,July,2024,636.0,845.0,,541.0
07/02/2024,July,2024,644.5,853.0,,551.5
07/03/2024,July,2024,651.0,858.0,,554.0
07/04/2024,July,2024,648.0,853.5,,551.0
07/05/2024,July,2024,648.5,855.5,,557.5
07/08/2024,July,2024,646.0,850.5,,551.5
07/09/2024,July,2024,643.5,844.5,,549.5
07/10/2024,July,2024,643.5,838.5,,548.0
07/11/2024,July,2024,640.5,839.0,,547.5
07/12/2024,July,2024,635.0,828.5,,549.5
07/15/2024,July,2024,639.0,828.0,,547.5
07/16/2024,July,2024,638.5,832.0,,545.0
07/17/2024,July,2024,635.5,825.0,,543.0
07/18/2024,July,2024,637.0,827.5,,543.5
07/19/2024,July,2024,637.0,827.5,,543.5
07/22/2024,July,2024,630.0,818.0,,535.0
07/23/2024,July,2024,626.0,816.0,,533.0
07/24/2024,July,2024,623.0,815.5,,526.0
07/25/2024,July,2024,622.0,814.5,,524.5
07/26/2024,July,2024,624.5,817.5,,525.0
07/29/2024,July,2024,621.5,811.5,,522.0
07/30/2024,July,2024,616.0,798.5,,523.0
07/31/2024,July,2024,617.0,800.0,,525.0
08/01/2024,August,2024,625.0,808.5,,532.0
08/02/2024,August,2024,621.0,802.5,,528.5
08/05/2024,August,2024,608.0,788.0,,515.0
08/06/2024,August,2024,604.0,780.5,,504.0
08/07/2024,August,2024,604.5,780.5,,507.5
08/08/2024,August,2024,609.0,783.0,,512.0
08/09/2024,August,2024,610.5,786.5,,512.0
08/12/2024,August,2024,618.0,787.5,,517.5
08/13/2024,August,2024,624.5,793.5,,520.5
08/14/2024,August,2024,622.5,794.0,,518.5
08/15/2024,August,2024,620.0,793.0,,514.5
08/16/2024,August,2024,619.5,790.0,,516.5
08/19/2024,August,2024,615.5,784.0,,512.0
08/20/2024,August,2024,609.5,774.0,,506.0
08/21/2024,August,2024,610.0,770.0,,504.5
08/22/2024,August,2024,609.5,768.5,,501.0
08/23/2024,August,2024,615.5,769.5,,505.0
08/26/2024,August,2024,623.5,777.0,,505.5
08/27/2024,August,2024,631.5,783.5,,506.5
08/28/2024,August,2024,630.5,776.5,,500.5
08/29/2024,August,2024,626.0,772.0,,498.0
08/30/2024,August,2024,629.0,773.5,,500.0
09/02/2024,September,2024,624.0,768.5,,491.5
09/03/2024,September,2024,624.0,768.0,,497.0
09/04/2024,September,2024,616.0,754.5,,488.5
09/05/2024,September,2024,616.0,747.5,,485.0
09/06/2024,September,2024,612.5,746.5,,482.5
09/09/2024,September,2024,604.0,739.0,,479.0
09/10/2024,September,2024,596.0,734.5,,474.5
09/11/2024,September,2024,587.5,729.5,,474.5
09/12/2024,September,2024,589.5,730.5,,479.5
09/13/2024,September,2024,591.5,733.5,,483.0
09/16/2024,September,2024,591.0,730.5,,481.5
09/17/2024,September,2024,590.5,728.5,,483.0
09/18/2024,September,2024,588.5,730.0,,483.0
09/19/2024,September,2024,589.5,733.0,,486.0
09/20/2024,September,2024,598.5,739.5,,488.5
09/23/2024,September,2024,603.0,738.5,,480.5
09/24/2024,September,2024,609.0,740.0,,483.0
09/25/2024,September,2024,606.5,736.5,,483.5
09/26/2024,September,2024,597.5,728.5,,469.0
09/27/2024,September,2024,591.0,726.0,,480.5
09/30/2024,September,2024,592.0,730.0,,482.5
10/01/2024,October,2024,588.5,728.0,,480.5
10/02/2024,October,2024,603.5,741.5,,498.5
10/03/2024,October,2024,603.0,742.0,,501.5
10/04/2024,October,2024,615.0,757.0,,515.0
10/07/2024,October,2024,616.0,763.5,,515.5
10/08/2024,October,2024,622.0,767.5,,521.0
10/09/2024,October,2024,612.5,761.5,,515.0
10/10/2024,October,2024,616.5,763.0,,514.5
10/11/2024,October,2024,624.0,766.0,,519.0
10/14/2024,October,2024,622.5,765.5,,517.5
10/15/2024,October,2024,608.5,752.5,,501.5
10/16/2024,October,2024,605.5,743.5,,502.5
10/17/2024,October,2024,605.0,744.0,,500.5
10/18/2024,October,2024,602.5,742.0,,500.0
10/21/2024,October,2024,602.0,744.5,,509.0
10/22/2024,October,2024,603.5,745.0,,527.0
10/23/2024,October,2024,608.5,749.0,,535.5
10/24/2024,October,2024,609.0,751.0,,522.0
10/25/2024,October,2024,606.5,750.0,,520.0
10/28/2024,October,2024,591.0,739.5,,509.5
10/29/2024,October,2024,584.5,734.5,,509.5
10/30/2024,October,2024,589.5,738.0,,512.0
10/31/2024,October,2024,591.0,746.5,,513.5
11/01/2024,November,2024,595.5,755.5,,515.0
11/04/2024,November,2024,596.0,757.0,,505.5
11/05/2024,November,2024,598.0,758.5,,505.5
11/06/2024,November,2024,599.0,755.5,,501.0
11/07/2024,November,2024,599.5,757.5,,500.0
11/08/2024,November,2024,599.5,756.0,,498.0
11/11/2024,November,2024,593.5,750.5,,494.0
11/12/2024,November,2024,588.0,748.5,,488.0
11/13/2024,November,2024,585.0,749.5,,487.5
11/14/2024,November,2024,584.0,751.5,,488.0
11/15/2024,November,2024,582.5,753.0,,486.5
11/18/2024,November,2024,582.5,753.0,,482.0
11/19/2024,November,2024,586.0,759.0,,484.0
11/20/2024,November,2024,586.0,759.0,,488.0
11/21/2024,November,2024,586.0,761.0,,487.5
11/22/2024,November,2024,589.0,764.5,,492.0
11/25/2024,November,2024,587.5,765.0,,490.0
11/26/2024,November,2024,583.5,762.5,,488.0
11/27/2024,November,2024,580.0,761.0,,488.0
11/28/2024,November,2024,578.0,758.5,,489.0
11/29/2024,November,2024,579.5,758.5,,491.0
12/02/2024,December,2024,578.5,758.5,,492.0
12/03/2024,December,2024,577.5,759.0,,496.5
12/04/2024,December,2024,581.0,760.0,,498.0
12/05/2024,December,2024,578.5,755.0,,491.0
12/06/2024,December,2024,573.0,751.0,,488.5
12/09/2024,December,2024,572.5,748.5,,488.0
12/10/2024,December,2024,570.0,746.5,,494.5
12/11/2024,December,2024,571.0,746.5,,495.5
12/12/2024,December,2024,574.5,750.5,,498.0
12/13/2024,December,2024,575.5,756.5,,499.5
12/16/2024,December,2024,577.5,757.0,,501.5
12/17/2024,December,2024,577.0,759.5,,507.0
12/18/2024,December,2024,575.5,760.0,,509.0
12/19/2024,December,2024,574.5,760.5,,508.0
12/20/2024,December,2024,572.0,758.0,,507.5
12/23/2024,December,2024,573.5,756.0,,508.5
12/24/2024,December,2024,574.0,748.0,,501.5
12/25/2024,December,2024,574.0,748.0,,501.5
12/26/2024,December,2024,577.5,749.5,,506.0
12/27/2024,December,2024,577.0,751.5,,504.0
12/30/2024,December,2024,578.5,760.0,,500.0
12/31/2024,December,2024,582.0,766.5,,505.5
01/01/2025,January,2025,582.0,766.5,,506.0
01/02/2025,January,2025,582.5,767.5,,504.0
01/03/2025,January,2025,587.0,770.5,,502.5
01/06/2025,January,2025,587.5,776.0,,501.0
01/07/2025,January,2025,587.0,768.5,,499.0
01/08/2025,January,2025,592.5,773.0,,500.5
01/09/2025,January,2025,591.5,775.0,,499.0
01/10/2025,January,2025,596.5,774.0,,505.5
01/13/2025,January,2025,608.5,798.5,,521.0
01/14/2025,January,2025,610.5,801.0,,519.0
01/15/2025,January,2025,608.5,801.5,,518.0
01/16/2025,January,2025,616.5,812.0,,525.0
01/17/2025,January,2025,620.5,817.0,,533.0
01/20/2025,January,2025,619.0,816.5,,517.5
01/21/2025,January,2025,615.5,810.0,,517.0
01/22/2025,January,2025,613.0,804.0,,516.0
01/23/2025,January,2025,614.5,793.5,,514.0
01/24/2025,January,2025,613.5,796.0,,515.0
01/27/2025,January,2025,612.5,797.5,,512.5
01/28/2025,January,2025,613.0,787.5,,511.5
01/29/2025,January,2025,611.0,780.5,,509.5
01/30/2025,January,2025,610.0,779.5,,509.5
01/31/2025,January,2025,609.5,787.5,,510.5
02/03/2025,February,2025,609.5,783.5,,511.0
02/04/2025,February,2025,605.5,779.0,,506.0
02/05/2025,February,2025,605.5,783.0,,509.5
02/06/2025,February,2025,599.5,778.5,,508.0
02/07/2025,February,2025,597.0,779.5,,512.0
02/10/2025,February,2025,599.0,785.0,,518.0
02/11/2025,February,2025,603.0,792.5,,522.5
02/12/2025,February,2025,602.0,792.5,,520.5
02/13/2025,February,2025,593.5,786.0,,515.0
02/14/2025,February,2025,595.5,785.0,,514.0
02/17/2025,February,2025,596.5,785.5,,513.0
02/18/2025,February,2025,594.5,788.5,,514.0
02/19/2025,February,2025,596.5,778.5,,518.5
02/20/2025,February,2025,598.0,787.0,,519.0
02/21/2025,February,2025,596.0,791.5,,517.0
02/24/2025,February,2025,591.0,785.0,,513.0
02/25/2025,February,2025,587.5,781.0,,511.5
02/26/2025,February,2025,582.0,775.5,,507.0
02/27/2025,February,2025,576.0,773.5,,506.5
02/28/2025,February,2025,576.5,772.5,,506.0
03/03/2025,March,2025,573.5,771.5,,508.0
03/04/2025,March,2025,565.0,760.5,,496.5
03/05/2025,March,2025,559.0,757.5,,493.0
03/06/2025,March,2025,555.5,752.5,,492.0
03/07/2025,March,2025,552.0,745.5,,493.5
03/10/2025,March,2025,552.0,749.0,,496.5
03/11/2025,March,2025,550.5,745.5,,493.0
03/12/2025,March,2025,552.0,737.5,,493.5
03/13/2025,March,2025,553.0,744.0,,493.0
03/14/2025,March,2025,551.5,740.5,,492.0
03/17/2025,March,2025,551.5,743.5,,492.0
03/18/2025,March,2025,553.0,746.0,,494.5
03/19/2025,March,2025,549.0,742.0,,489.0
03/20/2025,March,2025,549.0,743.5,,485.5
03/21/2025,March,2025,551.5,747.0,,489.0
03/24/2025,March,2025,552.5,751.0,,490.5
03/25/2025,March,2025,555.5,754.5,,492.5
03/26/2025,March,2025,556.5,754.5,,493.0
03/27/2025,March,2025,558.0,758.0,,492.5
03/28/2025,March,2025,560.0,760.0,,498.0
03/31/2025,March,2025,560.5,759.0,,498.0
04/01/2025,April,2025,565.0,765.5,,501.5
04/02/2025,April,2025,567.0,764.0,,501.5
04/03/2025,April,2025,562.0,756.0,,495.0
04/04/2025,April,2025,548.5,735.0,,482.0
04/07/2025,April,2025,530.0,711.5,,461.5
04/08/2025,April,2025,524.0,707.5,,461.5
04/09/2025,April,2025,515.0,696.5,,451.5
04/10/2025,April,2025,518.0,698.0,,454.0
04/11/2025,April,2025,521.0,700.0,,451.5
04/14/2025,April,2025,523.0,704.0,,457.5
04/15/2025,April,2025,524.0,706.5,,458.5
04/16/2025,April,2025,521.0,707.5,,456.5
04/17/2025,April,2025,523.5,714.0,,460.5
04/18/2025,April,2025,529.5,717.0,,464.0
04/21/2025,April,2025,526.0,720.0,,463.0
04/22/2025,April,2025,526.5,722.5,,461.0
04/23/2025,April,2025,529.0,724.0,,465.0
04/24/2025,April,2025,526.0,712.5,,461.5
04/25/2025,April,2025,526.5,712.0,,461.0
04/28/2025,April,2025,529.0,714.5,,461.0
04/29/2025,April,2025,524.5,710.5,,456.0
04/30/2025,April,2025,521.0,705.5,,454.0
05/01/2025,May,2025,516.0,700.0,,449.5
05/02/2025,May,2025,517.5,697.0,,446.5
05/05/2025,May,2025,513.5,694.5,,440.0
05/06/2025,May,2025,515.0,692.5,,445.5
05/07/2025,May,2025,518.5,695.5,,449.5
05/08/2025,May,2025,519.5,694.0,,448.5
05/09/2025,May,2025,526.0,700.5,,455.5
05/12/2025,May,2025,531.0,707.0,,461.5
05/13/2025,May,2025,532.0,708.0,,465.0
05/14/2025,May,2025,540.0,718.5,,473.0
05/15/2025,May,2025,540.0,723.0,,469.0
05/16/2025,May,2025,539.0,720.0,,469.0
05/19/2025,May,2025,537.0,712.0,,469.0
05/20/2025,May,2025,538.5,714.5,,462.5
05/21/2025,May,2025,540.0,714.0,,466.0
05/22/2025,May,2025,536.5,712.5,,462.5
05/23/2025,May,2025,532.0,708.5,,460.5
05/26/2025,May,2025,532.5,710.0,,461.5
05/27/2025,May,2025,531.0,706.5,,457.5
05/28/2025,May,2025,532.0,706.0,,459.5
05/29/2025,May,2025,532.0,706.0,,461.5
05/30/2025,May,2025,528.0,703.0,,457.0
06/02/2025,June,2025,531.5,708.0,,456.5
06/03/2025,June,2025,531.0,710.0,,462.0
06/04/2025,June,2025,533.5,709.0,,463.5
06/05/2025,June,2025,534.0,711.5,,465.0
06/06/2025,June,2025,532.0,711.5,,464.5
06/09/2025,June,2025,532.5,715.5,,466.5
06/10/2025,June,2025,534.5,717.0,,467.0
06/17/2025,June,2025,571.0,767.0,,499.0
06/18/2025,June,2025,581.5,789.5,,506.0
06/19/2025,June,2025,588.0,803.5,,509.0
06/20/2025,June,2025,589.0,818.0,,509.0
06/23/2025,June,2025,588.0,805.0,,508.0
06/24/2025,June,2025,562.5,769.0,,477.5
06/25/2025,June,2025,557.5,761.5,,474.5
06/26/2025,June,2025,556.0,755.0,,478.0
06/27/2025,June,2025,554.0,757.5,,472.5
06/30/2025,June,2025,553.0,756.0,,470.5
07/01/2025,July,2025,553.0,755.0,,469.0
07/02/2025,July,2025,552.0,760.5,,465.0
07/03/2025,July,2025,555.5,768.0,,469.5
07/04/2025,July,2025,555.5,768.0,,466.5
07/07/2025,July,2025,553.0,772.0,,465.5
07/08/2025,July,2025,555.5,774.5,,467.5
07/09/2025,July,2025,559.5,787.0,,468.5
07/10/2025,July,2025,557.5,785.5,,469.5
07/11/2025,July,2025,554.0,779.0,,464.5
07/14/2025,July,2025,557.5,787.0,,466.5
07/15/2025,July,2025,557.0,773.5,,464.5
07/16/2025,July,2025,552.0,770.5,,460.5
07/17/2025,July,2025,550.5,768.5,,462.5
07/18/2025,July,2025,550.5,776.5,,467.0
07/21/2025,July,2025,550.0,775.0,,467.0
07/22/2025,July,2025,549.5,773.0,,465.5
07/23/2025,July,2025,547.0,771.0,,462.0
07/24/2025,July,2025,548.5,773.0,,467.0
07/25/2025,July,2025,548.0,772.0,,466.0
07/28/2025,July,2025,547.0,769.0,,464.5
07/29/2025,July,2025,550.0,770.5,,466.5
07/30/2025,July,2025,555.5,774.5,,472.5
07/31/2025,July,2025,556.5,776.0,,471.5
08/01/2025,August,2025,556.0,772.5,,471.0
08/04/2025,August,2025,549.0,760.5,,465.0
08/05/2025,August,2025,546.0,751.5,,464.0
08/06/2025,August,2025,543.5,750.5,,464.0
08/07/2025,August,2025,541.0,746.5,,462.0
08/08/2025,August,2025,537.0,756.5,,458.5
08/11/2025,August,2025,533.5,749.0,,456.5
08/12/2025,August,2025,532.0,753.0,,456.0
08/13/2025,August,2025,531.0,745.5,,454.5
08/14/2025,August,2025,529.5,744.0,,452.0
08/15/2025,August,2025,531.5,743.5,,451.5
08/18/2025,August,2025,528.5,740.5,,449.0
08/19/2025,August,2025,527.0,739.5,,445.5
08/20/2025,August,2025,527.0,740.0,,444.5
08/21/2025,August,2025,529.0,743.0,,446.0
08/22/2025,August,2025,527.5,744.0,,443.0
08/25/2025,August,2025,531.0,749.5,,453.0
08/26/2025,August,2025,532.5,751.5,,452.5
08/27/2025,August,2025,530.0,746.0,,442.5
08/28/2025,August,2025,529.0,745.5,,443.5
08/29/2025,August,2025,531.0,749.0,,442.5
09/01/2025,September,2025,533.5,747.5,,444.0
09/02/2025,September,2025,534.5,751.0,,447.5
09/03/2025,September,2025,536.0,757.5,,448.5
09/04/2025,September,2025,530.5,755.0,,445.5
09/05/2025,September,2025,525.5,755.0,,438.5
09/08/2025,September,2025,524.5,754.0,,435.0
09/09/2025,September,2025,524.0,758.5,,439.0
09/10/2025,September,2025,521.0,761.5,,437.5
09/11/2025,September,2025,517.5,760.0,,438.5
09/12/2025,September,2025,516.5,758.5,,437.0
09/15/2025,September,2025,516.5,760.0,,438.0
09/16/2025,September,2025,521.5,764.5,,440.5
09/17/2025,September,2025,524.0,770.5,,442.5
09/18/2025,September,2025,524.0,772.0,,444.0
09/19/2025,September,2025,520.5,765.5,,441.5
09/22/2025,September,2025,515.0,764.5,,441.0
09/23/2025,September,2025,514.5,763.0,,442.5
09/24/2025,September,2025,518.0,768.5,,449.5
09/25/2025,September,2025,520.5,772.5,,453.0
09/26/2025,September,2025,524.5,782.0,,458.0
09/29/2025,September,2025,523.0,773.5,,457.0
11/05/2025,November,2025,494.0,779.5,,434.0
11/06/2025,November,2025,492.5,792.5,,433.5
11/07/2025,November,2025,492.5,799.0,,431.0
11/10/2025,November,2025,495.5,795.0,,431.5
11/11/2025,November,2025,495.0,803.0,,430.5
11/12/2025,November,2025,496.0,813.0,,430.0
11/13/2025,November,2025,490.0,796.0,,422.5
11/14/2025,November,2025,490.0,791.5,,419.0
11/17/2025,November,2025,492.0,797.0,,421.5
11/18/2025,November,2025,493.0,804.0,,419.0
11/19/2025,November,2025,490.0,821.5,,417.5
11/20/2025,November,2025,486.5,811.5,,413.0
11/21/2025,November,2025,482.0,794.5,,408.5
11/24/2025,November,2025,477.0,779.0,,405.5
11/25/2025,November,2025,473.0,767.0,,404.0
11/26/2025,November,2025,470.5,758.5,,399.0
11/27/2025,November,2025,471.5,755.5,,400.0
11/28/2025,November,2025,472.0,756.0,,400.0
12/01/2025,December,2025,473.5,757.5,,401.5
12/02/2025,December,2025,473.0,755.5,,400.0
12/03/2025,December,2025,469.5,759.0,,397.0
12/04/2025,December,2025,470.5,755.5,,397.0
12/05/2025,December,2025,472.5,752.0,,400.0
12/08/2025,December,2025,470.5,747.5,,399.5
12/09/2025,December,2025,469.5,743.0,,397.0
12/10/2025,December,2025,466.0,744.0,,392.5
12/11/2025,December,2025,464.0,739.0,,388.0
12/12/2025,December,2025,462.0,735.5,,388.0
12/15/2025,December,2025,461.0,731.0,,386.5
12/16/2025,December,2025,457.5,721.5,,382.0
12/17/2025,December,2025,456.0,721.0,,383.5
12/18/2025,December,2025,455.5,716.0,,387.0
12/19/2025,December,2025,457.0,712.0,,383.0
12/22/2025,December,2025,458.0,714.5,,387.5
12/23/2025,December,2025,462.0,711.0,,390.5
12/24/2025,December,2025,463.0,715.0,,390.0
12/25/2025,December,2025,463.0,715.0,,390.0
12/26/2025,December,2025,462.0,712.5,,388.5
12/29/2025,December,2025,464.5,717.5,,390.0
12/30/2025,December,2025,463.0,717.0,,393.0
12/31/2025,December,2025,463.5,715.0,,391.0
01/01/2026,January,2026,464.0,715.0,,391.5
01/02/2026,January,2026,462.0,714.5,,390.5
01/05/2026,January,2026,460.0,713.5,,391.0
01/06/2026,January,2026,460.0,712.0,,392.5
01/07/2026,January,2026,458.5,708.0,,389.5
01/08/2026,January,2026,458.0,705.5,,389.0
01/09/2026,January,2026,462.0,712.5,,394.0
01/12/2026,January,2026,466.0,715.5,,393.0
01/13/2026,January,2026,472.0,721.0,,398.0
01/14/2026,January,2026,477.5,728.0,,406.0
01/15/2026,January,2026,477.0,725.0,,403.0
01/16/2026,January,2026,476.0,725.0,,406.5
01/19/2026,January,2026,476.0,728.0,,407.5
01/20/2026,January,2026,476.0,728.5,,405.5
01/21/2026,January,2026,480.0,736.5,,408.0
01/22/2026,January,2026,484.5,739.0,,412.0
01/23/2026,January,2026,485.0,741.0,,415.5
01/26/2026,January,2026,488.0,750.0,,427.5
01/27/2026,January,2026,487.0,751.5,,424.5
01/28/2026,January,2026,493.5,759.5,,429.5
01/29/2026,January,2026,502.0,768.0,,435.0
01/30/2026,January,2026,503.0,769.0,,437.5
02/02/2026,February,2026,495.0,760.0,,426.5
02/03/2026,February,2026,494.5,758.0,,427.0
02/04/2026,February,2026,503.5,767.5,,436.0
02/05/2026,February,2026,507.5,767.5,,441.0
02/06/2026,February,2026,508.5,769.5,,440.0
02/09/2026,February,2026,507.5,768.5,,439.5
02/10/2026,February,2026,510.5,769.0,,443.0
02/11/2026,February,2026,516.5,772.5,,446.5
02/12/2026,February,2026,517.0,773.5,,449.0
02/13/2026,February,2026,509.5,765.0,,442.5
02/16/2026,February,2026,510.0,762.5,,447.0
02/17/2026,February,2026,512.5,765.5,,448.0
02/18/2026,February,2026,516.0,766.0,,451.5
02/19/2026,February,2026,532.0,784.5,,463.5
02/20/2026,February,2026,535.5,791.0,,464.5
02/23/2026,February,2026,536.0,783.5,,458.5
02/24/2026,February,2026,538.0,791.5,,459.5
02/25/2026,February,2026,537.5,793.5,,457.0
02/26/2026,February,2026,536.5,792.0,,460.5
02/27/2026,February,2026,543.5,797.5,,463.0
03/02/2026,March,2026,587.5,877.5,,517.0
03/03/2026,March,2026,629.0,981.5,,558.5
03/04/2026,March,2026,659.0,1029.0,,583.5
03/05/2026,March,2026,681.5,1108.0,,610.5
03/06/2026,March,2026,735.0,1153.5,,649.0
03/09/2026,March,2026,929.0,1330.0,,886.0
03/10/2026,March,2026,907.0,1285.0,,805.5
03/11/2026,March,2026,960.0,1379.0,,794.0
03/12/2026,March,2026,1005.0,1440.0,,862.0
03/13/2026,March,2026,1022.5,1477.5,,871.0
03/16/2026,March,2026,1036.5,1521.0,,871.5
03/17/2026,March,2026,1017.0,1493.5,,847.5
03/18/2026,March,2026,1014.0,1510.0,,861.0
03/19/2026,March,2026,1048.5,1601.5,,916.0
03/20/2026,March,2026,1053.0,1601.5,,874.0
03/23/2026,March,2026,1035.5,1623.0,,869.5
03/24/2026,March,2026,974.5,1568.5,,821.5
03/25/2026,March,2026,936.5,1537.0,,777.0
03/26/2026,March,2026,939.5,1580.5,,786.0
03/27/2026,March,2026,940.5,1601.0,,787.0
03/30/2026,March,2026,971.5,1691.0,,827.0
03/31/2026,March,2026,965.0,1694.0,,810.0
04/01/2026,April,2026,957.5,1692.0,,785.5
04/02/2026,April,2026,958.0,1759.0,,795.5
04/03/2026,April,2026,958.5,1791.5,,795.5
04/06/2026,April,2026,977.5,1835.0,,813.0
04/07/2026,April,2026,972.0,1843.5,,811.5
04/08/2026,April,2026,919.0,1670.0,,752.5
04/09/2026,April,2026,893.5,1622.5,,750.5
04/10/2026,April,2026,886.0,1656.5,,736.5
04/13/2026,April,2026,891.5,1645.5,,747.5
04/14/2026,April,2026,889.0,1610.0,,734.0
04/15/2026,April,2026,861.5,1559.0,,714.0
04/16/2026,April,2026,856.0,1548.5,,708.5
04/17/2026,April,2026,838.5,1528.5,,702.0
04/20/2026,April,2026,828.5,1463.0,,699.0
04/21/2026,April,2026,819.5,1441.0,,697.0
04/22/2026,April,2026,828.0,1492.0,,708.0
04/23/2026,April,2026,849.0,1505.5,,724.0
04/24/2026,April,2026,864.0,1527.5,,732.0
04/27/2026,April,2026,859.5,1541.0,,740.0
04/28/2026,April,2026,871.0,1523.0,,752.5
04/29/2026,April,2026,889.0,1529.5,,756.0
04/30/2026,April,2026,906.5,1551.5,,773.0
05/01/2026,May,2026,901.0,1532.5,,765.0
05/04/2026,May,2026,907.5,1492.5,,764.0
05/05/2026,May,2026,939.5,1489.5,,785.0
05/06/2026,May,2026,925.5,1410.0,,763.5
05/07/2026,May,2026,902.5,1375.5,,753.5
05/08/2026,May,2026,906.0,1382.5,,747.0
05/11/2026,May,2026,909.5,1415.5,,751.0
05/12/2026,May,2026,913.5,1433.0,,761.0
05/13/2026,May,2026,912.0,1436.0,,762.5
05/14/2026,May,2026,911.0,1421.5,,763.0
05/15/2026,May,2026,919.0,1434.0,,778.5
05/18/2026,May,2026,926.0,1437.0,,790.5
05/19/2026,May,2026,927.5,1440.5,,794.5
05/20/2026,May,2026,923.0,1431.5,,791.5
05/21/2026,May,2026,903.5,1397.5,,763.5
05/22/2026,May,2026,890.0,1377.0,,765.5
05/25/2026,May,2026,860.0,1334.0,,737.0
05/26/2026,May,2026,866.0,1341.0,,742.5
05/27/2026,May,2026,855.5,1325.5,,738.0
05/28/2026,May,2026,856.0,1302.5,,736.5
05/29/2026,May,2026,843.5,1281.5,,721.0
06/01/2026,June,2026,850.0,1304.5,,734.5
06/02/2026,June,2026,849.5,1300.0,,729.5
06/03/2026,June,2026,864.5,1342.5,,736.5
06/04/2026,June,2026,859.0,1332.5,,718.5
06/05/2026,June,2026,855.5,1304.0,,704.0
06/08/2026,June,2026,857.5,1302.0,,710.0
06/09/2026,June,2026,845.0,1286.5,,693.5
06/10/2026,June,2026,834.0,1263.5,,690.0
06/11/2026,June,2026,820.0,1258.0,,682.5
06/12/2026,June,2026,805.0,1224.5,,661.5
06/15/2026,June,2026,784.5,1186.5,,639.0
06/16/2026,June,2026,757.5,1155.5,,616.5
06/17/2026,June,2026,742.0,1133.0,,591.0
06/18/2026,June,2026,738.5,1122.5,,578.5
06/19/2026,June,2026,736.0,1127.5,,570.0
06/22/2026,June,2026,734.5,1131.5,,585.5
06/23/2026,June,2026,723.5,1118.5,,574.0
06/24/2026,June,2026,722.0,1112.0,,561.5
06/25/2026,June,2026,709.0,1105.5,,547.5
06/26/2026,June,2026,707.0,1110.5,,546.5
06/29/2026,June,2026,706.5,1120.0,,548.0
06/30/2026,June,2026,700.5,1128.0,,547.5
07/01/2026,July,2026,690.5,1129.5,,542.5
07/02/2026,July,2026,685.0,1114.5,,527.5
07/03/2026,July,2026,684.5,1114.5,,531.0
07/06/2026,July,2026,676.0,1110.0,,530.5
07/07/2026,July,2026,676.5,1114.0,,526.5
07/08/2026,July,2026,693.5,1135.0,,551.0
07/09/2026,July,2026,712.5,1167.5,,555.5
07/10/2026,July,2026,711.5,1166.0,,552.5
07/13/2026,July,2026,724.5,1175.5,,564.5
07/14/2026,July,2026,758.5,1229.0,,607.5
07/15/2026,July,2026,777.0,1262.0,,612.0
07/16/2026,July,2026,782.0,1248.0,,613.5
07/17/2026,July,2026,782.0,1275.0,,613.5
07/20/2026,July,2026,793.0,1297.5,,630.5
07/21/2026,July,2026,793.0,1292.0,,617.5
07/22/2026,July,2026,809.5,1322.5,,643.5
07/23/2026,July,2026,831.5,1340.0,,652.0
07/24/2026,July,2026,835.5,1358.5,,657.0
07/27/2026,July,2026,825.0,1335.5,,640.5
07/28/2026,July,2026,805.0,1311.0,,625.0
07/29/2026,July,2026,807.5,1341.0,,624.5
07/30/2026,July,2026,815.0,1350.0,,636.5
07/31/2026,July,2026,814.5,1354.0,,627.5
08/03/2026,August,2026,810.0,1330.5,,620.5
08/04/2026,August,2026,806.5,1312.0,,620.0
08/05/2026,August,2026,791.5,1272.5,,598.0
08/06/2026,August,2026,789.0,1272.0,,604.5
08/07/2026,August,2026,794.5,1288.0,,611.5
08/08/2026,August,2026,806.0,1321.5,,622.0
08/11/2026,August,2026,823.5,1391.0,,636.5
08/12/2026,August,2026,820.5,1374.0,,629.5
08/13/2026,August,2026,814.5,1373.0,,629.5
08/14/2026,August,2026,813.0,1368.0,,629.0
08/17/2026,August,2026,817.0,1373.0,,634.5
08/18/2026,August,2026,821.0,1390.0,,644.0
08/19/2026,August,2026,823.0,1400.5,,652.0
08/20/2026,August,2026,825.0,1396.0,,657.0
08/21/2026,August,2026,823.5,1395.0,,653.5
08/24/2026,August,2026,820.5,1389.0,,650.0
08/25/2026,August,2026,811.5,1371.0,,636.5
08/26/2026,August,2026,794.5,1341.0,,625.0
