id,unit,rate_type,rate_subtype,route,count,min_date,max_date
801,usd,BULK,TC,Panamax (75 000 dwt),2294,1970-01-01,2026-08-05
800,usd,BULK,TC,Capesize (180 000 dwt),2212,1977-01-26,2026-08-05
43,usd,BULK,TC,Supramax (58 000 dwt),1146,2004-01-07,2026-08-05
222,usd,BULK,TC,Newcastlemax (208 000 dwt),325,2020-03-02,2026-08-05
223,usd,BULK,TC,Kamsarmax (82 000 dwt),323,2020-03-02,2026-08-05
224,usd,BULK,TC,Ultramax (64 000 dwt),321,2020-03-02,2026-08-05
11336,usd,BULK,TC,Handysize (38 000 dwt),138,2023-10-18,2026-08-05
11356,usd,BULK,TC,Capesize (182 000 dwt),27,2026-02-04,2026-08-05
1550,usd,LNG,BROKER,2005 Built 145km3 Steam,1076,2005-12-29,2026-08-05
1502,usd,LNG,BROKER,Pacific Ocean,1074,2005-12-29,2026-08-05
1501,usd,LNG,BROKER,Atlantic Ocean,1044,2005-12-29,2026-08-05
1535,usd,LNG,BROKER,Spot Rates West 138-145Kcbm ST,971,2005-01-06,2023-09-27
1517,usd,LNG,CALCULATED,Avg. Spot Rate 138-145k ST,945,2005-01-06,2023-02-27
1505,usd,LNG,BROKER,1 yr TC 138-145k ST,923,2006-01-06,2023-09-27
1500,usd,LNG,CALCULATED,# Available Vessels,889,2005-12-29,2023-02-27
59,usd,LNG,BROKER,1 yr TC 155-165k TFDE,779,2011-09-01,2026-08-05
1504,usd,LNG,BROKER,1 yr TC 120-130k 1st Gen.,779,2011-09-01,2026-08-05
1516,usd,LNG,BROKER,Avg. Spot Rate 120-130k 1st Gen.,779,2011-09-01,2026-08-05
1524,usd,LNG,MARKET,HHUB,682,2010-01-06,2023-03-08
1526,usd,LNG,MARKET,NBP,681,2010-01-06,2023-03-08
1521,usd,LNG,CALCULATED,F.E. Delivered,680,2010-01-06,2023-02-27
1538,usd,LNG,CALCULATED,Theoretical Arbitrage JKM vs 115% HH (US$/MMBtu),680,2010-01-06,2023-02-27
1539,usd,LNG,CALCULATED,Theoretical Arbitrage JKM vs NBP (US$/MMBtu),680,2010-01-06,2023-02-27
1540,usd,LNG,CALCULATED,Theoretical Arbitrage NBP vs 115% HH (US$/MMBtu),680,2010-01-06,2023-02-27
54,usd,LNG,BROKER,Spot Rates East 138-145Kcbm ST,658,2010-10-13,2023-09-27
55,usd,LNG,BROKER,Spot West 155-165 TFDE,658,2013-12-29,2026-08-05
1508,usd,LNG,BROKER,3 yr TC 155-165k TFDE,658,2013-12-29,2026-08-05
1510,usd,LNG,BROKER,5 yr TC 155-165k TFDE,658,2013-12-29,2026-08-05
1533,usd,LNG,BROKER,Spot East 155-165 TFDE,658,2013-12-29,2026-08-05
1525,usd,LNG,BROKER,NB Cost 174k MEGI/XDF,657,2013-12-29,2026-08-05
1518,usd,LNG,CALCULATED,Avg. Spot Rate 155-165k TFDE,599,2011-09-01,2023-02-27
1537,usd,LNG,CALCULATED,TFDE/ST Diff.,594,2011-09-01,2023-02-27
1522,usd,LNG,MARKET,fe_bid,574,2012-01-07,2023-03-08
1523,usd,LNG,MARKET,fe_offer,574,2012-01-07,2023-03-08
1549,usd,LNG,BROKER,2015 Built 160km3 TFDE,525,2016-07-21,2026-08-05
1503,usd,LNG,BROKER,Indian Ocean,521,2015-09-29,2026-08-05
1513,usd,LNG,MARKET,argus,502,2012-12-08,2023-03-08
1545,usd,LNG,BROKER,80km3 LNGC NB Price,501,2017-01-05,2026-08-05
1546,usd,LNG,BROKER,30km3 LNGC NB Price,501,2017-01-05,2026-08-05
1547,usd,LNG,BROKER,7.5km3 LNGC NB Price,501,2017-01-05,2026-08-05
1534,usd,LNG,BROKER,Spot East 174k 2-stroke,449,2018-01-06,2026-08-05
1536,usd,LNG,BROKER,Spot West 174k 2-stroke,448,2018-01-06,2026-08-05
1520,usd,LNG,BROKER,Ballast bonus Sentiment (1 - 10),438,2015-09-01,2024-01-17
1506,usd,LNG,BROKER,1 yr TC MEGI / XDF,417,2018-08-18,2026-08-05
1509,usd,LNG,BROKER,3 yr TC MEGI / XDF,417,2018-08-18,2026-08-05
1511,usd,LNG,BROKER,5 yr TC MEGI / XDF,417,2018-08-18,2026-08-05
1553,usd,LNG,BROKER,OPEX,392,2019-01-06,2026-08-05
1548,usd,LNG,BROKER,2020 Built 174km3 (2-stroke),371,2019-07-01,2026-08-05
1551,usd,LNG,BROKER,7 years TC Rate Modern 174km3 LNGC,339,2020-02-10,2026-08-05
1552,usd,LNG,BROKER,Interest Rate,333,2020-03-16,2026-08-05
1554,usd,LNG,CALCULATED,10 year TC Rate Newbuilding 174km3 LNGC,331,2020-03-16,2026-07-30
1519,usd,LNG,CALCULATED,Avg. Spot Rate MEGI / XDF,270,2018-01-05,2023-02-27
1555,usd,LNG,BROKER,TCE Australia to JKTC,269,2021-06-07,2026-08-05
1556,usd,LNG,BROKER,TCE US Gulf to Europe,269,2021-06-07,2026-08-05
1557,usd,LNG,BROKER,TCE US Gulf to JKTC,269,2021-06-07,2026-08-05
1514,usd,LNG,MARKET,argus_bid,209,2019-02-11,2023-03-08
1515,usd,LNG,MARKET,argus_offer,209,2019-02-11,2023-03-08
1544,usd,LNG,BROKER,FSRU NB Price,201,2022-10-03,2026-08-05
11330,usd,LNG,BROKER,Spot East 138 ST,149,2023-10-04,2026-08-05
11331,usd,LNG,BROKER,Spot East 145 ST,149,2023-10-04,2026-08-05
11332,usd,LNG,BROKER,Spot West 138 ST,149,2023-10-04,2026-08-05
11333,usd,LNG,BROKER,Spot West 145 ST,149,2023-10-04,2026-08-05
11334,usd,LNG,BROKER,1 yr TC 138k ST,149,2023-10-04,2026-08-05
11335,usd,LNG,BROKER,1 yr TC 145k ST,149,2023-10-04,2026-08-05
11339,usd,LNG,BROKER,Ballast bonus Sentiment (1 - 10) East,133,2024-01-24,2026-08-05
11340,usd,LNG,BROKER,Ballast bonus Sentiment (1 - 10) West,132,2024-01-24,2026-08-05
1541,usd,LNG,MARKET,TTF,120,2019-02-11,2021-06-02
11342,usd,LNG,BROKER,Spot Middle-East 138 ST,75,2025-03-05,2026-08-05
11343,usd,LNG,BROKER,Spot Middle-East 145 ST,75,2025-03-05,2026-08-05
11344,usd,LNG,BROKER,Spot Middle-East 155-165 TFDE,75,2025-03-05,2026-08-05
11345,usd,LNG,BROKER,Spot Middle-East 174k 2-stroke,75,2025-03-05,2026-08-05
11346,usd,LNG,BROKER,Ballast bonus Sentiment (1 - 10) Middle East,75,2025-03-05,2026-08-05
11409,usd,LNG,BROKER,2025 Built 174km3 (2-stroke),7,2026-06-24,2026-08-05
11401,usd,LNG,SPOT-DAILY,West 2-STR,2,2026-05-08,2026-05-12
11402,usd,LNG,SPOT-DAILY,West TFDE,2,2026-05-08,2026-05-12
11403,usd,LNG,SPOT-DAILY,West ST,2,2026-05-08,2026-05-12
11405,usd,LNG,SPOT-DAILY,East 2-STR,2,2026-05-08,2026-05-12
11406,usd,LNG,SPOT-DAILY,East TFDE,2,2026-05-08,2026-05-12
11407,usd,LNG,SPOT-DAILY,East ST,2,2026-05-08,2026-05-12
46,usd,LPG,SPOT,LGC (60 000 cbm),1150,2004-01-07,2026-08-05
53,usd,LPG,SPOT,COASTER Europe (3 500-5 000 cbm),1149,2004-01-07,2026-08-05
47,usd,LPG,SPOT,MGC (38 000 cbm),1148,2004-01-07,2026-08-05
51,usd,LPG,SPOT,SR (6 500 cbm),1148,2004-01-07,2026-08-05
50,usd,LPG,SPOT,ETH (8-12 000 cbm),1146,2004-01-07,2026-08-05
11320,usd,LPG,BLPG,BLPG,1134,2019-01-02,2023-07-18
62,usd,LPG,LPG/FOB-PROPANE,Saudi Arabia/CP,1099,2005-01-05,2026-08-05
63,usd,LPG,LPG/FOB-BUTANE,Saudi Arabia/CP,1099,2005-01-05,2026-08-05
65,usd,LPG,LPG/FOB-PROPANE,MT Belvieu (US Gulf),1099,2005-01-05,2026-08-05
66,usd,LPG,LPG/FOB-BUTANE,MT Belvieu (US Gulf),1099,2005-01-05,2026-08-05
60,usd,LPG,LPG/FOB-PROPANE,FOB North Sea/ANSI,1098,2005-01-05,2026-08-05
61,usd,LPG,LPG/FOB-BUTANE,FOB North Sea/ANSI,1098,2005-01-05,2026-08-05
68,usd,LPG,LPG/FOB-PROPANE,Sonatrach/Bethioua,1098,2005-01-05,2026-08-05
69,usd,LPG,LPG/FOB-BUTANE,Sonatrach/Bethioua,1097,2005-01-05,2026-08-05
52,usd,LPG,SPOT,COASTER Asia,1077,2004-01-07,2025-04-02
44,usd,LPG,SPOT,VLGC (84 000 cbm),1069,2005-08-31,2026-08-05
48,usd,LPG,SPOT,HDY SR (20-22 000 cbm),945,2008-01-02,2026-08-05
11317,usd,LPG,BLPG,BLPG-2,820,2020-04-01,2023-07-18
11321,usd,LPG,BLPG,BLPG-3,627,2021-01-12,2023-07-18
49,usd,LPG,SPOT,HDY ETH (21-22 000 cbm),430,2018-01-24,2026-08-05
821,usd,LPG,TC,VLGC 84 000 cbm,355,2019-07-01,2026-08-05
822,usd,LPG,TC,MGC 38 000 cbm,354,2019-07-01,2026-08-05
823,usd,LPG,TC,HDY S/R 20-22 000 cbm,353,2019-07-01,2026-08-05
11315,usd,LPG,BLPG-EQ,BLPG Equivalent Rate Houston/Chiba via CGH,30,2023-02-13,2023-03-24
11316,usd,LPG,BLPG-EQ,BLPG Equivalent Rate Houston/Chiba via Panama,30,2023-02-13,2023-03-24
11318,usd,LPG,BLPG-TCE,BLPG-2 TCE per Day (VLSFO),30,2023-02-13,2023-03-24
11319,usd,LPG,BLPG-TCE,BLPG-2 TCE per Month (VLSFO),30,2023-02-13,2023-03-24
74,usd,NEWBUILDING,PRICES,Newcastlemax,1135,2004-01-01,2026-08-05
70,usd,NEWBUILDING,PRICES,VLCC,1134,2004-01-07,2026-08-05
77,usd,NEWBUILDING,PRICES,LNGC (MEGI) (cbm),746,2010-10-13,2026-08-05
135,usd,NEWBUILDING,PRICES,Product,745,1970-12-01,2026-08-05
136,usd,NEWBUILDING,PRICES,Aframax,744,1970-12-01,2026-08-05
137,usd,NEWBUILDING,PRICES,Suezmax,739,1975-12-01,2026-08-05
75,usd,NEWBUILDING,PRICES,Kamsarmax,553,2004-01-01,2026-08-05
76,usd,NEWBUILDING,PRICES,Ultramax,553,2004-01-01,2026-08-05
11347,usd,NEWBUILDING,PRICES,"VLGC: 88,000 cbm Panamax, LPG DF",39,2025-11-04,2026-08-05
11348,usd,NEWBUILDING,PRICES,"MGC: 40,000 cbm, LPG DF",39,2025-11-04,2026-08-05
11349,usd,NEWBUILDING,PRICES,"1,900 TEU",39,2025-11-03,2026-08-05
11350,usd,NEWBUILDING,PRICES,"3,100 TEU",39,2025-11-03,2026-08-05
11351,usd,NEWBUILDING,PRICES,"7,000 TEU",39,2025-11-03,2026-08-05
11352,usd,NEWBUILDING,PRICES,"9,000 TEU, LNG DF",39,2025-11-03,2026-08-05
11353,usd,NEWBUILDING,PRICES,"16,000 TEU, LNG DF",39,2025-11-03,2026-08-05
11354,usd,NEWBUILDING,PRICES,"21,000 TEU, LNG DF",39,2025-11-03,2026-08-05
11355,usd,NEWBUILDING,PRICES,"4,500 TEU",37,2025-11-17,2026-08-05
810,usd,S&P,WET-5,Aframax / LR2,898,1976-01-01,2026-08-05
811,usd,S&P,WET-5,Suezmax,898,1976-01-01,2026-08-05
808,usd,S&P,WET-5,MR,897,1976-01-01,2026-08-05
83,usd,S&P,DRY-5,Kamsarmax,872,1976-01-01,2026-02-04
82,usd,S&P,DRY-5,Capesize,860,1977-01-01,2026-02-04
88,usd,S&P,WET-10,MR,778,1977-12-01,2026-08-05
815,usd,S&P,WET-10,Aframax / LR2,778,1977-12-01,2026-08-05
816,usd,S&P,WET-10,Suezmax,778,1977-12-01,2026-08-05
812,usd,S&P,WET-5,VLCC,755,1977-12-01,2026-08-05
89,usd,S&P,DRY-10,Capesize,741,1986-12-01,2026-02-04
91,usd,S&P,DRY-10,Ultramax,632,1995-12-01,2026-02-04
84,usd,S&P,DRY-5,Ultramax,512,2006-01-01,2026-02-04
90,usd,S&P,DRY-10,Kamsarmax,512,2006-01-01,2026-02-04
817,usd,S&P,WET-10,VLCC,440,2014-03-01,2026-08-05
9714,usd,S&P,WET-RESALE,VLCC,305,2020-01-27,2026-08-05
9715,usd,S&P,WET-RESALE,Suezmax,305,2020-01-27,2026-08-05
9716,usd,S&P,WET-RESALE,Aframax / LR2,305,2020-01-27,2026-08-05
9717,usd,S&P,WET-RESALE,MR,304,2020-01-27,2026-08-05
9718,usd,S&P,DRY-RESALE,Kamsarmax,279,2020-01-27,2026-02-04
9719,usd,S&P,DRY-RESALE,Newcastlemax,279,2020-01-27,2026-02-04
9720,usd,S&P,DRY-RESALE,Ultramax,279,2020-01-27,2026-02-04
11337,usd,S&P,DRY-5,Handysize,115,2023-10-18,2026-02-04
11338,usd,S&P,DRY-10,Handysize,115,2023-10-18,2026-02-04
11367,usd,S&P,DRY-10-CN,Newcastlemax (Chinese),27,2026-02-04,2026-08-05
11368,usd,S&P,DRY-10-JP,Newcastlemax (Japanese),27,2026-02-04,2026-08-05
11369,usd,S&P,DRY-10-CN,Capesize (Chinese),27,2026-02-04,2026-08-05
11370,usd,S&P,DRY-10-JP,Capesize (Japanese),27,2026-02-04,2026-08-05
11371,usd,S&P,DRY-10-CN,Kamsarmax (Chinese),27,2026-02-04,2026-08-05
11372,usd,S&P,DRY-10-JP,Kamsarmax (Japanese),27,2026-02-04,2026-08-05
11373,usd,S&P,DRY-10-CN,Ultramax (Chinese),27,2026-02-04,2026-08-05
11374,usd,S&P,DRY-10-JP,Ultramax (Japanese),27,2026-02-04,2026-08-05
11375,usd,S&P,DRY-10-CN,Handysize (Chinese),27,2026-02-04,2026-08-05
11376,usd,S&P,DRY-10-JP,Handysize (Japanese),27,2026-02-04,2026-08-05
11377,usd,S&P,DRY-5-CN,Newcastlemax (Chinese),27,2026-02-04,2026-08-05
11378,usd,S&P,DRY-5-JP,Newcastlemax (Japanese),27,2026-02-04,2026-08-05
11379,usd,S&P,DRY-5-CN,Capesize (Chinese),27,2026-02-04,2026-08-05
11380,usd,S&P,DRY-5-JP,Capesize (Japanese),27,2026-02-04,2026-08-05
11381,usd,S&P,DRY-5-CN,Kamsarmax (Chinese),27,2026-02-04,2026-08-05
11382,usd,S&P,DRY-5-JP,Kamsarmax (Japanese),27,2026-02-04,2026-08-05
11383,usd,S&P,DRY-5-CN,Ultramax (Chinese),27,2026-02-04,2026-08-05
11384,usd,S&P,DRY-5-JP,Ultramax (Japanese),27,2026-02-04,2026-08-05
11385,usd,S&P,DRY-5-CN,Handysize (Chinese),27,2026-02-04,2026-08-05
11386,usd,S&P,DRY-5-JP,Handysize (Japanese),27,2026-02-04,2026-08-05
11387,usd,S&P,DRY-RESALE-CN,Newcastlemax (Chinese),27,2026-02-04,2026-08-05
11388,usd,S&P,DRY-RESALE-JP,Newcastlemax (Japanese),27,2026-02-04,2026-08-05
11389,usd,S&P,DRY-RESALE-CN,Capesize (Chinese),27,2026-02-04,2026-08-05
11390,usd,S&P,DRY-RESALE-JP,Capesize (Japanese),27,2026-02-04,2026-08-05
11391,usd,S&P,DRY-RESALE-CN,Kamsarmax (Chinese),27,2026-02-04,2026-08-05
11392,usd,S&P,DRY-RESALE-JP,Kamsarmax (Japanese),27,2026-02-04,2026-08-05
11393,usd,S&P,DRY-RESALE-CN,Ultramax (Chinese),27,2026-02-04,2026-08-05
11394,usd,S&P,DRY-RESALE-JP,Ultramax (Japanese),27,2026-02-04,2026-08-05
11395,usd,S&P,DRY-RESALE-CN,Handysize (Chinese),27,2026-02-04,2026-08-05
11396,usd,S&P,DRY-RESALE-JP,Handysize (Japanese),27,2026-02-04,2026-08-05
11399,usd,S&P,DRY-10-CN,Panamax (Chinese),27,2026-02-04,2026-08-05
11400,usd,S&P,DRY-10-JP,Panamax (Japanese),27,2026-02-04,2026-08-05
11357,usd,S&P,DRY-15-CN,Newcastlemax (Chinese),25,2026-02-18,2026-08-05
11358,usd,S&P,DRY-15-JP,Newcastlemax (Japanese),25,2026-02-18,2026-08-05
11359,usd,S&P,DRY-15-CN,Capesize (Chinese),25,2026-02-18,2026-08-05
11360,usd,S&P,DRY-15-JP,Capesize (Japanese),25,2026-02-18,2026-08-05
11361,usd,S&P,DRY-15-CN,Kamsarmax (Chinese),25,2026-02-18,2026-08-05
11362,usd,S&P,DRY-15-JP,Kamsarmax (Japanese),25,2026-02-18,2026-08-05
11363,usd,S&P,DRY-15-CN,Ultramax (Chinese),25,2026-02-18,2026-08-05
11364,usd,S&P,DRY-15-JP,Ultramax (Japanese),25,2026-02-18,2026-08-05
11365,usd,S&P,DRY-15-CN,Handysize (Chinese),25,2026-02-18,2026-08-05
11366,usd,S&P,DRY-15-JP,Handysize (Japanese),25,2026-02-18,2026-08-05
11397,usd,S&P,DRY-15-CN,Panamax (Chinese),25,2026-02-18,2026-08-05
11398,usd,S&P,DRY-15-JP,Panamax (Japanese),25,2026-02-18,2026-08-05
340,ws,TANK,VLCC,MEG/FEAST,2174,2018-05-18,2026-08-07
560,ws,TANK,Aframax,CBS/USG,2173,2018-05-18,2026-08-07
356,ws,TANK,VLCC,WAFR/FEAST,2172,2018-05-18,2026-08-07
352,ws,TANK,VLCC,WAFR/USG,2161,2018-05-18,2026-08-07
348,ws,TANK,VLCC,WAFR/UKC,2159,2018-05-18,2026-08-07
578,usd,TANK,Fuel Oil VLCC,CBS-USG/SPORE,2159,2018-05-18,2026-08-07
373,usd,TANK,VLCC,NSEA/FEAST,2156,2018-05-18,2026-08-07
476,ws,TANK,Aframax,WCN/UKC,2152,2018-05-18,2026-08-07
377,usd,TANK,VLCC,NSEA/WCI,2151,2018-05-18,2026-08-07
385,usd,TANK,VLCC,EAST DEMURRAGE,2151,2018-05-18,2026-08-07
381,usd,TANK,VLCC,WEST DEMURRAGE,2150,2018-05-18,2026-08-07
360,ws,TANK,VLCC,CEYHAN/USG,2149,2018-05-18,2026-08-07
576,usd,TANK,Fuel Oil VLCC,SKAW/SPORE,2149,2018-05-18,2026-08-07
344,ws,TANK,VLCC,MEG/USG,2148,2018-05-18,2026-08-07
480,ws,TANK,Aframax,WCN/MED,2148,2018-05-18,2026-08-07
365,usd,TANK,VLCC,CEYHAN/FEAST,2146,2018-05-18,2026-08-07
368,ws,TANK,VLCC,NSEA/USG,2145,2018-05-18,2026-08-07
472,ws,TANK,Aframax,WCN/USG,2140,2018-05-18,2026-08-07
508,ws,TANK,Aframax,CEYHAN/MED,2140,2018-05-18,2026-08-07
485,usd,TANK,Aframax,UKC/WCI,2133,2018-05-18,2026-08-07
512,ws,TANK,Aframax,CEYHAN/UKC,2130,2018-05-18,2026-08-07
504,ws,TANK,Aframax,BLSEA/MED,2124,2018-05-18,2026-08-07
516,ws,TANK,Aframax,CEYHAN/USG,2117,2018-05-18,2026-08-07
528,ws,TANK,Aframax,WAF/USG,2116,2018-05-18,2026-08-07
488,ws,TANK,Aframax,PRIMORSK/UKC,2098,2018-05-18,2026-08-07
492,ws,TANK,Aframax,PRIMORSK/USAC,2098,2018-05-18,2026-08-07
520,ws,TANK,Aframax,BLSEA/USG,2090,2018-05-18,2026-08-07
416,ws,TANK,Suezmax,WAFR/UKC,2046,2018-05-18,2026-08-07
412,ws,TANK,Suezmax,WAFR/USG,2037,2018-05-18,2026-08-07
448,ws,TANK,Suezmax,CROSS NSEA,2027,2018-05-18,2026-08-07
440,ws,TANK,Suezmax,BLSEA/MED,2008,2018-05-18,2026-08-07
444,ws,TANK,Suezmax,CROSS MED,1995,2018-05-18,2026-08-07
452,ws,TANK,Suezmax,CEYHAN/UKC,1990,2018-05-18,2026-08-07
580,usd,TANK,Fuel Oil SUEZ,SKAW/SPORE,1984,2018-05-18,2026-08-07
421,usd,TANK,Suezmax,WAFR/WCI,1981,2018-05-18,2026-08-07
461,usd,TANK,Suezmax,WEST DEMURRAGE,1977,2018-05-18,2026-08-07
424,ws,TANK,Suezmax,NSEA/USG,1976,2018-05-18,2026-08-07
432,ws,TANK,Suezmax,CEYHAN/USG,1969,2018-05-18,2026-08-07
396,ws,TANK,Suezmax,BOT(L)/UKCM,1968,2018-05-18,2026-08-07
404,ws,TANK,Suezmax,MEG/EAST (+15 YR),1968,2018-05-18,2026-08-07
400,ws,TANK,Suezmax,BOT(H)/UKCM,1964,2018-05-18,2026-08-07
408,ws,TANK,Suezmax,MEG/EAST (MODERN),1964,2018-05-18,2026-08-07
457,usd,TANK,Suezmax,CEYHAN/WCI,1964,2018-05-18,2026-08-07
429,usd,TANK,Suezmax,NSEA/WCI,1963,2018-05-18,2026-08-07
582,usd,TANK,Fuel Oil SUEZ,CBS-USG/SPORE,1951,2018-05-18,2026-08-07
465,usd,TANK,Suezmax,EAST DEMURRAGE,1950,2018-05-18,2026-08-07
436,ws,TANK,Suezmax,NOVO/USG,1863,2018-05-18,2026-08-07
392,ws,TANK,VLCC,WAFR/THAILAND,1810,2019-08-16,2026-08-07
389,usd,TANK,VLCC,USG/THAILAND,1806,2019-08-16,2026-08-07
309,ws,TANK,SUEZMAX-MARKET,BITR-1,1773,2018-05-17,2023-05-22
312,tce,TANK,SUEZMAX-MARKET,BITR-2,1759,2018-05-29,2023-04-25
569,usd,TANK,Aframax,FEAST/THAILAND,1695,2019-08-16,2026-08-07
468,ws,TANK,Suezmax,WAFR/THAILAND,1675,2019-08-16,2026-08-07
556,ws,TANK,Aframax,USG/UKCM,1659,2020-03-19,2026-08-07
565,usd,TANK,Aframax,DEMURRAGE CBS/USG,1655,2020-03-18,2026-08-07
497,usd,TANK,Aframax,DEMURRAGE NSEA,1638,2020-03-18,2026-08-07
524,ws,TANK,Aframax,WAF/UKCM,1614,2020-03-18,2026-08-07
311,ws,TANK,SUEZMAX-MARKET,BITR-2,1594,2018-12-08,2023-05-22
549,usd,TANK,Aframax,DEMURRAGE MED,1584,2020-03-19,2026-08-07
553,usd,TANK,Aframax,DEMURRAGE BSEA,1582,2020-03-20,2026-08-07
501,usd,TANK,Aframax,DEMURRAGE BALTIC,1580,2020-03-18,2026-08-07
533,usd,TANK,Aframax,MINA AL AHMADI/SINGAPORE,1565,2020-04-15,2026-08-07
545,usd,TANK,Aframax,DEMURRAGE EAST,1527,2020-04-15,2026-08-07
541,usd,TANK,Aframax,SERIA/GEELONG,1521,2020-04-15,2026-08-07
310,tce,TANK,SUEZMAX-MARKET,BITR-1,1463,2019-04-04,2023-04-25
537,usd,TANK,Aframax,KOZMINO/NORTH CHINA,1436,2020-05-25,2026-08-07
342,tce,TANK,VLCC,MEG/FEAST,1353,2018-05-18,2023-04-25
346,tce,TANK,VLCC,MEG/USG,1353,2018-05-18,2023-04-25
350,tce,TANK,VLCC,WAFR/UKC,1353,2018-05-18,2023-04-25
354,tce,TANK,VLCC,WAFR/USG,1353,2018-05-18,2023-04-25
358,tce,TANK,VLCC,WAFR/FEAST,1353,2018-05-18,2023-04-25
362,tce,TANK,VLCC,CEYHAN/USG,1353,2018-05-18,2023-04-25
366,tce,TANK,VLCC,CEYHAN/FEAST,1353,2018-05-18,2023-04-25
370,tce,TANK,VLCC,NSEA/USG,1353,2018-05-18,2023-04-25
374,tce,TANK,VLCC,NSEA/FEAST,1353,2018-05-18,2023-04-25
378,tce,TANK,VLCC,NSEA/WCI,1353,2018-05-18,2023-04-25
382,tce,TANK,VLCC,WEST DEMURRAGE,1353,2018-05-18,2023-04-25
386,tce,TANK,VLCC,EAST DEMURRAGE,1353,2018-05-18,2023-04-25
398,tce,TANK,Suezmax,BOT(L)/UKCM,1353,2018-05-18,2023-04-25
402,tce,TANK,Suezmax,BOT(H)/UKCM,1352,2018-05-18,2023-04-25
406,tce,TANK,Suezmax,MEG/EAST (+15 YR),1352,2018-05-18,2023-04-25
410,tce,TANK,Suezmax,MEG/EAST (MODERN),1352,2018-05-18,2023-04-25
414,tce,TANK,Suezmax,WAFR/USG,1352,2018-05-18,2023-04-25
418,tce,TANK,Suezmax,WAFR/UKC,1352,2018-05-18,2023-04-25
422,tce,TANK,Suezmax,WAFR/WCI,1352,2018-05-18,2023-04-25
426,tce,TANK,Suezmax,NSEA/USG,1352,2018-05-18,2023-04-25
430,tce,TANK,Suezmax,NSEA/WCI,1352,2018-05-18,2023-04-25
434,tce,TANK,Suezmax,CEYHAN/USG,1352,2018-05-18,2023-04-25
438,tce,TANK,Suezmax,NOVO/USG,1352,2018-05-18,2023-04-25
442,tce,TANK,Suezmax,BLSEA/MED,1352,2018-05-18,2023-04-25
446,tce,TANK,Suezmax,CROSS MED,1352,2018-05-18,2023-04-25
450,tce,TANK,Suezmax,CROSS NSEA,1352,2018-05-18,2023-04-25
454,tce,TANK,Suezmax,CEYHAN/UKC,1352,2018-05-18,2023-04-25
458,tce,TANK,Suezmax,CEYHAN/WCI,1352,2018-05-18,2023-04-25
462,tce,TANK,Suezmax,WEST DEMURRAGE,1352,2018-05-18,2023-04-25
466,tce,TANK,Suezmax,EAST DEMURRAGE,1352,2018-05-18,2023-04-25
474,tce,TANK,Aframax,WCN/USG,1352,2018-05-18,2023-04-25
478,tce,TANK,Aframax,WCN/UKC,1352,2018-05-18,2023-04-25
482,tce,TANK,Aframax,WCN/MED,1352,2018-05-18,2023-04-25
486,tce,TANK,Aframax,UKC/WCI,1352,2018-05-18,2023-04-25
490,tce,TANK,Aframax,PRIMORSK/UKC,1352,2018-05-18,2023-04-25
494,tce,TANK,Aframax,PRIMORSK/USAC,1352,2018-05-18,2023-04-25
506,tce,TANK,Aframax,BLSEA/MED,1352,2018-05-18,2023-04-25
510,tce,TANK,Aframax,CEYHAN/MED,1352,2018-05-18,2023-04-25
514,tce,TANK,Aframax,CEYHAN/UKC,1352,2018-05-18,2023-04-25
518,tce,TANK,Aframax,CEYHAN/USG,1352,2018-05-18,2023-04-25
522,tce,TANK,Aframax,BLSEA/USG,1351,2018-05-18,2023-04-25
530,tce,TANK,Aframax,WAF/USG,1351,2018-05-18,2023-04-25
562,tce,TANK,Aframax,CBS/USG,1351,2018-05-18,2023-04-25
572,ws,TANK,Aframax,PRIMORSK/MED,1177,2021-06-08,2026-08-07
313,ws,TANK,SUEZMAX-MARKET,BITR-3,1119,2020-04-01,2023-05-22
314,tce,TANK,SUEZMAX-MARKET,BITR-3,1115,2020-04-01,2023-04-25
9724,tce,TANK,BALTIC INDEX,BALT/UKC,1050,2019-02-12,2023-04-25
9725,tce,TANK,BALTIC INDEX,MEG/CHINA,1050,2019-02-12,2023-04-25
9726,ws,TANK,BALTIC INDEX,MEG/USG,1050,2019-02-12,2023-04-25
9727,ws,TANK,BALTIC INDEX,WAFR/CHINA,1050,2019-02-12,2023-04-25
9728,tce,TANK,BALTIC INDEX,WAFR/CHINA,1050,2019-02-12,2023-04-25
9729,ws,TANK,BALTIC INDEX,NSEA/UKC,1050,2019-02-12,2023-04-25
9730,tce,TANK,BALTIC INDEX,NSEA/UKC,1050,2019-02-12,2023-04-25
9731,ws,TANK,BALTIC INDEX,BLSEA/MED,1050,2019-02-12,2023-04-25
9732,tce,TANK,BALTIC INDEX,BLSEA/MED,1050,2019-02-12,2023-04-25
9733,ws,TANK,BALTIC INDEX,CEYHAN/MED,1050,2019-02-12,2023-04-25
9734,tce,TANK,BALTIC INDEX,CEYHAN/MED,1050,2019-02-12,2023-04-25
9735,ws,TANK,BALTIC INDEX,BONNY/ROTT,1050,2019-02-12,2023-04-25
9736,tce,TANK,BALTIC INDEX,BONNY/ROTT,1050,2019-02-12,2023-04-25
9721,ws,TANK,BALTIC INDEX,MEG/CHINA,1043,2019-02-12,2023-04-25
9722,ws,TANK,BALTIC INDEX,BALT/UKC,1043,2019-02-12,2023-04-25
9723,tce,TANK,BALTIC INDEX,MEG/USG,1043,2019-02-12,2023-04-25
526,tce,TANK,Aframax,WAF/UKCM,844,2020-03-18,2023-04-25
558,tce,TANK,Aframax,USG/UKCM,843,2020-03-19,2023-04-25
538,tce,TANK,Aframax,KOZMINO/NORTH CHINA,791,2020-05-25,2023-04-25
318,ws,TANK,SUEZMAX-MARKET,BOT/WEST,742,2020-07-23,2023-04-25
320,ws,TANK,SUEZMAX-MARKET,MEG/EAST,742,2020-07-23,2023-04-25
11325,tce,TANK,VLCC-MARKET,BITR-1,520,2019-02-04,2023-04-25
11324,ws,TANK,VLCC-MARKET,BITR-3,519,2019-02-04,2023-04-24
11341,usd,TANK,Fuel Oil VLCC,USG/UKC,516,2024-07-18,2026-08-07
9744,ws,TANK,EQUINOR,PRIMORSK/MED,513,2021-06-01,2023-04-25
11326,tce,TANK,VLCC-MARKET,BITR-2,512,2019-02-04,2023-04-24
11327,tce,TANK,VLCC-MARKET,BITR-3,512,2019-02-04,2023-04-24
574,tce,TANK,Aframax,PRIMORSK/MED,505,2021-06-08,2023-04-25
9737,usd,TANK,BALTIC INDEX,TD-19-TCE,495,2021-06-01,2023-04-24
9738,usd,TANK,BALTIC INDEX,TD6-TCE,495,2021-06-01,2023-04-24
9739,usd,TANK,BALTIC INDEX,TD3C-TCE,495,2021-06-01,2023-04-24
9740,usd,TANK,BALTIC INDEX,TD17-TCE,495,2021-06-01,2023-04-24
9741,usd,TANK,BALTIC INDEX,TD1-TCE,495,2021-06-01,2023-04-24
9742,usd,TANK,BALTIC INDEX,TD7-TCE,495,2021-06-01,2023-04-24
9743,usd,TANK,BALTIC INDEX,TD-20-TCE,495,2021-06-01,2023-04-24
595,usd,TANK,1 Year T/C,VLCC,401,2017-07-10,2026-08-05
593,ws,TANK,Dirty,UK/Cont,387,2019-02-04,2026-08-05
594,ws,TANK,Dirty,Caribs/USG,387,2019-02-04,2026-08-05
585,usd,TANK,WEEKLY VLCC,VLCCs available in MEG next 30 days,386,2019-02-04,2026-08-05
586,ws,TANK,Dirty,MEG/WEST,386,2019-02-04,2026-08-05
589,ws,TANK,Dirty,WAF/FEAST,386,2019-02-04,2026-08-05
592,ws,TANK,Dirty,N. Afr/Euromed,386,2019-02-04,2026-08-05
584,usd,TANK,WEEKLY VLCC,VLCCs fixed in all areas last week,385,2019-02-04,2026-08-05
588,ws,TANK,Dirty,MEG/Singapore,385,2019-02-04,2026-08-05
587,ws,TANK,Dirty,MEG/Japan,384,2019-02-04,2026-08-05
591,ws,TANK,Dirty,Sidi Kerir/W Med,384,2019-02-04,2026-08-05
590,ws,TANK,Dirty,WAF/USAC,383,2019-02-04,2026-08-05
596,usd,TANK,1 Year T/C,Suezmax,383,2019-02-04,2026-08-05
597,usd,TANK,1 Year T/C,Aframax,381,2019-02-04,2026-08-05
11323,ws,TANK,VLCC-MARKET,BITR-2,327,2019-02-04,2023-04-24
11322,ws,TANK,VLCC-MARKET,BITR-1,310,2019-02-04,2023-04-24
11328,usd,TANK,VLCC-MARKET,BITR-4,1,2023-04-28,2023-04-28
11329,tce,TANK,VLCC-MARKET,BITR-4,1,2023-04-28,2023-04-28
339,usd,counts,BROKER,MEG Fixture Count,51,2022-06-01,2026-08-01
