fund,prev_date,date,nav_prev,nav_curr,mkt_curr,r_official_pct,r_futures_pct,r_market_pct,tracking_basis_pct,vm_retained_dollars,total_notional_prev_dollars,nav_status
BWET,2026-06-21,2026-06-22,,215.6,217.75,,0.6021443838621768,,,238.20599999999104,39559.615000000005,MISSING_NAV
BWET,2026-06-22,2026-06-23,215.6,200.79,205.80999755859372,-6.869202226345085,1.9173165977618731,-5.483353589624008,8.786518824106958,800.2130000000034,41736.091,AVAILABLE
BWET,2026-06-23,2026-06-24,200.79,176.94,167.5500030517578,-11.878081577767814,-5.223215914574995,-18.58995916655767,6.654865663192819,-2221.7630000000063,42536.304000000004,AVAILABLE
BWET,2026-06-24,2026-06-25,176.94,152.56,150.0,-13.778682039109299,-9.554142213110309,-10.474486858908888,4.224539825998991,-3938.8499999999913,41226.621,AVAILABLE
BWET,2026-06-25,2026-06-26,152.56,132.17,128.0,-13.365233350812805,-10.118814757048233,-14.666666666666666,3.2464185937645733,-3625.8329999999987,35832.586,AVAILABLE
BWET,2026-06-26,2026-06-29,132.17,161.4,154.1199951171875,22.11545736551413,-8.069065900116708,20.406246185302734,-30.184523265630837,-2331.880000000001,28899.008,AVAILABLE
BWET,2026-06-29,2026-06-30,161.4,151.43,148.3800048828125,-6.17719950433705,12.660536735472498,-3.7243644019132693,18.837736239809548,3363.541000000001,26567.128,AVAILABLE
BWET,2026-06-30,2026-07-01,151.43,152.12,148.97999572753906,0.45565607871623703,-5.486802388125486,0.40436098192638764,-5.942458466841724,-1135.3500000000022,20692.38,AVAILABLE
BWET,2026-07-01,2026-07-02,152.12,175.31,170.5500030517578,15.244543781225348,0.6119315447798414,14.478458815146494,-14.632612236445505,109.2400000000016,17851.670000000002,AVAILABLE
BWET,2026-07-02,2026-07-03,175.31,,,,12.942774057661888,,,2324.639999999992,17960.910000000003,MISSING_NAV
BWET,2026-07-03,2026-07-06,,170.5,170.0399932861328,,0.0,,,0.0,20285.549999999996,MISSING_NAV
BWET,2026-07-06,2026-07-07,170.5,179.96,177.60000610351562,5.548387096774198,-2.3672515657697177,4.446020416303646,-7.915638662543917,-480.2099999999991,20285.549999999996,AVAILABLE
BWET,2026-07-07,2026-07-08,179.96,207.61,208.17999267578125,15.364525450100025,5.402449648693699,17.218460316066558,-9.962075801406325,1179.1599999999926,21826.395000000004,AVAILABLE
BWET,2026-07-08,2026-07-09,207.61,204.23,199.42999267578125,-1.6280525986224283,13.589808589015542,-4.2030936246727695,15.217861187637972,2964.5949999999975,21814.84,AVAILABLE
BWET,2026-07-09,2026-07-10,204.23,205.8,203.3500061035156,0.7687411252019888,-1.3652555551814762,1.9656087708468297,-2.133996680383465,-381.1899999999987,27920.78,AVAILABLE
BWET,2026-07-10,2026-07-13,205.8,212.31,210.9600067138672,3.1632653061224447,0.6196175364687084,3.742316391413192,-2.5436477696537363,185.77499999999782,29982.204999999998,AVAILABLE
BWET,2026-07-13,2026-07-14,212.31,252.74,257.3500061035156,19.042908953888187,2.394912623746479,21.98994971239686,-16.647996330141705,693.4799999999959,28956.379999999997,AVAILABLE
BWET,2026-07-14,2026-07-15,252.74,231.77,230.02999877929688,-8.297064176624199,13.653808146143023,-10.615895347299755,21.950872322767225,4048.3350000000137,29649.859999999993,AVAILABLE
BWET,2026-07-15,2026-07-16,231.77,230.51,229.2700042724609,-0.5436424041075287,-5.910895227474353,-0.3303893017732637,-5.367252823366825,-1991.8650000000089,33698.19500000001,AVAILABLE
BWET,2026-07-16,2026-07-17,230.51,227.27,227.6300048828125,-1.405578933668813,-0.48329375436819577,-0.715313542585998,0.9222851793006172,-158.37299999998868,32769.51099999999,AVAILABLE
BWET,2026-07-17,2026-07-20,227.27,228.53,225.2400054931641,0.5544066528798305,-1.1360008893663276,-1.0499491887630623,-1.690407542246158,-398.9309999999896,35117.138,AVAILABLE
BWET,2026-07-20,2026-07-21,228.53,247.22,243.00999450683597,8.178357327265566,0.6104063792719631,7.889357387807018,-7.5679509479936025,221.24799999999232,36246.01700000001,AVAILABLE
BWET,2026-07-21,2026-07-22,247.22,242.2,238.00999450683597,-2.0305800501577584,6.927366228314629,-2.057528543279461,8.957946278472386,2526.2209999999977,36467.265,AVAILABLE
BWET,2026-07-22,2026-07-23,242.2,250.47,247.7400054931641,3.414533443435182,-1.7353231767993291,4.088068237003664,-5.149856620234511,-676.6630000000005,38993.486,AVAILABLE
BWET,2026-07-23,2026-07-24,250.47,241.49,240.2310028076172,-3.585259711741921,2.8127123169893355,-3.0310012590009814,6.397972028731257,1077.7419999999984,38316.823,AVAILABLE
BWET,2026-07-24,2026-07-27,241.49,239.82,242.1300048828125,-0.691540022361181,-2.9520027149238297,0.7904900087837868,-2.260462692562649,-1206.929999999993,40885.12499999999,AVAILABLE
BWET,2026-07-27,2026-07-28,239.82,240.7,238.05999755859372,0.3669418730714684,-0.5655852036616092,-1.6809182018513584,-0.9325270767330776,-224.41399999999703,39678.195,AVAILABLE
BWET,2026-07-28,2026-07-29,240.7,259.56,257.0,7.835479850436233,0.30593772495467714,7.955978591802084,-7.529542125481556,120.70399999999063,39453.781,AVAILABLE
BWET,2026-07-29,2026-07-30,259.56,264.67,263.9010009765625,1.968716289104644,6.362348356174382,2.68521438776751,4.393632067069738,2549.998999999989,40079.525,AVAILABLE
BWET,2026-07-30,2026-07-31,264.67,,268.489990234375,,1.5946990906142484,1.7389055899109895,,693.1070000000109,43463.18399999999,MISSING_NAV
BWET,2026-07-31,2026-08-03,,262.26,259.36700439453125,,0.3600984318425437,-3.39788676362942,,127.37800000000425,35373.106,MISSING_NAV
BWET,2026-08-03,2026-08-04,262.26,258.43,253.0,-1.4603828262029985,-1.278112151935726,-2.4548243557018536,0.18227067426727256,-453.73599999999715,35500.484000000004,AVAILABLE
BWET,2026-08-04,2026-08-05,258.43,255.18,257.1099853515625,-1.2575939325929653,-1.509634328663674,1.62450013895751,-0.25204039607070877,-572.413000000015,37917.32800000001,AVAILABLE
BWET,2026-08-05,2026-08-07,255.18,289.16,287.2049865722656,13.316090602711819,3.8306363592698927,11.705107905300666,-9.485454243441927,1559.1730000000025,40702.715,AVAILABLE
BWET,2026-08-07,2026-08-10,289.16,307.52,312.2200012207031,6.349425923364212,6.757963581750063,8.709812091700329,0.4085376583858519,2856.042999999998,42261.888,AVAILABLE
BWET,2026-08-10,2026-08-11,307.52,334.65,338.8299865722656,8.822190426638917,5.67848648721058,8.522831736443543,-3.1437039394283364,2662.112000000001,46880.66099999999,AVAILABLE
BWET,2026-08-11,2026-08-12,334.65,342.12,341.1430053710937,2.2321828776333565,7.403039389821804,0.682648788623302,5.170856512188447,3667.671000000002,49542.772999999994,AVAILABLE
BWET,2026-08-12,2026-08-13,342.12,,357.3349914550781,,2.577562978193393,4.746392518401739,,1743.3489999999874,67635.554,MISSING_NAV
