date,Name,Ticker,CUSIP,Lots,Price,Market_Value,Weightings
2026-06-21,TD3C FFA 270kt Middle East Gulf to China USD/MT M Jun 26,DD3CM M26 INDEX,DD3CM M26,111.0,87.565,9719715.0,33.22%
2026-06-21,TD3C FFA 270kt Middle East Gulf to China USD/MT M Jul 26,DD3CM N26 INDEX,DD3CM N26,140.0,80.805,11312700.0,38.66%
2026-06-21,TD3C FFA 270kt Middle East Gulf to China USD/MT M Aug 26,DD3CM Q26 INDEX,DD3CM Q26,140.0,62.063,8688820.0,29.69%
2026-06-21,TD3C FFA 270kt Middle East Gulf to China USD/MT M Sep 26,DD3CM U26 INDEX,DD3CM U26,140.0,50.911,7127540.0,24.36%
2026-06-21,TD20 FFA 130kt West Africa to Continent USD/MT M Jun 26,DD20M M26 INDEX,DD20M M26,5.0,29.114,145570.0,0.50%
2026-06-21,TD20 FFA 130kt West Africa to Continent USD/MT M Jul 26,DD20M N26 INDEX,DD20M N26,30.0,31.96,958800.0,3.28%
2026-06-21,TD20 FFA 130kt West Africa to Continent USD/MT M Aug 26,DD20M Q26 INDEX,DD20M Q26,30.0,28.426,852780.0,2.91%
2026-06-21,TD20 FFA 130kt West Africa to Continent USD/MT M Sep 26,DD20M U26 INDEX,DD20M U26,30.0,25.123,753690.0,2.58%
2026-06-21,Cash & Other,Cash&Other,Cash&Other,22905238.96,1.0,22905238.96,78.27%
2026-06-21,Invesco Government & Agency Portfolio 12/31/2031,AGPXX,825252885,6342688.44,100.0,6342688.44,21.67%
2026-06-22,TD3C FFA 270kt Middle East Gulf to China USD/MT M Jun 26,DD3CM M26 INDEX,DD3CM M26,111.0,87.561,9719271.0,30.76%
2026-06-22,TD3C FFA 270kt Middle East Gulf to China USD/MT M Jul 26,DD3CM N26 INDEX,DD3CM N26,150.0,81.515,12227250.0,38.70%
2026-06-22,TD3C FFA 270kt Middle East Gulf to China USD/MT M Aug 26,DD3CM Q26 INDEX,DD3CM Q26,150.0,61.782,9267300.0,29.33%
2026-06-22,TD3C FFA 270kt Middle East Gulf to China USD/MT M Sep 26,DD3CM U26 INDEX,DD3CM U26,150.0,50.53,7579500.0,23.99%
2026-06-22,TD20 FFA 130kt West Africa to Continent USD/MT M Jun 26,DD20M M26 INDEX,DD20M M26,5.0,29.36,146800.0,0.46%
2026-06-22,TD20 FFA 130kt West Africa to Continent USD/MT M Jul 26,DD20M N26 INDEX,DD20M N26,30.0,36.491,1094730.0,3.46%
2026-06-22,TD20 FFA 130kt West Africa to Continent USD/MT M Aug 26,DD20M Q26 INDEX,DD20M Q26,30.0,29.457,883710.0,2.80%
2026-06-22,TD20 FFA 130kt West Africa to Continent USD/MT M Sep 26,DD20M U26 INDEX,DD20M U26,30.0,27.251,817530.0,2.59%
2026-06-22,Cash & Other,Cash&Other,Cash&Other,24172567.81,1.0,24172567.81,76.51%
2026-06-22,Invesco Government & Agency Portfolio 12/31/2031,AGPXX,825252885,7387040.94,100.0,7387040.94,23.38%
2026-06-23,TD3C FFA 270kt Middle East Gulf to China USD/MT M Jun 26,DD3CM M26 INDEX,DD3CM M26,111.0,88.709,9846699.0,30.43%
2026-06-23,TD3C FFA 270kt Middle East Gulf to China USD/MT M Jul 26,DD3CM N26 INDEX,DD3CM N26,150.0,83.229,12484350.0,38.58%
2026-06-23,TD3C FFA 270kt Middle East Gulf to China USD/MT M Aug 26,DD3CM Q26 INDEX,DD3CM Q26,150.0,62.924,9438600.0,29.17%
2026-06-23,TD3C FFA 270kt Middle East Gulf to China USD/MT M Sep 26,DD3CM U26 INDEX,DD3CM U26,150.0,50.693,7603950.0,23.50%
2026-06-23,TD20 FFA 130kt West Africa to Continent USD/MT M Jun 26,DD20M M26 INDEX,DD20M M26,5.0,30.687,153435.0,0.47%
2026-06-23,TD20 FFA 130kt West Africa to Continent USD/MT M Jul 26,DD20M N26 INDEX,DD20M N26,30.0,37.896,1136880.0,3.51%
2026-06-23,TD20 FFA 130kt West Africa to Continent USD/MT M Aug 26,DD20M Q26 INDEX,DD20M Q26,30.0,33.173,995190.0,3.08%
2026-06-23,TD20 FFA 130kt West Africa to Continent USD/MT M Sep 26,DD20M U26 INDEX,DD20M U26,30.0,29.24,877200.0,2.71%
2026-06-23,Cash & Other,Cash&Other,Cash&Other,22866812.23,1.0,22866812.23,70.66%
2026-06-23,Invesco Government & Agency Portfolio 12/31/2031,AGPXX,825252885,9491981.94,100.0,9491981.94,29.33%
2026-06-24,TD3C FFA 270kt Middle East Gulf to China USD/MT M Jun 26,DD3CM M26 INDEX,DD3CM M26,111.0,88.786,9855246.0,29.73%
2026-06-24,TD3C FFA 270kt Middle East Gulf to China USD/MT M Jul 26,DD3CM N26 INDEX,DD3CM N26,155.0,78.074,12101470.0,36.51%
2026-06-24,TD3C FFA 270kt Middle East Gulf to China USD/MT M Aug 26,DD3CM Q26 INDEX,DD3CM Q26,155.0,57.701,8943655.0,26.98%
2026-06-24,TD3C FFA 270kt Middle East Gulf to China USD/MT M Sep 26,DD3CM U26 INDEX,DD3CM U26,155.0,46.641,7229355.0,21.81%
2026-06-24,TD20 FFA 130kt West Africa to Continent USD/MT M Jun 26,DD20M M26 INDEX,DD20M M26,5.0,31.733,158665.0,0.48%
2026-06-24,TD20 FFA 130kt West Africa to Continent USD/MT M Jul 26,DD20M N26 INDEX,DD20M N26,30.0,37.636,1129080.0,3.41%
2026-06-24,TD20 FFA 130kt West Africa to Continent USD/MT M Aug 26,DD20M Q26 INDEX,DD20M Q26,30.0,31.899,956970.0,2.89%
2026-06-24,TD20 FFA 130kt West Africa to Continent USD/MT M Sep 26,DD20M U26 INDEX,DD20M U26,30.0,28.406,852180.0,2.57%
2026-06-24,Cash & Other,Cash&Other,Cash&Other,23657791.65,1.0,23657791.65,71.37%
2026-06-24,Invesco Government & Agency Portfolio 12/31/2031,AGPXX,825252885,9491981.94,100.0,9491981.94,28.63%
2026-06-25,TD3C FFA 270kt Middle East Gulf to China USD/MT M Jun 26,DD3CM M26 INDEX,DD3CM M26,111.0,85.376,9476736.0,35.68%
2026-06-25,TD3C FFA 270kt Middle East Gulf to China USD/MT M Jul 26,DD3CM N26 INDEX,DD3CM N26,150.0,66.69,10003500.0,37.67%
2026-06-25,TD3C FFA 270kt Middle East Gulf to China USD/MT M Aug 26,DD3CM Q26 INDEX,DD3CM Q26,150.0,50.547,7582050.0,28.55%
2026-06-25,TD3C FFA 270kt Middle East Gulf to China USD/MT M Sep 26,DD3CM U26 INDEX,DD3CM U26,135.0,43.45,5865750.0,22.09%
2026-06-25,TD20 FFA 130kt West Africa to Continent USD/MT M Jun 26,DD20M M26 INDEX,DD20M M26,5.0,31.778,158890.0,0.60%
2026-06-25,TD20 FFA 130kt West Africa to Continent USD/MT M Jul 26,DD20M N26 INDEX,DD20M N26,30.0,35.495,1064850.0,4.01%
2026-06-25,TD20 FFA 130kt West Africa to Continent USD/MT M Aug 26,DD20M Q26 INDEX,DD20M Q26,30.0,29.846,895380.0,3.37%
2026-06-25,TD20 FFA 130kt West Africa to Continent USD/MT M Sep 26,DD20M U26 INDEX,DD20M U26,30.0,26.181,785430.0,2.96%
2026-06-25,Cash & Other,Cash&Other,Cash&Other,14021130.86,1.0,14021130.86,52.79%
2026-06-25,Invesco Government & Agency Portfolio 12/31/2031,AGPXX,825252885,12503768.94,100.0,12503768.94,47.08%
2026-06-26,TD3C FFA 270kt Middle East Gulf to China USD/MT M Jun 26,DD3CM M26 INDEX,DD3CM M26,111.0,81.858,9086238.0,51.74%
2026-06-26,TD3C FFA 270kt Middle East Gulf to China USD/MT M Jul 26,DD3CM N26 INDEX,DD3CM N26,110.0,55.479,6102690.0,34.75%
2026-06-26,TD3C FFA 270kt Middle East Gulf to China USD/MT M Aug 26,DD3CM Q26 INDEX,DD3CM Q26,150.0,44.461,6669150.0,37.98%
2026-06-26,TD3C FFA 270kt Middle East Gulf to China USD/MT M Sep 26,DD3CM U26 INDEX,DD3CM U26,130.0,39.203,5096390.0,29.02%
2026-06-26,TD20 FFA 130kt West Africa to Continent USD/MT M Jun 26,DD20M M26 INDEX,DD20M M26,5.0,31.88,159400.0,0.91%
2026-06-26,TD20 FFA 130kt West Africa to Continent USD/MT M Jul 26,DD20M N26 INDEX,DD20M N26,20.0,35.283,705660.0,4.02%
2026-06-26,TD20 FFA 130kt West Africa to Continent USD/MT M Aug 26,DD20M Q26 INDEX,DD20M Q26,20.0,28.251,565020.0,3.22%
2026-06-26,TD20 FFA 130kt West Africa to Continent USD/MT M Sep 26,DD20M U26 INDEX,DD20M U26,20.0,25.723,514460.0,2.93%
2026-06-26,Cash & Other,Cash&Other,Cash&Other,7694203.69,1.0,7694203.69,43.82%
2026-06-26,Invesco Government & Agency Portfolio 12/31/2031,AGPXX,825252885,9849727.44,100.0,9849727.44,56.09%
2026-06-29,TD3C FFA 270kt Middle East Gulf to China USD/MT M Jun 26,DD3CM M26 INDEX,DD3CM M26,111.0,81.308,9025188.0,59.32%
2026-06-29,TD3C FFA 270kt Middle East Gulf to China USD/MT M Jul 26,DD3CM N26 INDEX,DD3CM N26,110.0,44.46,4890600.0,32.15%
2026-06-29,TD3C FFA 270kt Middle East Gulf to China USD/MT M Aug 26,DD3CM Q26 INDEX,DD3CM Q26,150.0,40.37,6055500.0,39.80%
2026-06-29,TD3C FFA 270kt Middle East Gulf to China USD/MT M Sep 26,DD3CM U26 INDEX,DD3CM U26,130.0,36.329,4722770.0,31.04%
2026-06-29,TD20 FFA 130kt West Africa to Continent USD/MT M Jun 26,DD20M M26 INDEX,DD20M M26,5.0,31.85,159250.0,1.05%
2026-06-29,TD20 FFA 130kt West Africa to Continent USD/MT M Jul 26,DD20M N26 INDEX,DD20M N26,20.0,33.983,679660.0,4.47%
2026-06-29,TD20 FFA 130kt West Africa to Continent USD/MT M Aug 26,DD20M Q26 INDEX,DD20M Q26,20.0,27.473,549460.0,3.61%
2026-06-29,TD20 FFA 130kt West Africa to Continent USD/MT M Sep 26,DD20M U26 INDEX,DD20M U26,20.0,24.235,484700.0,3.19%
2026-06-29,Cash & Other,Cash&Other,Cash&Other,10702266.22,1.0,10702266.22,70.35%
2026-06-29,Invesco Government & Agency Portfolio 12/31/2031,AGPXX,825252885,4510011.94,100.0,4510011.94,29.65%
2026-06-30,TD3C FFA 270kt Middle East Gulf to China USD/MT M Jun 26,DD3CM M26 INDEX,DD3CM M26,111.0,81.419,9037509.0,48.65%
2026-06-30,TD3C FFA 270kt Middle East Gulf to China USD/MT M Jul 26,DD3CM N26 INDEX,DD3CM N26,110.0,56.112,6172320.0,33.23%
2026-06-30,TD3C FFA 270kt Middle East Gulf to China USD/MT M Aug 26,DD3CM Q26 INDEX,DD3CM Q26,140.0,47.357,6629980.0,35.69%
2026-06-30,TD3C FFA 270kt Middle East Gulf to China USD/MT M Sep 26,DD3CM U26 INDEX,DD3CM U26,140.0,43.316,6064240.0,32.64%
2026-06-30,TD20 FFA 130kt West Africa to Continent USD/MT M Jun 26,DD20M M26 INDEX,DD20M M26,5.0,32.074,160370.0,0.86%
2026-06-30,TD20 FFA 130kt West Africa to Continent USD/MT M Jul 26,DD20M N26 INDEX,DD20M N26,20.0,36.329,726580.0,3.91%
2026-06-30,TD20 FFA 130kt West Africa to Continent USD/MT M Aug 26,DD20M Q26 INDEX,DD20M Q26,20.0,28.383,567660.0,3.06%
2026-06-30,TD20 FFA 130kt West Africa to Continent USD/MT M Sep 26,DD20M U26 INDEX,DD20M U26,20.0,26.58,531600.0,2.86%
2026-06-30,Cash & Other,Cash&Other,Cash&Other,14064870.02,1.0,14064870.02,75.71%
2026-06-30,Invesco Government & Agency Portfolio 12/31/2031,AGPXX,825252885,4510011.94,100.0,4510011.94,24.28%
2026-07-01,TD3C FFA 270kt Middle East Gulf to China USD/MT M Jul 26,DD3CM N26 INDEX,DD3CM N26,110.0,52.409,5764990.0,38.03%
2026-07-01,TD3C FFA 270kt Middle East Gulf to China USD/MT M Aug 26,DD3CM Q26 INDEX,DD3CM Q26,120.0,43.876,5265120.0,34.73%
2026-07-01,TD3C FFA 270kt Middle East Gulf to China USD/MT M Sep 26,DD3CM U26 INDEX,DD3CM U26,120.0,41.392,4967040.0,32.77%
2026-07-01,TD20 FFA 130kt West Africa to Continent USD/MT M Jul 26,DD20M N26 INDEX,DD20M N26,20.0,36.77,735400.0,4.85%
2026-07-01,TD20 FFA 130kt West Africa to Continent USD/MT M Aug 26,DD20M Q26 INDEX,DD20M Q26,20.0,29.376,587520.0,3.88%
2026-07-01,TD20 FFA 130kt West Africa to Continent USD/MT M Sep 26,DD20M U26 INDEX,DD20M U26,20.0,26.58,531600.0,3.51%
2026-07-01,Cash & Other,Cash&Other,Cash&Other,10607358.49,1.0,10607358.49,69.98%
2026-07-01,Invesco Government & Agency Portfolio 12/31/2031,AGPXX,825252885,4510011.94,100.0,4510011.94,29.75%
2026-07-02,TD3C FFA 270kt Middle East Gulf to China USD/MT M Jul 26,DD3CM N26 INDEX,DD3CM N26,110.0,53.367,5870370.0,38.55%
2026-07-02,TD3C FFA 270kt Middle East Gulf to China USD/MT M Aug 26,DD3CM Q26 INDEX,DD3CM Q26,120.0,43.909,5269080.0,34.60%
2026-07-02,TD3C FFA 270kt Middle East Gulf to China USD/MT M Sep 26,DD3CM U26 INDEX,DD3CM U26,120.0,41.43,4971600.0,32.65%
2026-07-02,TD20 FFA 130kt West Africa to Continent USD/MT M Jul 26,DD20M N26 INDEX,DD20M N26,20.0,36.013,720260.0,4.73%
2026-07-02,TD20 FFA 130kt West Africa to Continent USD/MT M Aug 26,DD20M Q26 INDEX,DD20M Q26,20.0,29.337,586740.0,3.85%
2026-07-02,TD20 FFA 130kt West Africa to Continent USD/MT M Sep 26,DD20M U26 INDEX,DD20M U26,20.0,27.143,542860.0,3.57%
2026-07-02,Cash & Other,Cash&Other,Cash&Other,12957521.28,1.0,12957521.28,85.10%
2026-07-02,Invesco Government & Agency Portfolio 12/31/2031,AGPXX,825252885,2263590.03,100.0,2263590.03,14.87%
2026-07-03,TD3C FFA 270kt Middle East Gulf to China USD/MT M Jul 26,DD3CM N26 INDEX,DD3CM N26,110.0,60.231,6625410.0,37.75%
2026-07-03,TD3C FFA 270kt Middle East Gulf to China USD/MT M Aug 26,DD3CM Q26 INDEX,DD3CM Q26,120.0,51.108,6132960.0,34.95%
2026-07-03,TD3C FFA 270kt Middle East Gulf to China USD/MT M Sep 26,DD3CM U26 INDEX,DD3CM U26,120.0,46.903,5628360.0,32.07%
2026-07-03,TD20 FFA 130kt West Africa to Continent USD/MT M Jul 26,DD20M N26 INDEX,DD20M N26,20.0,37.321,746420.0,4.25%
2026-07-03,TD20 FFA 130kt West Africa to Continent USD/MT M Aug 26,DD20M Q26 INDEX,DD20M Q26,20.0,30.364,607280.0,3.46%
2026-07-03,TD20 FFA 130kt West Africa to Continent USD/MT M Sep 26,DD20M U26 INDEX,DD20M U26,20.0,27.256,545120.0,3.11%
2026-07-03,Cash & Other,Cash&Other,Cash&Other,15325812.0,1.0,15325812.0,87.33%
2026-07-03,Invesco Government & Agency Portfolio 12/31/2031,AGPXX,825252885,2221413.59,100.0,2221413.59,12.66%
2026-07-06,TD3C FFA 270kt Middle East Gulf to China USD/MT M Jul 26,DD3CM N26 INDEX,DD3CM N26,110.0,60.231,6625410.0,37.75%
2026-07-06,TD3C FFA 270kt Middle East Gulf to China USD/MT M Aug 26,DD3CM Q26 INDEX,DD3CM Q26,120.0,51.108,6132960.0,34.95%
2026-07-06,TD3C FFA 270kt Middle East Gulf to China USD/MT M Sep 26,DD3CM U26 INDEX,DD3CM U26,120.0,46.903,5628360.0,32.07%
2026-07-06,TD20 FFA 130kt West Africa to Continent USD/MT M Jul 26,DD20M N26 INDEX,DD20M N26,20.0,37.321,746420.0,4.25%
2026-07-06,TD20 FFA 130kt West Africa to Continent USD/MT M Aug 26,DD20M Q26 INDEX,DD20M Q26,20.0,30.364,607280.0,3.46%
2026-07-06,TD20 FFA 130kt West Africa to Continent USD/MT M Sep 26,DD20M U26 INDEX,DD20M U26,20.0,27.256,545120.0,3.11%
2026-07-06,Cash & Other,Cash&Other,Cash&Other,15325812.0,1.0,15325812.0,87.33%
2026-07-06,Invesco Government & Agency Portfolio 12/31/2031,AGPXX,825252885,2221413.59,100.0,2221413.59,12.66%
2026-07-07,TD3C FFA 270kt Middle East Gulf to China USD/MT M Jul 26,DD3CM N26 INDEX,DD3CM N26,120.0,57.606,6912720.0,35.23%
2026-07-07,TD3C FFA 270kt Middle East Gulf to China USD/MT M Aug 26,DD3CM Q26 INDEX,DD3CM Q26,135.0,50.179,6774165.0,34.52%
2026-07-07,TD3C FFA 270kt Middle East Gulf to China USD/MT M Sep 26,DD3CM U26 INDEX,DD3CM U26,135.0,46.154,6230790.0,31.75%
2026-07-07,TD20 FFA 130kt West Africa to Continent USD/MT M Jul 26,DD20M N26 INDEX,DD20M N26,20.0,38.119,762380.0,3.88%
2026-07-07,TD20 FFA 130kt West Africa to Continent USD/MT M Aug 26,DD20M Q26 INDEX,DD20M Q26,20.0,30.121,602420.0,3.07%
2026-07-07,TD20 FFA 130kt West Africa to Continent USD/MT M Sep 26,DD20M U26 INDEX,DD20M U26,20.0,27.196,543920.0,2.77%
2026-07-07,Cash & Other,Cash&Other,Cash&Other,17559556.86,1.0,17559556.86,89.48%
2026-07-07,Invesco Government & Agency Portfolio 12/31/2031,AGPXX,825252885,2221413.59,100.0,2221413.59,11.32%
2026-07-08,TD3C FFA 270kt Middle East Gulf to China USD/MT M Jul 26,DD3CM N26 INDEX,DD3CM N26,110.0,60.765,6684150.0,33.73%
2026-07-08,TD3C FFA 270kt Middle East Gulf to China USD/MT M Aug 26,DD3CM Q26 INDEX,DD3CM Q26,125.0,54.868,6858500.0,34.61%
2026-07-08,TD3C FFA 270kt Middle East Gulf to China USD/MT M Sep 26,DD3CM U26 INDEX,DD3CM U26,125.0,47.509,5938625.0,29.97%
2026-07-08,TD20 FFA 270kt Middle East Gulf to China USD/MT M Oct 26,DD3CM V26 INDEX,DD3CM V26,10.0,46.556,465560.0,2.35%
2026-07-08,TD20 FFA 270kt Middle East Gulf to China USD/MT M Nov 26,DD3CM X26 INDEX,DD3CM X26,10.0,45.924,459240.0,2.32%
2026-07-08,TD20 FFA 270kt Middle East Gulf to China USD/MT M Dec 26,DD3CM Z26 INDEX,DD3CM Z26,10.0,46.243,462430.0,2.33%
2026-07-08,TD20 FFA 130kt West Africa to Continent USD/MT M Jul 26,DD20M N26 INDEX,DD20M N26,20.0,37.332,746640.0,3.77%
2026-07-08,TD20 FFA 130kt West Africa to Continent USD/MT M Aug 26,DD20M Q26 INDEX,DD20M Q26,20.0,30.121,602420.0,3.04%
2026-07-08,TD20 FFA 130kt West Africa to Continent USD/MT M Sep 26,DD20M U26 INDEX,DD20M U26,20.0,27.19,543800.0,2.74%
2026-07-08,TD20 FFA 130kt West Africa to Continent USD/MT M Oct 26,DD20M V26 INDEX,DD20M V26,5.0,28.275,141375.0,0.71%
2026-07-08,TD20 FFA 130kt West Africa to Continent USD/MT M Nov 26,DD20M X26 INDEX,DD20M X26,5.0,29.414,147070.0,0.74%
2026-07-08,TD20 FFA 130kt West Africa to Continent USD/MT M Dec 26,DD20M Z26 INDEX,DD20M Z26,5.0,30.452,152260.0,0.77%
2026-07-08,Cash & Other,Cash&Other,Cash&Other,15029617.31,1.0,15029617.31,75.85%
2026-07-08,Invesco Government & Agency Portfolio 12/31/2031,AGPXX,825252885,4778885.09,100.0,4778885.09,24.12%
2026-07-09,TD3C FFA 270kt Middle East Gulf to China USD/MT M Jul 26,DD3CM N26 INDEX,DD3CM N26,115.0,70.889,8152235.0,35.67%
2026-07-09,TD3C FFA 270kt Middle East Gulf to China USD/MT M Aug 26,DD3CM Q26 INDEX,DD3CM Q26,130.0,62.407,8112910.0,35.49%
2026-07-09,TD3C FFA 270kt Middle East Gulf to China USD/MT M Sep 26,DD3CM U26 INDEX,DD3CM U26,130.0,53.661,6975930.0,30.52%
2026-07-09,TD3C FFA 270kt Middle East Gulf to China USD/MT M Oct 26,DD3CM V26 INDEX,DD3CM V26,15.0,50.23,753450.0,3.30%
2026-07-09,TD3C FFA 270kt Middle East Gulf to China USD/MT M Nov 26,DD3CM X26 INDEX,DD3CM X26,15.0,49.219,738285.0,3.23%
2026-07-09,TD3C FFA 270kt Middle East Gulf to China USD/MT M Dec 26,DD3CM Z26 INDEX,DD3CM Z26,15.0,47.655,714825.0,3.13%
2026-07-09,TD20 FFA 130kt West Africa to Continent USD/MT M Jul 26,DD20M N26 INDEX,DD20M N26,20.0,39.481,789620.0,3.45%
2026-07-09,TD20 FFA 130kt West Africa to Continent USD/MT M Aug 26,DD20M Q26 INDEX,DD20M Q26,20.0,31.601,632020.0,2.77%
2026-07-09,TD20 FFA 130kt West Africa to Continent USD/MT M Sep 26,DD20M U26 INDEX,DD20M U26,20.0,29.893,597860.0,2.62%
2026-07-09,TD20 FFA 130kt West Africa to Continent USD/MT M Oct 26,DD20M V26 INDEX,DD20M V26,5.0,29.195,145975.0,0.64%
2026-07-09,TD20 FFA 130kt West Africa to Continent USD/MT M Nov 26,DD20M X26 INDEX,DD20M X26,5.0,30.278,151390.0,0.66%
2026-07-09,TD20 FFA 130kt West Africa to Continent USD/MT M Dec 26,DD20M Z26 INDEX,DD20M Z26,5.0,31.256,156280.0,0.68%
2026-07-09,Cash & Other,Cash&Other,Cash&Other,16327095.96,1.0,16327095.96,71.43%
2026-07-09,Invesco Government & Agency Portfolio 12/31/2031,AGPXX,825252885,3879074.59,100.0,3879074.59,16.97%
2026-07-10,TD3C FFA 270kt Middle East Gulf to China USD/MT M Jul 26,DD3CM N26 INDEX,DD3CM N26,115.0,70.653,8125095.0,31.80%
2026-07-10,TD3C FFA 270kt Middle East Gulf to China USD/MT M Aug 26,DD3CM Q26 INDEX,DD3CM Q26,130.0,59.62,7750600.0,30.34%
2026-07-10,TD3C FFA 270kt Middle East Gulf to China USD/MT M Sep 26,DD3CM U26 INDEX,DD3CM U26,140.0,53.56,7498400.0,29.35%
2026-07-10,TD3C FFA 270kt Middle East Gulf to China USD/MT M Oct 26,DD3CM V26 INDEX,DD3CM V26,25.0,49.71,1242750.0,4.86%
2026-07-10,TD3C FFA 270kt Middle East Gulf to China USD/MT M Nov 26,DD3CM X26 INDEX,DD3CM X26,25.0,48.69,1217250.0,4.76%
2026-07-10,TD3C FFA 270kt Middle East Gulf to China USD/MT M Dec 26,DD3CM Z26 INDEX,DD3CM Z26,25.0,47.116,1177900.0,4.61%
2026-07-10,TD20 FFA 130kt West Africa to Continent USD/MT M Jul 26,DD20M N26 INDEX,DD20M N26,20.0,39.929,798580.0,3.13%
2026-07-10,TD20 FFA 130kt West Africa to Continent USD/MT M Aug 26,DD20M Q26 INDEX,DD20M Q26,20.0,33.256,665120.0,2.60%
2026-07-10,TD20 FFA 130kt West Africa to Continent USD/MT M Sep 26,DD20M U26 INDEX,DD20M U26,20.0,30.14,602800.0,2.36%
2026-07-10,TD20 FFA 130kt West Africa to Continent USD/MT M Oct 26,DD20M V26 INDEX,DD20M V26,10.0,29.076,290760.0,1.14%
2026-07-10,TD20 FFA 130kt West Africa to Continent USD/MT M Nov 26,DD20M X26 INDEX,DD20M X26,10.0,30.157,301570.0,1.18%
2026-07-10,TD20 FFA 130kt West Africa to Continent USD/MT M Dec 26,DD20M Z26 INDEX,DD20M Z26,10.0,31.138,311380.0,1.22%
2026-07-10,Cash & Other,Cash&Other,Cash&Other,17136358.84,1.0,17136358.84,67.07%
2026-07-10,Invesco Government & Agency Portfolio 12/31/2031,AGPXX,825252885,3879074.59,100.0,3879074.59,15.18%
2026-07-13,TD3C FFA 270kt Middle East Gulf to China USD/MT M Jul 26,DD3CM N26 INDEX,DD3CM N26,115.0,71.823,8259645.0,40.09%
2026-07-13,TD3C FFA 270kt Middle East Gulf to China USD/MT M Aug 26,DD3CM Q26 INDEX,DD3CM Q26,110.0,60.58,6663800.0,32.35%
2026-07-13,TD3C FFA 270kt Middle East Gulf to China USD/MT M Sep 26,DD3CM U26 INDEX,DD3CM U26,140.0,53.452,7483280.0,36.33%
2026-07-13,TD3C FFA 270kt Middle East Gulf to China USD/MT M Oct 26,DD3CM V26 INDEX,DD3CM V26,25.0,49.302,1232550.0,5.98%
2026-07-13,TD3C FFA 270kt Middle East Gulf to China USD/MT M Nov 26,DD3CM X26 INDEX,DD3CM X26,25.0,48.282,1207050.0,5.86%
2026-07-13,TD3C FFA 270kt Middle East Gulf to China USD/MT M Dec 26,DD3CM Z26 INDEX,DD3CM Z26,25.0,46.715,1167875.0,5.67%
2026-07-13,TD20 FFA 130kt West Africa to Continent USD/MT M Jul 26,DD20M N26 INDEX,DD20M N26,20.0,39.422,788440.0,3.83%
2026-07-13,TD20 FFA 130kt West Africa to Continent USD/MT M Aug 26,DD20M Q26 INDEX,DD20M Q26,20.0,32.939,658780.0,3.20%
2026-07-13,TD20 FFA 130kt West Africa to Continent USD/MT M Sep 26,DD20M U26 INDEX,DD20M U26,20.0,29.996,599920.0,2.91%
2026-07-13,TD20 FFA 130kt West Africa to Continent USD/MT M Oct 26,DD20M V26 INDEX,DD20M V26,10.0,28.753,287530.0,1.40%
2026-07-13,TD20 FFA 130kt West Africa to Continent USD/MT M Nov 26,DD20M X26 INDEX,DD20M X26,10.0,29.9,299000.0,1.45%
2026-07-13,TD20 FFA 130kt West Africa to Continent USD/MT M Dec 26,DD20M Z26 INDEX,DD20M Z26,10.0,30.851,308510.0,1.50%
2026-07-13,Cash & Other,Cash&Other,Cash&Other,13615775.07,1.0,13615775.07,66.09%
2026-07-13,Invesco Government & Agency Portfolio 12/31/2031,AGPXX,825252885,6942524.59,100.0,6942524.59,33.70%
2026-07-14,TD3C FFA 270kt Middle East Gulf to China USD/MT M Jul 26,DD3CM N26 INDEX,DD3CM N26,115.0,73.904,8498960.0,39.99%
2026-07-14,TD3C FFA 270kt Middle East Gulf to China USD/MT M Aug 26,DD3CM Q26 INDEX,DD3CM Q26,110.0,62.152,6836720.0,32.17%
2026-07-14,TD3C FFA 270kt Middle East Gulf to China USD/MT M Sep 26,DD3CM U26 INDEX,DD3CM U26,140.0,55.068,7709520.0,36.28%
2026-07-14,TD3C FFA 270kt Middle East Gulf to China USD/MT M Oct 26,DD3CM V26 INDEX,DD3CM V26,25.0,50.217,1255425.0,5.91%
2026-07-14,TD3C FFA 270kt Middle East Gulf to China USD/MT M Nov 26,DD3CM X26 INDEX,DD3CM X26,25.0,48.513,1212825.0,5.71%
2026-07-14,TD3C FFA 270kt Middle East Gulf to China USD/MT M Dec 26,DD3CM Z26 INDEX,DD3CM Z26,25.0,47.088,1177200.0,5.54%
2026-07-14,TD20 FFA 130kt West Africa to Continent USD/MT M Jul 26,DD20M N26 INDEX,DD20M N26,20.0,39.415,788300.0,3.71%
2026-07-14,TD20 FFA 130kt West Africa to Continent USD/MT M Aug 26,DD20M Q26 INDEX,DD20M Q26,20.0,33.67,673400.0,3.17%
2026-07-14,TD20 FFA 130kt West Africa to Continent USD/MT M Sep 26,DD20M U26 INDEX,DD20M U26,20.0,30.121,602420.0,2.83%
2026-07-14,TD20 FFA 130kt West Africa to Continent USD/MT M Oct 26,DD20M V26 INDEX,DD20M V26,10.0,28.753,287530.0,1.35%
2026-07-14,TD20 FFA 130kt West Africa to Continent USD/MT M Nov 26,DD20M X26 INDEX,DD20M X26,10.0,29.905,299050.0,1.41%
2026-07-14,TD20 FFA 130kt West Africa to Continent USD/MT M Dec 26,DD20M Z26 INDEX,DD20M Z26,10.0,30.851,308510.0,1.45%
2026-07-14,Cash & Other,Cash&Other,Cash&Other,19452372.42,1.0,19452372.42,91.53%
2026-07-14,Invesco Government & Agency Portfolio 12/31/2031,AGPXX,825252885,1797582.09,100.0,1797582.09,8.46%
2026-07-15,TD3C FFA 270kt Middle East Gulf to China USD/MT M Jul 26,DD3CM N26 INDEX,DD3CM N26,115.0,84.598,9728770.0,40.48%
2026-07-15,TD3C FFA 270kt Middle East Gulf to China USD/MT M Aug 26,DD3CM Q26 INDEX,DD3CM Q26,110.0,70.373,7741030.0,32.21%
2026-07-15,TD3C FFA 270kt Middle East Gulf to China USD/MT M Sep 26,DD3CM U26 INDEX,DD3CM U26,140.0,64.208,8989120.0,37.40%
2026-07-15,TD3C FFA 270kt Middle East Gulf to China USD/MT M Oct 26,DD3CM V26 INDEX,DD3CM V26,25.0,55.975,1399375.0,5.82%
2026-07-15,TD3C FFA 270kt Middle East Gulf to China USD/MT M Nov 26,DD3CM X26 INDEX,DD3CM X26,25.0,54.067,1351675.0,5.62%
2026-07-15,TD3C FFA 270kt Middle East Gulf to China USD/MT M Dec 26,DD3CM Z26 INDEX,DD3CM Z26,25.0,52.159,1303975.0,5.43%
2026-07-15,TD20 FFA 130kt West Africa to Continent USD/MT M Jul 26,DD20M N26 INDEX,DD20M N26,20.0,40.876,817520.0,3.40%
2026-07-15,TD20 FFA 130kt West Africa to Continent USD/MT M Aug 26,DD20M Q26 INDEX,DD20M Q26,20.0,38.1,762000.0,3.17%
2026-07-15,TD20 FFA 130kt West Africa to Continent USD/MT M Sep 26,DD20M U26 INDEX,DD20M U26,20.0,32.197,643940.0,2.68%
2026-07-15,TD20 FFA 130kt West Africa to Continent USD/MT M Oct 26,DD20M V26 INDEX,DD20M V26,10.0,30.789,307890.0,1.28%
2026-07-15,TD20 FFA 130kt West Africa to Continent USD/MT M Nov 26,DD20M X26 INDEX,DD20M X26,10.0,31.991,319910.0,1.33%
2026-07-15,TD20 FFA 130kt West Africa to Continent USD/MT M Dec 26,DD20M Z26 INDEX,DD20M Z26,10.0,33.299,332990.0,1.39%
2026-07-15,Cash & Other,Cash&Other,Cash&Other,22249812.23,1.0,22249812.23,92.57%
2026-07-15,Invesco Government & Agency Portfolio 12/31/2031,AGPXX,825252885,1783062.09,100.0,1783062.09,7.42%
2026-07-16,TD3C FFA 270kt Middle East Gulf to China USD/MT M Jul 26,DD3CM N26 INDEX,DD3CM N26,115.0,82.523,9490145.0,32.73%
2026-07-16,TD3C FFA 270kt Middle East Gulf to China USD/MT M Aug 26,DD3CM Q26 INDEX,DD3CM Q26,110.0,63.66,7002600.0,24.15%
2026-07-16,TD3C FFA 270kt Middle East Gulf to China USD/MT M Sep 26,DD3CM U26 INDEX,DD3CM U26,140.0,58.711,8219540.0,28.35%
2026-07-16,TD3C FFA 270kt Middle East Gulf to China USD/MT M Oct 26,DD3CM V26 INDEX,DD3CM V26,32.0,52.744,1687808.0,5.82%
2026-07-16,TD3C FFA 270kt Middle East Gulf to China USD/MT M Nov 26,DD3CM X26 INDEX,DD3CM X26,32.0,50.764,1624448.0,5.60%
2026-07-16,TD3C FFA 270kt Middle East Gulf to China USD/MT M Dec 26,DD3CM Z26 INDEX,DD3CM Z26,32.0,48.375,1548000.0,5.34%
2026-07-16,TD20 FFA 130kt West Africa to Continent USD/MT M Jul 26,DD20M N26 INDEX,DD20M N26,20.0,40.881,817620.0,2.82%
2026-07-16,TD20 FFA 130kt West Africa to Continent USD/MT M Aug 26,DD20M Q26 INDEX,DD20M Q26,20.0,38.1,762000.0,2.63%
2026-07-16,TD20 FFA 130kt West Africa to Continent USD/MT M Sep 26,DD20M U26 INDEX,DD20M U26,20.0,32.78,655600.0,2.26%
2026-07-16,TD20 FFA 130kt West Africa to Continent USD/MT M Oct 26,DD20M V26 INDEX,DD20M V26,10.0,30.773,307730.0,1.06%
2026-07-16,TD20 FFA 130kt West Africa to Continent USD/MT M Nov 26,DD20M X26 INDEX,DD20M X26,10.0,32.107,321070.0,1.11%
2026-07-16,TD20 FFA 130kt West Africa to Continent USD/MT M Dec 26,DD20M Z26 INDEX,DD20M Z26,10.0,33.295,332950.0,1.15%
2026-07-16,Cash & Other,Cash&Other,Cash&Other,28510423.34,1.0,28510423.34,98.33%
2026-07-16,Invesco Government & Agency Portfolio 12/31/2031,AGPXX,825252885,483324.48,100.0,483324.48,1.67%
2026-07-17,TD3C FFA 270kt Middle East Gulf to China USD/MT M Jul 26,DD3CM N26 INDEX,DD3CM N26,115.0,81.79,9405850.0,32.62%
2026-07-17,TD3C FFA 270kt Middle East Gulf to China USD/MT M Aug 26,DD3CM Q26 INDEX,DD3CM Q26,150.0,62.65,9397500.0,32.59%
2026-07-17,TD3C FFA 270kt Middle East Gulf to China USD/MT M Sep 26,DD3CM U26 INDEX,DD3CM U26,140.0,58.61,8205400.0,28.45%
2026-07-17,TD3C FFA 270kt Middle East Gulf to China USD/MT M Oct 26,DD3CM V26 INDEX,DD3CM V26,32.0,52.737,1687584.0,5.85%
2026-07-17,TD3C FFA 270kt Middle East Gulf to China USD/MT M Nov 26,DD3CM X26 INDEX,DD3CM X26,32.0,50.912,1629184.0,5.65%
2026-07-17,TD3C FFA 270kt Middle East Gulf to China USD/MT M Dec 26,DD3CM Z26 INDEX,DD3CM Z26,32.0,48.58,1554560.0,5.39%
2026-07-17,TD20 FFA 130kt West Africa to Continent USD/MT M Jul 26,DD20M N26 INDEX,DD20M N26,20.0,41.032,820640.0,2.85%
2026-07-17,TD20 FFA 130kt West Africa to Continent USD/MT M Aug 26,DD20M Q26 INDEX,DD20M Q26,20.0,39.132,782640.0,2.71%
2026-07-17,TD20 FFA 130kt West Africa to Continent USD/MT M Sep 26,DD20M U26 INDEX,DD20M U26,20.0,33.806,676120.0,2.34%
2026-07-17,TD20 FFA 130kt West Africa to Continent USD/MT M Oct 26,DD20M V26 INDEX,DD20M V26,10.0,30.638,306380.0,1.06%
2026-07-17,TD20 FFA 130kt West Africa to Continent USD/MT M Nov 26,DD20M X26 INDEX,DD20M X26,10.0,31.972,319720.0,1.11%
2026-07-17,TD20 FFA 130kt West Africa to Continent USD/MT M Dec 26,DD20M Z26 INDEX,DD20M Z26,10.0,33.156,331560.0,1.15%
2026-07-17,Cash & Other,Cash&Other,Cash&Other,21392333.58,1.0,21392333.58,74.18%
2026-07-17,Invesco Government & Agency Portfolio 12/31/2031,AGPXX,825252885,7436448.48,100.0,7436448.48,25.79%
2026-07-20,TD3C FFA 270kt Middle East Gulf to China USD/MT M Jul 26,DD3CM N26 INDEX,DD3CM N26,115.0,76.901,8843615.0,28.80%
2026-07-20,TD3C FFA 270kt Middle East Gulf to China USD/MT M Aug 26,DD3CM Q26 INDEX,DD3CM Q26,150.0,64.172,9625800.0,31.35%
2026-07-20,TD3C FFA 270kt Middle East Gulf to China USD/MT M Sep 26,DD3CM U26 INDEX,DD3CM U26,140.0,58.877,8242780.0,26.85%
2026-07-20,TD3C FFA 270kt Middle East Gulf to China USD/MT M Oct 26,DD3CM V26 INDEX,DD3CM V26,42.0,52.92,2222640.0,7.24%
2026-07-20,TD3C FFA 270kt Middle East Gulf to China USD/MT M Nov 26,DD3CM X26 INDEX,DD3CM X26,42.0,51.103,2146326.0,6.99%
2026-07-20,TD3C FFA 270kt Middle East Gulf to China USD/MT M Dec 26,DD3CM Z26 INDEX,DD3CM Z26,42.0,48.758,2047836.0,6.67%
2026-07-20,TD20 FFA 130kt West Africa to Continent USD/MT M Jul 26,DD20M N26 INDEX,DD20M N26,20.0,41.198,823960.0,2.68%
2026-07-20,TD20 FFA 130kt West Africa to Continent USD/MT M Aug 26,DD20M Q26 INDEX,DD20M Q26,20.0,36.591,731820.0,2.38%
2026-07-20,TD20 FFA 130kt West Africa to Continent USD/MT M Sep 26,DD20M U26 INDEX,DD20M U26,20.0,32.074,641480.0,2.09%
2026-07-20,TD20 FFA 130kt West Africa to Continent USD/MT M Oct 26,DD20M V26 INDEX,DD20M V26,10.0,30.009,300090.0,0.98%
2026-07-20,TD20 FFA 130kt West Africa to Continent USD/MT M Nov 26,DD20M X26 INDEX,DD20M X26,10.0,30.744,307440.0,1.00%
2026-07-20,TD20 FFA 130kt West Africa to Continent USD/MT M Dec 26,DD20M Z26 INDEX,DD20M Z26,10.0,31.223,312230.0,1.02%
2026-07-20,Cash & Other,Cash&Other,Cash&Other,23215881.42,1.0,23215881.42,75.61%
2026-07-20,Invesco Government & Agency Portfolio 12/31/2031,AGPXX,825252885,7436448.48,100.0,7436448.48,24.22%
2026-07-21,TD3C FFA 270kt Middle East Gulf to China USD/MT M Jul 26,DD3CM N26 INDEX,DD3CM N26,115.0,74.369,8552435.0,27.70%
2026-07-21,TD3C FFA 270kt Middle East Gulf to China USD/MT M Aug 26,DD3CM Q26 INDEX,DD3CM Q26,150.0,66.179,9926850.0,32.15%
2026-07-21,TD3C FFA 270kt Middle East Gulf to China USD/MT M Sep 26,DD3CM U26 INDEX,DD3CM U26,140.0,58.997,8259580.0,26.75%
2026-07-21,TD3C FFA 270kt Middle East Gulf to China USD/MT M Oct 26,DD3CM V26 INDEX,DD3CM V26,42.0,54.57,2291940.0,7.42%
2026-07-21,TD3C FFA 270kt Middle East Gulf to China USD/MT M Nov 26,DD3CM X26 INDEX,DD3CM X26,42.0,52.55,2207100.0,7.15%
2026-07-21,TD3C FFA 270kt Middle East Gulf to China USD/MT M Dec 26,DD3CM Z26 INDEX,DD3CM Z26,42.0,49.245,2068290.0,6.70%
2026-07-21,TD20 FFA 130kt West Africa to Continent USD/MT M Jul 26,DD20M N26 INDEX,DD20M N26,20.0,41.489,829780.0,2.69%
2026-07-21,TD20 FFA 130kt West Africa to Continent USD/MT M Aug 26,DD20M Q26 INDEX,DD20M Q26,20.0,37.349,746980.0,2.42%
2026-07-21,TD20 FFA 130kt West Africa to Continent USD/MT M Sep 26,DD20M U26 INDEX,DD20M U26,20.0,32.43,648600.0,2.10%
2026-07-21,TD20 FFA 130kt West Africa to Continent USD/MT M Oct 26,DD20M V26 INDEX,DD20M V26,10.0,30.857,308570.0,1.00%
2026-07-21,TD20 FFA 130kt West Africa to Continent USD/MT M Nov 26,DD20M X26 INDEX,DD20M X26,10.0,31.135,311350.0,1.01%
2026-07-21,TD20 FFA 130kt West Africa to Continent USD/MT M Dec 26,DD20M Z26 INDEX,DD20M Z26,10.0,31.579,315790.0,1.02%
2026-07-21,Cash & Other,Cash&Other,Cash&Other,21163174.96,1.0,21163174.96,68.55%
2026-07-21,Invesco Government & Agency Portfolio 12/31/2031,AGPXX,825252885,9709145.48,100.0,9709145.48,31.45%
2026-07-22,TD3C FFA 270kt Middle East Gulf to China USD/MT M Jul 26,DD3CM N26 INDEX,DD3CM N26,115.0,76.184,8761160.0,26.23%
2026-07-22,TD3C FFA 270kt Middle East Gulf to China USD/MT M Aug 26,DD3CM Q26 INDEX,DD3CM Q26,150.0,71.992,10798800.0,32.33%
2026-07-22,TD3C FFA 270kt Middle East Gulf to China USD/MT M Sep 26,DD3CM U26 INDEX,DD3CM U26,140.0,64.735,9062900.0,27.14%
2026-07-22,TD3C FFA 270kt Middle East Gulf to China USD/MT M Oct 26,DD3CM V26 INDEX,DD3CM V26,42.0,59.264,2489088.0,7.45%
2026-07-22,TD3C FFA 270kt Middle East Gulf to China USD/MT M Nov 26,DD3CM X26 INDEX,DD3CM X26,42.0,55.143,2316006.0,6.93%
2026-07-22,TD3C FFA 270kt Middle East Gulf to China USD/MT M Dec 26,DD3CM Z26 INDEX,DD3CM Z26,42.0,52.326,2197692.0,6.58%
2026-07-22,TD20 FFA 130kt West Africa to Continent USD/MT M Jul 26,DD20M N26 INDEX,DD20M N26,20.0,41.595,831900.0,2.49%
2026-07-22,TD20 FFA 130kt West Africa to Continent USD/MT M Aug 26,DD20M Q26 INDEX,DD20M Q26,20.0,39.913,798260.0,2.39%
2026-07-22,TD20 FFA 130kt West Africa to Continent USD/MT M Sep 26,DD20M U26 INDEX,DD20M U26,20.0,36.382,727640.0,2.18%
2026-07-22,TD20 FFA 130kt West Africa to Continent USD/MT M Oct 26,DD20M V26 INDEX,DD20M V26,10.0,33.735,337350.0,1.01%
2026-07-22,TD20 FFA 130kt West Africa to Continent USD/MT M Nov 26,DD20M X26 INDEX,DD20M X26,10.0,33.612,336120.0,1.01%
2026-07-22,TD20 FFA 130kt West Africa to Continent USD/MT M Dec 26,DD20M Z26 INDEX,DD20M Z26,10.0,33.657,336570.0,1.01%
2026-07-22,Cash & Other,Cash&Other,Cash&Other,23687656.49,1.0,23687656.49,70.92%
2026-07-22,Invesco Government & Agency Portfolio 12/31/2031,AGPXX,825252885,9709145.48,100.0,9709145.48,29.07%
2026-07-23,TD3C FFA 270kt Middle East Gulf to China USD/MT M Jul 26,DD3CM N26 INDEX,DD3CM N26,115.0,74.637,8583255.0,27.24%
2026-07-23,TD3C FFA 270kt Middle East Gulf to China USD/MT M Aug 26,DD3CM Q26 INDEX,DD3CM Q26,150.0,70.96,10644000.0,33.78%
2026-07-23,TD3C FFA 270kt Middle East Gulf to China USD/MT M Sep 26,DD3CM U26 INDEX,DD3CM U26,140.0,62.751,8785140.0,27.88%
2026-07-23,TD3C FFA 270kt Middle East Gulf to China USD/MT M Oct 26,DD3CM V26 INDEX,DD3CM V26,42.0,58.387,2452254.0,7.78%
2026-07-23,TD3C FFA 270kt Middle East Gulf to China USD/MT M Nov 26,DD3CM X26 INDEX,DD3CM X26,42.0,54.407,2285094.0,7.25%
2026-07-23,TD3C FFA 270kt Middle East Gulf to China USD/MT M Dec 26,DD3CM Z26 INDEX,DD3CM Z26,42.0,50.915,2138430.0,6.79%
2026-07-23,TD20 FFA 130kt West Africa to Continent USD/MT M Jul 26,DD20M N26 INDEX,DD20M N26,20.0,41.484,829680.0,2.63%
2026-07-23,TD20 FFA 130kt West Africa to Continent USD/MT M Aug 26,DD20M Q26 INDEX,DD20M Q26,20.0,41.999,839980.0,2.67%
2026-07-23,TD20 FFA 130kt West Africa to Continent USD/MT M Sep 26,DD20M U26 INDEX,DD20M U26,20.0,37.448,748960.0,2.38%
2026-07-23,TD20 FFA 130kt West Africa to Continent USD/MT M Oct 26,DD20M V26 INDEX,DD20M V26,10.0,33.853,338530.0,1.07%
2026-07-23,TD20 FFA 130kt West Africa to Continent USD/MT M Nov 26,DD20M X26 INDEX,DD20M X26,10.0,33.672,336720.0,1.07%
2026-07-23,TD20 FFA 130kt West Africa to Continent USD/MT M Dec 26,DD20M Z26 INDEX,DD20M Z26,10.0,33.478,334780.0,1.06%
2026-07-23,Cash & Other,Cash&Other,Cash&Other,21798353.56,1.0,21798353.56,69.18%
2026-07-23,Invesco Government & Agency Portfolio 12/31/2031,AGPXX,825252885,9709145.48,100.0,9709145.48,30.81%
2026-07-24,TD3C FFA 270kt Middle East Gulf to China USD/MT M Jul 26,DD3CM N26 INDEX,DD3CM N26,115.0,75.741,8710215.0,25.74%
2026-07-24,TD3C FFA 270kt Middle East Gulf to China USD/MT M Aug 26,DD3CM Q26 INDEX,DD3CM Q26,150.0,72.76,10914000.0,32.25%
2026-07-24,TD3C FFA 270kt Middle East Gulf to China USD/MT M Sep 26,DD3CM U26 INDEX,DD3CM U26,150.0,65.671,9850650.0,29.11%
2026-07-24,TD3C FFA 270kt Middle East Gulf to China USD/MT M Oct 26,DD3CM V26 INDEX,DD3CM V26,47.0,59.248,2784656.0,8.23%
2026-07-24,TD3C FFA 270kt Middle East Gulf to China USD/MT M Nov 26,DD3CM X26 INDEX,DD3CM X26,47.0,55.4,2603800.0,7.69%
2026-07-24,TD3C FFA 270kt Middle East Gulf to China USD/MT M Dec 26,DD3CM Z26 INDEX,DD3CM Z26,47.0,52.122,2449734.0,7.24%
2026-07-24,TD20 FFA 130kt West Africa to Continent USD/MT M Jul 26,DD20M N26 INDEX,DD20M N26,20.0,42.136,842720.0,2.49%
2026-07-24,TD20 FFA 130kt West Africa to Continent USD/MT M Aug 26,DD20M Q26 INDEX,DD20M Q26,20.0,44.56,891200.0,2.63%
2026-07-24,TD20 FFA 130kt West Africa to Continent USD/MT M Sep 26,DD20M U26 INDEX,DD20M U26,20.0,38.748,774960.0,2.29%
2026-07-24,TD20 FFA 130kt West Africa to Continent USD/MT M Oct 26,DD20M V26 INDEX,DD20M V26,10.0,35.596,355960.0,1.05%
2026-07-24,TD20 FFA 130kt West Africa to Continent USD/MT M Nov 26,DD20M X26 INDEX,DD20M X26,10.0,35.442,354420.0,1.05%
2026-07-24,TD20 FFA 130kt West Africa to Continent USD/MT M Dec 26,DD20M Z26 INDEX,DD20M Z26,10.0,35.281,352810.0,1.04%
2026-07-24,Cash & Other,Cash&Other,Cash&Other,25331984.1,1.0,25331984.1,74.86%
2026-07-24,Invesco Government & Agency Portfolio 12/31/2031,AGPXX,825252885,8498165.98,100.0,8498165.98,25.11%
2026-07-27,TD3C FFA 270kt Middle East Gulf to China USD/MT M Jul 26,DD3CM N26 INDEX,DD3CM N26,115.0,73.834,8490910.0,26.03%
2026-07-27,TD3C FFA 270kt Middle East Gulf to China USD/MT M Aug 26,DD3CM Q26 INDEX,DD3CM Q26,150.0,69.72,10458000.0,32.05%
2026-07-27,TD3C FFA 270kt Middle East Gulf to China USD/MT M Sep 26,DD3CM U26 INDEX,DD3CM U26,150.0,64.17,9625500.0,29.50%
2026-07-27,TD3C FFA 270kt Middle East Gulf to China USD/MT M Oct 26,DD3CM V26 INDEX,DD3CM V26,47.0,58.096,2730512.0,8.37%
2026-07-27,TD3C FFA 270kt Middle East Gulf to China USD/MT M Nov 26,DD3CM X26 INDEX,DD3CM X26,47.0,53.569,2517743.0,7.72%
2026-07-27,TD3C FFA 270kt Middle East Gulf to China USD/MT M Dec 26,DD3CM Z26 INDEX,DD3CM Z26,47.0,50.53,2374910.0,7.28%
2026-07-27,TD20 FFA 130kt West Africa to Continent USD/MT M Jul 26,DD20M N26 INDEX,DD20M N26,20.0,41.734,834680.0,2.56%
2026-07-27,TD20 FFA 130kt West Africa to Continent USD/MT M Aug 26,DD20M Q26 INDEX,DD20M Q26,20.0,43.522,870440.0,2.67%
2026-07-27,TD20 FFA 130kt West Africa to Continent USD/MT M Sep 26,DD20M U26 INDEX,DD20M U26,20.0,37.21,744200.0,2.28%
2026-07-27,TD20 FFA 130kt West Africa to Continent USD/MT M Oct 26,DD20M V26 INDEX,DD20M V26,10.0,34.593,345930.0,1.06%
2026-07-27,TD20 FFA 130kt West Africa to Continent USD/MT M Nov 26,DD20M X26 INDEX,DD20M X26,10.0,34.35,343500.0,1.05%
2026-07-27,TD20 FFA 130kt West Africa to Continent USD/MT M Dec 26,DD20M Z26 INDEX,DD20M Z26,10.0,34.187,341870.0,1.05%
2026-07-27,Cash & Other,Cash&Other,Cash&Other,22872520.7,1.0,22872520.7,70.11%
2026-07-27,Invesco Government & Agency Portfolio 12/31/2031,AGPXX,825252885,9750496.48,100.0,9750496.48,29.89%
2026-07-28,TD3C FFA 270kt Middle East Gulf to China USD/MT M Jul 26,DD3CM N26 INDEX,DD3CM N26,115.0,73.568,8460320.0,26.11%
2026-07-28,TD3C FFA 270kt Middle East Gulf to China USD/MT M Aug 26,DD3CM Q26 INDEX,DD3CM Q26,150.0,70.739,10610850.0,32.75%
2026-07-28,TD3C FFA 270kt Middle East Gulf to China USD/MT M Sep 26,DD3CM U26 INDEX,DD3CM U26,150.0,63.66,9549000.0,29.47%
2026-07-28,TD3C FFA 270kt Middle East Gulf to China USD/MT M Oct 26,DD3CM V26 INDEX,DD3CM V26,47.0,55.893,2626971.0,8.11%
2026-07-28,TD3C FFA 270kt Middle East Gulf to China USD/MT M Nov 26,DD3CM X26 INDEX,DD3CM X26,47.0,52.837,2483339.0,7.66%
2026-07-28,TD3C FFA 270kt Middle East Gulf to China USD/MT M Dec 26,DD3CM Z26 INDEX,DD3CM Z26,47.0,50.183,2358601.0,7.28%
2026-07-28,TD20 FFA 130kt West Africa to Continent USD/MT M Jul 26,DD20M N26 INDEX,DD20M N26,20.0,41.633,832660.0,2.57%
2026-07-28,TD20 FFA 130kt West Africa to Continent USD/MT M Aug 26,DD20M Q26 INDEX,DD20M Q26,20.0,40.76,815200.0,2.52%
2026-07-28,TD20 FFA 130kt West Africa to Continent USD/MT M Sep 26,DD20M U26 INDEX,DD20M U26,20.0,35.588,711760.0,2.20%
2026-07-28,TD20 FFA 130kt West Africa to Continent USD/MT M Oct 26,DD20M V26 INDEX,DD20M V26,10.0,33.946,339460.0,1.05%
2026-07-28,TD20 FFA 130kt West Africa to Continent USD/MT M Nov 26,DD20M X26 INDEX,DD20M X26,10.0,33.458,334580.0,1.03%
2026-07-28,TD20 FFA 130kt West Africa to Continent USD/MT M Dec 26,DD20M Z26 INDEX,DD20M Z26,10.0,33.104,331040.0,1.02%
2026-07-28,Cash & Other,Cash&Other,Cash&Other,22646495.42,1.0,22646495.42,69.90%
2026-07-28,Invesco Government & Agency Portfolio 12/31/2031,AGPXX,825252885,9750496.48,100.0,9750496.48,30.09%
2026-07-29,TD3C FFA 270kt Middle East Gulf to China USD/MT M Jul 26,DD3CM N26 INDEX,DD3CM N26,115.0,73.421,8443415.0,25.97%
2026-07-29,TD3C FFA 270kt Middle East Gulf to China USD/MT M Aug 26,DD3CM Q26 INDEX,DD3CM Q26,150.0,71.699,10754850.0,33.07%
2026-07-29,TD3C FFA 270kt Middle East Gulf to China USD/MT M Sep 26,DD3CM U26 INDEX,DD3CM U26,150.0,63.816,9572400.0,29.44%
2026-07-29,TD3C FFA 270kt Middle East Gulf to China USD/MT M Oct 26,DD3CM V26 INDEX,DD3CM V26,47.0,55.055,2587585.0,7.96%
2026-07-29,TD3C FFA 270kt Middle East Gulf to China USD/MT M Nov 26,DD3CM X26 INDEX,DD3CM X26,47.0,52.458,2465526.0,7.58%
2026-07-29,TD3C FFA 270kt Middle East Gulf to China USD/MT M Dec 26,DD3CM Z26 INDEX,DD3CM Z26,47.0,50.107,2355029.0,7.24%
2026-07-29,TD20 FFA 130kt West Africa to Continent USD/MT M Jul 26,DD20M N26 INDEX,DD20M N26,20.0,41.456,829120.0,2.55%
2026-07-29,TD20 FFA 130kt West Africa to Continent USD/MT M Aug 26,DD20M Q26 INDEX,DD20M Q26,20.0,41.531,830620.0,2.55%
2026-07-29,TD20 FFA 130kt West Africa to Continent USD/MT M Sep 26,DD20M U26 INDEX,DD20M U26,20.0,36.293,725860.0,2.23%
2026-07-29,TD20 FFA 130kt West Africa to Continent USD/MT M Oct 26,DD20M V26 INDEX,DD20M V26,15.0,34.188,512820.0,1.58%
2026-07-29,TD20 FFA 130kt West Africa to Continent USD/MT M Nov 26,DD20M X26 INDEX,DD20M X26,15.0,33.67,505050.0,1.55%
2026-07-29,TD20 FFA 130kt West Africa to Continent USD/MT M Dec 26,DD20M Z26 INDEX,DD20M Z26,15.0,33.15,497250.0,1.53%
2026-07-29,Cash & Other,Cash&Other,Cash&Other,22764952.99,1.0,22764952.99,70.01%
2026-07-29,Invesco Government & Agency Portfolio 12/31/2031,AGPXX,825252885,9750496.48,100.0,9750496.48,29.98%
2026-07-30,TD3C FFA 270kt Middle East Gulf to China USD/MT M Jul 26,DD3CM N26 INDEX,DD3CM N26,115.0,73.81,8488150.0,24.21%
2026-07-30,TD3C FFA 270kt Middle East Gulf to China USD/MT M Aug 26,DD3CM Q26 INDEX,DD3CM Q26,150.0,78.769,11815350.0,33.69%
2026-07-30,TD3C FFA 270kt Middle East Gulf to China USD/MT M Sep 26,DD3CM U26 INDEX,DD3CM U26,150.0,69.748,10462200.0,29.84%
2026-07-30,TD3C FFA 270kt Middle East Gulf to China USD/MT M Oct 26,DD3CM V26 INDEX,DD3CM V26,52.0,58.772,3056144.0,8.72%
2026-07-30,TD3C FFA 270kt Middle East Gulf to China USD/MT M Nov 26,DD3CM X26 INDEX,DD3CM X26,52.0,55.17,2868840.0,8.18%
2026-07-30,TD3C FFA 270kt Middle East Gulf to China USD/MT M Dec 26,DD3CM Z26 INDEX,DD3CM Z26,52.0,52.79,2745080.0,7.83%
2026-07-30,TD20 FFA 130kt West Africa to Continent USD/MT M Jul 26,DD20M N26 INDEX,DD20M N26,20.0,41.398,827960.0,2.36%
2026-07-30,TD20 FFA 130kt West Africa to Continent USD/MT M Aug 26,DD20M Q26 INDEX,DD20M Q26,20.0,42.53,850600.0,2.43%
2026-07-30,TD20 FFA 130kt West Africa to Continent USD/MT M Sep 26,DD20M U26 INDEX,DD20M U26,20.0,38.396,767920.0,2.19%
2026-07-30,TD20 FFA 130kt West Africa to Continent USD/MT M Oct 26,DD20M V26 INDEX,DD20M V26,15.0,35.904,538560.0,1.54%
2026-07-30,TD20 FFA 130kt West Africa to Continent USD/MT M Nov 26,DD20M X26 INDEX,DD20M X26,15.0,35.13,526950.0,1.50%
2026-07-30,TD20 FFA 130kt West Africa to Continent USD/MT M Dec 26,DD20M Z26 INDEX,DD20M Z26,15.0,34.362,515430.0,1.47%
2026-07-30,Cash & Other,Cash&Other,Cash&Other,25312502.88,1.0,25312502.88,72.19%
2026-07-30,Invesco Government & Agency Portfolio 12/31/2031,AGPXX,825252885,9750496.48,100.0,9750496.48,27.81%
2026-07-31,TD3C FFA 270kt Middle East Gulf to China USD/MT M Jul 26,DD3CM N26 INDEX,DD3CM N26,115.0,73.711,8476765.0,23.71%
2026-07-31,TD3C FFA 270kt Middle East Gulf to China USD/MT M Aug 26,DD3CM Q26 INDEX,DD3CM Q26,150.0,81.699,12254850.0,34.27%
2026-07-31,TD3C FFA 270kt Middle East Gulf to China USD/MT M Sep 26,DD3CM U26 INDEX,DD3CM U26,150.0,71.75,10762500.0,30.10%
2026-07-31,TD3C FFA 270kt Middle East Gulf to China USD/MT M Oct 26,DD3CM V26 INDEX,DD3CM V26,52.0,59.76,3107520.0,8.69%
2026-07-31,TD3C FFA 270kt Middle East Gulf to China USD/MT M Nov 26,DD3CM X26 INDEX,DD3CM X26,52.0,55.241,2872532.0,8.03%
2026-07-31,TD3C FFA 270kt Middle East Gulf to China USD/MT M Dec 26,DD3CM Z26 INDEX,DD3CM Z26,52.0,52.992,2755584.0,7.71%
2026-07-31,TD20 FFA 130kt West Africa to Continent USD/MT M Jul 26,DD20M N26 INDEX,DD20M N26,20.0,41.236,824720.0,2.31%
2026-07-31,TD20 FFA 130kt West Africa to Continent USD/MT M Aug 26,DD20M Q26 INDEX,DD20M Q26,20.0,39.055,781100.0,2.18%
2026-07-31,TD20 FFA 130kt West Africa to Continent USD/MT M Sep 26,DD20M U26 INDEX,DD20M U26,20.0,38.291,765820.0,2.14%
2026-07-31,TD20 FFA 130kt West Africa to Continent USD/MT M Oct 26,DD20M V26 INDEX,DD20M V26,20.0,35.396,707920.0,1.98%
2026-07-31,TD20 FFA 130kt West Africa to Continent USD/MT M Nov 26,DD20M X26 INDEX,DD20M X26,20.0,34.551,691020.0,1.93%
2026-07-31,TD20 FFA 130kt West Africa to Continent USD/MT M Dec 26,DD20M Z26 INDEX,DD20M Z26,20.0,33.713,674260.0,1.89%
2026-07-31,Cash & Other,Cash&Other,Cash&Other,26003042.9,1.0,26003042.9,72.72%
2026-07-31,Invesco Government & Agency Portfolio 12/31/2031,AGPXX,825252885,9750496.48,100.0,9750496.48,27.27%
2026-08-03,TD3C FFA 270kt Middle East Gulf to China USD/MT M Aug 26,DD3CM Q26 INDEX,DD3CM Q26,150.0,81.85,12277500.0,34.21%
2026-08-03,TD3C FFA 270kt Middle East Gulf to China USD/MT M Sep 26,DD3CM U26 INDEX,DD3CM U26,150.0,72.76,10914000.0,30.41%
2026-08-03,TD3C FFA 270kt Middle East Gulf to China USD/MT M Oct 26,DD3CM V26 INDEX,DD3CM V26,52.0,60.159,3128268.0,8.72%
2026-08-03,TD3C FFA 270kt Middle East Gulf to China USD/MT M Nov 26,DD3CM X26 INDEX,DD3CM X26,52.0,55.191,2869932.0,8.00%
2026-08-03,TD3C FFA 270kt Middle East Gulf to China USD/MT M Dec 26,DD3CM Z26 INDEX,DD3CM Z26,52.0,52.892,2750384.0,7.66%
2026-08-03,TD20 FFA 130kt West Africa to Continent USD/MT M Aug 26,DD20M Q26 INDEX,DD20M Q26,20.0,38.028,760560.0,2.12%
2026-08-03,TD20 FFA 130kt West Africa to Continent USD/MT M Sep 26,DD20M U26 INDEX,DD20M U26,20.0,38.109,762180.0,2.12%
2026-08-03,TD20 FFA 130kt West Africa to Continent USD/MT M Oct 26,DD20M V26 INDEX,DD20M V26,20.0,34.843,696860.0,1.94%
2026-08-03,TD20 FFA 130kt West Africa to Continent USD/MT M Nov 26,DD20M X26 INDEX,DD20M X26,20.0,33.875,677500.0,1.89%
2026-08-03,TD20 FFA 130kt West Africa to Continent USD/MT M Dec 26,DD20M Z26 INDEX,DD20M Z26,20.0,33.165,663300.0,1.85%
2026-08-03,Cash & Other,Cash&Other,Cash&Other,26130082.31,1.0,26130082.31,72.81%
2026-08-03,Invesco Government & Agency Portfolio 12/31/2031,AGPXX,825252885,9750496.48,100.0,9750496.48,27.17%
2026-08-04,TD3C FFA 270kt Middle East Gulf to China USD/MT M Aug 26,DD3CM Q26 INDEX,DD3CM Q26,160.0,81.888,13102080.0,32.21%
2026-08-04,TD3C FFA 270kt Middle East Gulf to China USD/MT M Sep 26,DD3CM U26 INDEX,DD3CM U26,150.0,71.046,10656900.0,26.20%
2026-08-04,TD3C FFA 270kt Middle East Gulf to China USD/MT M Oct 26,DD3CM V26 INDEX,DD3CM V26,57.0,59.706,3403242.0,8.37%
2026-08-04,TD3C FFA 270kt Middle East Gulf to China USD/MT M Nov 26,DD3CM X26 INDEX,DD3CM X26,57.0,54.686,3117102.0,7.66%
2026-08-04,TD3C FFA 270kt Middle East Gulf to China USD/MT M Dec 26,DD3CM Z26 INDEX,DD3CM Z26,57.0,52.347,2983779.0,7.34%
2026-08-04,TD20 FFA 130kt West Africa to Continent USD/MT M Aug 26,DD20M Q26 INDEX,DD20M Q26,30.0,35.461,1063830.0,2.62%
2026-08-04,TD20 FFA 130kt West Africa to Continent USD/MT M Sep 26,DD20M U26 INDEX,DD20M U26,30.0,36.329,1089870.0,2.68%
2026-08-04,TD20 FFA 130kt West Africa to Continent USD/MT M Oct 26,DD20M V26 INDEX,DD20M V26,25.0,34.094,852350.0,2.10%
2026-08-04,TD20 FFA 130kt West Africa to Continent USD/MT M Nov 26,DD20M X26 INDEX,DD20M X26,25.0,33.355,833875.0,2.05%
2026-08-04,TD20 FFA 130kt West Africa to Continent USD/MT M Dec 26,DD20M Z26 INDEX,DD20M Z26,25.0,32.572,814300.0,2.00%
2026-08-04,Cash & Other,Cash&Other,Cash&Other,30882648.69,1.0,30882648.69,75.92%
2026-08-04,Invesco Government & Agency Portfolio 12/31/2031,AGPXX,825252885,9769800.86,100.0,9769800.86,24.02%
2026-08-05,TD3C FFA 270kt Middle East Gulf to China USD/MT M Aug 26,DD3CM Q26 INDEX,DD3CM Q26,160.0,80.008,12801280.0,30.94%
2026-08-05,TD3C FFA 270kt Middle East Gulf to China USD/MT M Sep 26,DD3CM U26 INDEX,DD3CM U26,150.0,70.493,10573950.0,25.56%
2026-08-05,TD3C FFA 270kt Middle East Gulf to China USD/MT M Oct 26,DD3CM V26 INDEX,DD3CM V26,77.0,60.269,4640713.0,11.22%
2026-08-05,TD3C FFA 270kt Middle East Gulf to China USD/MT M Nov 26,DD3CM X26 INDEX,DD3CM X26,77.0,54.99,4234230.0,10.23%
2026-08-05,TD3C FFA 270kt Middle East Gulf to China USD/MT M Dec 26,DD3CM Z26 INDEX,DD3CM Z26,77.0,52.631,4052587.0,9.79%
2026-08-05,TD20 FFA 130kt West Africa to Continent USD/MT M Aug 26,DD20M Q26 INDEX,DD20M Q26,30.0,31.783,953490.0,2.30%
2026-08-05,TD20 FFA 130kt West Africa to Continent USD/MT M Sep 26,DD20M U26 INDEX,DD20M U26,30.0,33.078,992340.0,2.40%
2026-08-05,TD20 FFA 130kt West Africa to Continent USD/MT M Oct 26,DD20M V26 INDEX,DD20M V26,25.0,33.267,831675.0,2.01%
2026-08-05,TD20 FFA 130kt West Africa to Continent USD/MT M Nov 26,DD20M X26 INDEX,DD20M X26,25.0,32.735,818375.0,1.98%
2026-08-05,TD20 FFA 130kt West Africa to Continent USD/MT M Dec 26,DD20M Z26 INDEX,DD20M Z26,25.0,32.163,804075.0,1.94%
2026-08-05,Cash & Other,Cash&Other,Cash&Other,26387202.68,1.0,26387202.68,63.78%
2026-08-05,Invesco Government & Agency Portfolio 12/31/2031,AGPXX,825252885,14974906.85,100.0,14974906.85,36.19%
2026-08-07,TD3C FFA 270kt Middle East Gulf to China USD/MT M Aug 26,DD3CM Q26 INDEX,DD3CM Q26,160.0,85.883,13741280.0,35.14%
2026-08-07,TD3C FFA 270kt Middle East Gulf to China USD/MT M Sep 26,DD3CM U26 INDEX,DD3CM U26,150.0,72.241,10836150.0,27.71%
2026-08-07,TD3C FFA 270kt Middle East Gulf to China USD/MT M Oct 26,DD3CM V26 INDEX,DD3CM V26,77.0,59.061,4547697.0,11.63%
2026-08-07,TD3C FFA 270kt Middle East Gulf to China USD/MT M Nov 26,DD3CM X26 INDEX,DD3CM X26,77.0,56.59,4357430.0,11.14%
2026-08-07,TD3C FFA 270kt Middle East Gulf to China USD/MT M Dec 26,DD3CM Z26 INDEX,DD3CM Z26,77.0,54.038,4160926.0,10.64%
2026-08-07,TD20 FFA 130kt West Africa to Continent USD/MT M Aug 26,DD20M Q26 INDEX,DD20M Q26,30.0,34.504,1035120.0,2.65%
2026-08-07,TD20 FFA 130kt West Africa to Continent USD/MT M Sep 26,DD20M U26 INDEX,DD20M U26,30.0,35.542,1066260.0,2.73%
2026-08-07,TD20 FFA 130kt West Africa to Continent USD/MT M Oct 26,DD20M V26 INDEX,DD20M V26,25.0,34.083,852075.0,2.18%
2026-08-07,TD20 FFA 130kt West Africa to Continent USD/MT M Nov 26,DD20M X26 INDEX,DD20M X26,25.0,33.549,838725.0,2.14%
2026-08-07,TD20 FFA 130kt West Africa to Continent USD/MT M Dec 26,DD20M Z26 INDEX,DD20M Z26,25.0,33.049,826225.0,2.11%
2026-08-07,Cash & Other,Cash&Other,Cash&Other,26657459.79,1.0,26657459.79,68.17%
2026-08-07,Invesco Government & Agency Portfolio 12/31/2031,AGPXX,825252885,12439269.85,100.0,12439269.85,31.81%
2026-08-10,TD3C FFA 270kt Middle East Gulf to China USD/MT M Aug 26,DD3CM Q26 INDEX,DD3CM Q26,160.0,92.979,14876640.0,35.46%
2026-08-10,TD3C FFA 270kt Middle East Gulf to China USD/MT M Sep 26,DD3CM U26 INDEX,DD3CM U26,150.0,78.82,11823000.0,28.18%
2026-08-10,TD3C FFA 270kt Middle East Gulf to China USD/MT M Oct 26,DD3CM V26 INDEX,DD3CM V26,87.0,61.122,5317614.0,12.67%
2026-08-10,TD3C FFA 270kt Middle East Gulf to China USD/MT M Nov 26,DD3CM X26 INDEX,DD3CM X26,87.0,58.758,5111946.0,12.18%
2026-08-10,TD3C FFA 270kt Middle East Gulf to China USD/MT M Dec 26,DD3CM Z26 INDEX,DD3CM Z26,87.0,56.393,4906191.0,11.69%
2026-08-10,TD20 FFA 130kt West Africa to Continent USD/MT M Aug 26,DD20M Q26 INDEX,DD20M Q26,30.0,36.512,1095360.0,2.61%
2026-08-10,TD20 FFA 130kt West Africa to Continent USD/MT M Sep 26,DD20M U26 INDEX,DD20M U26,30.0,38.172,1145160.0,2.73%
2026-08-10,TD20 FFA 130kt West Africa to Continent USD/MT M Oct 26,DD20M V26 INDEX,DD20M V26,25.0,35.747,893675.0,2.13%
2026-08-10,TD20 FFA 130kt West Africa to Continent USD/MT M Nov 26,DD20M X26 INDEX,DD20M X26,25.0,34.524,863100.0,2.06%
2026-08-10,TD20 FFA 130kt West Africa to Continent USD/MT M Dec 26,DD20M Z26 INDEX,DD20M Z26,25.0,33.919,847975.0,2.02%
2026-08-10,Cash & Other,Cash&Other,Cash&Other,29518116.76,1.0,29518116.76,70.35%
2026-08-10,Invesco Government & Agency Portfolio 12/31/2031,AGPXX,825252885,12439269.85,100.0,12439269.85,29.65%
2026-08-11,TD3C FFA 270kt Middle East Gulf to China USD/MT M Aug 26,DD3CM Q26 INDEX,DD3CM Q26,160.0,93.797,15007520.0,36.12%
2026-08-11,TD3C FFA 270kt Middle East Gulf to China USD/MT M Sep 26,DD3CM U26 INDEX,DD3CM U26,150.0,84.416,12662400.0,30.48%
2026-08-11,TD3C FFA 270kt Middle East Gulf to China USD/MT M Oct 26,DD3CM V26 INDEX,DD3CM V26,87.0,67.901,5907387.0,14.22%
2026-08-11,TD3C FFA 270kt Middle East Gulf to China USD/MT M Nov 26,DD3CM X26 INDEX,DD3CM X26,87.0,65.114,5664918.0,13.64%
2026-08-11,TD3C FFA 270kt Middle East Gulf to China USD/MT M Dec 26,DD3CM Z26 INDEX,DD3CM Z26,87.0,61.219,5326053.0,12.82%
2026-08-11,TD20 FFA 130kt West Africa to Continent USD/MT M Aug 26,DD20M Q26 INDEX,DD20M Q26,30.0,36.189,1085670.0,2.61%
2026-08-11,TD20 FFA 130kt West Africa to Continent USD/MT M Sep 26,DD20M U26 INDEX,DD20M U26,30.0,39.87,1196100.0,2.88%
2026-08-11,TD20 FFA 130kt West Africa to Continent USD/MT M Oct 26,DD20M V26 INDEX,DD20M V26,25.0,37.29,932250.0,2.24%
2026-08-11,TD20 FFA 130kt West Africa to Continent USD/MT M Nov 26,DD20M X26 INDEX,DD20M X26,25.0,35.734,893350.0,2.15%
2026-08-11,TD20 FFA 130kt West Africa to Continent USD/MT M Dec 26,DD20M Z26 INDEX,DD20M Z26,25.0,34.685,867125.0,2.09%
2026-08-11,Cash & Other,Cash&Other,Cash&Other,29103418.66,1.0,29103418.66,70.05%
2026-08-11,Invesco Government & Agency Portfolio 12/31/2031,AGPXX,825252885,12439269.85,100.0,12439269.85,29.94%
2026-08-12,TD3C FFA 270kt Middle East Gulf to China USD/MT M Aug 26,DD3CM Q26 INDEX,DD3CM Q26,160.0,96.113,15378080.0,24.17%
2026-08-12,TD3C FFA 270kt Middle East Gulf to China USD/MT M Sep 26,DD3CM U26 INDEX,DD3CM U26,195.0,90.735,17693325.0,27.81%
2026-08-12,TD3C FFA 270kt Middle East Gulf to China USD/MT M Oct 26,DD3CM V26 INDEX,DD3CM V26,122.0,77.73,9483060.0,14.91%
2026-08-12,TD3C FFA 270kt Middle East Gulf to China USD/MT M Nov 26,DD3CM X26 INDEX,DD3CM X26,122.0,72.684,8867448.0,13.94%
2026-08-12,TD3C FFA 270kt Middle East Gulf to China USD/MT M Dec 26,DD3CM Z26 INDEX,DD3CM Z26,122.0,67.863,8279286.0,13.01%
2026-08-12,TD20 FFA 130kt West Africa to Continent USD/MT M Aug 26,DD20M Q26 INDEX,DD20M Q26,30.0,37.513,1125390.0,1.77%
2026-08-12,TD20 FFA 130kt West Africa to Continent USD/MT M Sep 26,DD20M U26 INDEX,DD20M U26,40.0,41.64,1665600.0,2.62%
2026-08-12,TD20 FFA 130kt West Africa to Continent USD/MT M Oct 26,DD20M V26 INDEX,DD20M V26,45.0,39.722,1787490.0,2.81%
2026-08-12,TD20 FFA 130kt West Africa to Continent USD/MT M Nov 26,DD20M X26 INDEX,DD20M X26,45.0,38.157,1717065.0,2.70%
2026-08-12,TD20 FFA 130kt West Africa to Continent USD/MT M Dec 26,DD20M Z26 INDEX,DD20M Z26,45.0,36.418,1638810.0,2.58%
2026-08-12,Cash & Other,Cash&Other,Cash&Other,53925792.31,1.0,53925792.31,84.77%
2026-08-12,Invesco Government & Agency Portfolio 12/31/2031,AGPXX,825252885,9364086.85,100.0,9364086.85,14.72%
2026-08-13,TD3C FFA 270kt Middle East Gulf to China USD/MT M Aug 26,DD3CM Q26 INDEX,DD3CM Q26,160.0,95.106,15216960.0,21.69%
2026-08-13,TD3C FFA 270kt Middle East Gulf to China USD/MT M Sep 26,DD3CM U26 INDEX,DD3CM U26,225.0,91.959,20690775.0,29.49%
2026-08-13,TD3C FFA 270kt Middle East Gulf to China USD/MT M Oct 26,DD3CM V26 INDEX,DD3CM V26,132.0,83.87,11070840.0,15.78%
2026-08-13,TD3C FFA 270kt Middle East Gulf to China USD/MT M Nov 26,DD3CM X26 INDEX,DD3CM X26,132.0,77.81,10270920.0,14.64%
2026-08-13,TD3C FFA 270kt Middle East Gulf to China USD/MT M Dec 26,DD3CM Z26 INDEX,DD3CM Z26,132.0,69.464,9169248.0,13.07%
2026-08-13,TD20 FFA 130kt West Africa to Continent USD/MT M Aug 26,DD20M Q26 INDEX,DD20M Q26,30.0,38.554,1156620.0,1.65%
2026-08-13,TD20 FFA 130kt West Africa to Continent USD/MT M Sep 26,DD20M U26 INDEX,DD20M U26,40.0,43.263,1730520.0,2.47%
2026-08-13,TD20 FFA 130kt West Africa to Continent USD/MT M Oct 26,DD20M V26 INDEX,DD20M V26,45.0,39.692,1786140.0,2.55%
2026-08-13,TD20 FFA 130kt West Africa to Continent USD/MT M Nov 26,DD20M X26 INDEX,DD20M X26,45.0,38.184,1718280.0,2.45%
2026-08-13,TD20 FFA 130kt West Africa to Continent USD/MT M Dec 26,DD20M Z26 INDEX,DD20M Z26,45.0,36.418,1638810.0,2.34%
2026-08-13,Cash & Other,Cash&Other,Cash&Other,42390091.31,1.0,42390091.31,60.41%
2026-08-13,Invesco Government & Agency Portfolio 12/31/2031,AGPXX,825252885,27769924.85,100.0,27769924.85,39.58%
2026-08-14,TD3C FFA 270kt Middle East Gulf to China USD/MT M Aug 26,DD3CM Q26 INDEX,DD3CM Q26,160.0,95.167,15226720.0,18.87%
2026-08-14,TD3C FFA 270kt Middle East Gulf to China USD/MT M Sep 26,DD3CM U26 INDEX,DD3CM U26,255.0,95.096,24249480.0,30.06%
2026-08-14,TD3C FFA 270kt Middle East Gulf to China USD/MT M Oct 26,DD3CM V26 INDEX,DD3CM V26,132.0,90.95,12005400.0,14.88%
2026-08-14,TD3C FFA 270kt Middle East Gulf to China USD/MT M Nov 26,DD3CM X26 INDEX,DD3CM X26,132.0,83.763,11056716.0,13.70%
2026-08-14,TD3C FFA 270kt Middle East Gulf to China USD/MT M Dec 26,DD3CM Z26 INDEX,DD3CM Z26,132.0,76.643,10116876.0,12.54%
2026-08-14,TD20 FFA 130kt West Africa to Continent USD/MT M Aug 26,DD20M Q26 INDEX,DD20M Q26,30.0,38.507,1155210.0,1.43%
2026-08-14,TD20 FFA 130kt West Africa to Continent USD/MT M Sep 26,DD20M U26 INDEX,DD20M U26,50.0,42.53,2126500.0,2.64%
2026-08-14,TD20 FFA 130kt West Africa to Continent USD/MT M Oct 26,DD20M V26 INDEX,DD20M V26,50.0,39.474,1973700.0,2.45%
2026-08-14,TD20 FFA 130kt West Africa to Continent USD/MT M Nov 26,DD20M X26 INDEX,DD20M X26,50.0,38.273,1913650.0,2.37%
2026-08-14,TD20 FFA 130kt West Africa to Continent USD/MT M Dec 26,DD20M Z26 INDEX,DD20M Z26,50.0,36.55,1827500.0,2.27%
2026-08-14,Cash & Other,Cash&Other,Cash&Other,47720698.83,1.0,47720698.83,59.15%
2026-08-14,Invesco Government & Agency Portfolio 12/31/2031,AGPXX,825252885,32892067.85,100.0,32892067.85,40.77%
2026-08-17,TD3C FFA 270kt Middle East Gulf to China USD/MT M Aug 26,DD3CM Q26 INDEX,DD3CM Q26,160.0,95.542,15286720.0,18.21%
2026-08-17,TD3C FFA 270kt Middle East Gulf to China USD/MT M Sep 26,DD3CM U26 INDEX,DD3CM U26,265.0,98.019,25975035.0,30.94%
2026-08-17,TD3C FFA 270kt Middle East Gulf to China USD/MT M Oct 26,DD3CM V26 INDEX,DD3CM V26,132.0,96.641,12756612.0,15.20%
2026-08-17,TD3C FFA 270kt Middle East Gulf to China USD/MT M Nov 26,DD3CM X26 INDEX,DD3CM X26,142.0,88.92,12626640.0,15.04%
2026-08-17,TD3C FFA 270kt Middle East Gulf to China USD/MT M Dec 26,DD3CM Z26 INDEX,DD3CM Z26,132.0,81.057,10699524.0,12.75%
2026-08-17,TD20 FFA 130kt West Africa to Continent USD/MT M Aug 26,DD20M Q26 INDEX,DD20M Q26,30.0,40.63,1218900.0,1.45%
2026-08-17,TD20 FFA 130kt West Africa to Continent USD/MT M Sep 26,DD20M U26 INDEX,DD20M U26,60.0,45.998,2759880.0,3.29%
2026-08-17,TD20 FFA 130kt West Africa to Continent USD/MT M Oct 26,DD20M V26 INDEX,DD20M V26,55.0,41.523,2283765.0,2.72%
2026-08-17,TD20 FFA 130kt West Africa to Continent USD/MT M Nov 26,DD20M X26 INDEX,DD20M X26,55.0,39.956,2197580.0,2.62%
2026-08-17,TD20 FFA 130kt West Africa to Continent USD/MT M Dec 26,DD20M Z26 INDEX,DD20M Z26,55.0,38.146,2098030.0,2.50%
2026-08-17,Cash & Other,Cash&Other,Cash&Other,43994009.26,1.0,43994009.26,52.41%
2026-08-17,Invesco Government & Agency Portfolio 12/31/2031,AGPXX,825252885,39962153.8,100.0,39962153.8,47.61%
2026-08-19,TD3C FFA 270kt Middle East Gulf to China USD/MT M Aug 26,DD3CM Q26 INDEX,DD3CM Q26,160.0,98.385,15741600.0,15.58%
2026-08-19,TD3C FFA 270kt Middle East Gulf to China USD/MT M Sep 26,DD3CM U26 INDEX,DD3CM U26,265.0,102.544,27174160.0,26.89%
2026-08-19,TD3C FFA 270kt Middle East Gulf to China USD/MT M Oct 26,DD3CM V26 INDEX,DD3CM V26,182.0,98.499,17926818.0,17.74%
2026-08-19,TD3C FFA 270kt Middle East Gulf to China USD/MT M Nov 26,DD3CM X26 INDEX,DD3CM X26,182.0,92.763,16882866.0,16.71%
2026-08-19,TD3C FFA 270kt Middle East Gulf to China USD/MT M Dec 26,DD3CM Z26 INDEX,DD3CM Z26,182.0,87.109,15853838.0,15.69%
2026-08-19,TD20 FFA 130kt West Africa to Continent USD/MT M Aug 26,DD20M Q26 INDEX,DD20M Q26,30.0,44.482,1334460.0,1.32%
2026-08-19,TD20 FFA 130kt West Africa to Continent USD/MT M Sep 26,DD20M U26 INDEX,DD20M U26,60.0,48.909,2934540.0,2.90%
2026-08-19,TD20 FFA 130kt West Africa to Continent USD/MT M Oct 26,DD20M V26 INDEX,DD20M V26,65.0,43.715,2841475.0,2.81%
2026-08-19,TD20 FFA 130kt West Africa to Continent USD/MT M Nov 26,DD20M X26 INDEX,DD20M X26,65.0,40.382,2624830.0,2.60%
2026-08-19,TD20 FFA 130kt West Africa to Continent USD/MT M Dec 26,DD20M Z26 INDEX,DD20M Z26,65.0,38.174,2481310.0,2.46%
2026-08-19,Cash & Other,Cash&Other,Cash&Other,47976535.97,1.0,47976535.97,47.48%
2026-08-19,Invesco Government & Agency Portfolio 12/31/2031,AGPXX,825252885,53149380.3,100.0,53149380.3,52.60%
2026-08-20,TD3C FFA 270kt Middle East Gulf to China USD/MT M Aug 26,DD3CM Q26 INDEX,DD3CM Q26,160.0,102.038,16326080.0,12.76%
2026-08-20,TD3C FFA 270kt Middle East Gulf to China USD/MT M Sep 26,DD3CM U26 INDEX,DD3CM U26,265.0,112.654,29853310.0,23.33%
2026-08-20,TD3C FFA 270kt Middle East Gulf to China USD/MT M Oct 26,DD3CM V26 INDEX,DD3CM V26,182.0,106.159,19320938.0,15.10%
2026-08-20,TD3C FFA 270kt Middle East Gulf to China USD/MT M Nov 26,DD3CM X26 INDEX,DD3CM X26,182.0,101.05,18391100.0,14.37%
2026-08-20,TD3C FFA 270kt Middle East Gulf to China USD/MT M Dec 26,DD3CM Z26 INDEX,DD3CM Z26,182.0,95.941,17461262.0,13.65%
2026-08-20,TD20 FFA 130kt West Africa to Continent USD/MT M Aug 26,DD20M Q26 INDEX,DD20M Q26,30.0,44.922,1347660.0,1.05%
2026-08-20,TD20 FFA 130kt West Africa to Continent USD/MT M Sep 26,DD20M U26 INDEX,DD20M U26,100.0,50.646,5064600.0,3.96%
2026-08-20,TD20 FFA 130kt West Africa to Continent USD/MT M Oct 26,DD20M V26 INDEX,DD20M V26,150.0,44.805,6720750.0,5.25%
2026-08-20,TD20 FFA 130kt West Africa to Continent USD/MT M Nov 26,DD20M X26 INDEX,DD20M X26,150.0,40.367,6055050.0,4.73%
2026-08-20,TD20 FFA 130kt West Africa to Continent USD/MT M Dec 26,DD20M Z26 INDEX,DD20M Z26,150.0,38.071,5710650.0,4.46%
2026-08-20,Cash & Other,Cash&Other,Cash&Other,74643459.63,1.0,74643459.63,58.34%
2026-08-20,Invesco Government & Agency Portfolio 12/31/2031,AGPXX,825252885,53149380.3,100.0,53149380.3,41.54%
2026-08-21,TD3C FFA 270kt Middle East Gulf to China USD/MT M Aug 26,DD3CM Q26 INDEX,DD3CM Q26,160.0,103.295,16527200.0,9.86%
2026-08-21,TD3C FFA 270kt Middle East Gulf to China USD/MT M Sep 26,DD3CM U26 INDEX,DD3CM U26,265.0,121.26,32133900.0,19.17%
2026-08-21,TD3C FFA 270kt Middle East Gulf to China USD/MT M Oct 26,DD3CM V26 INDEX,DD3CM V26,212.0,113.18,23994160.0,14.32%
2026-08-21,TD3C FFA 270kt Middle East Gulf to China USD/MT M Nov 26,DD3CM X26 INDEX,DD3CM X26,237.0,106.1,25145700.0,15.00%
2026-08-21,TD3C FFA 270kt Middle East Gulf to China USD/MT M Dec 26,DD3CM Z26 INDEX,DD3CM Z26,192.0,103.07,19789440.0,11.81%
2026-08-21,TD20 FFA 130kt West Africa to Continent USD/MT M Aug 26,DD20M Q26 INDEX,DD20M Q26,30.0,45.972,1379160.0,0.82%
2026-08-21,TD20 FFA 130kt West Africa to Continent USD/MT M Sep 26,DD20M U26 INDEX,DD20M U26,105.0,51.39,5395950.0,3.22%
2026-08-21,TD20 FFA 130kt West Africa to Continent USD/MT M Oct 26,DD20M V26 INDEX,DD20M V26,190.0,45.348,8616120.0,5.14%
2026-08-21,TD20 FFA 130kt West Africa to Continent USD/MT M Nov 26,DD20M X26 INDEX,DD20M X26,190.0,42.54,8082600.0,4.82%
2026-08-21,TD20 FFA 130kt West Africa to Continent USD/MT M Dec 26,DD20M Z26 INDEX,DD20M Z26,190.0,39.701,7543190.0,4.50%
2026-08-21,Cash & Other,Cash&Other,Cash&Other,95406341.29,1.0,95406341.29,56.92%
2026-08-21,Invesco Government & Agency Portfolio 12/31/2031,AGPXX,825252885,72021597.3,100.0,72021597.3,42.97%
