fund,period_ended,source_url,local_file_path,sha256_checksum,file_size_bytes,opening_nav_dollars,sales_of_shares_dollars,redemptions_of_shares_dollars,net_share_activity_dollars,interest_income_dollars,sponsor_fee_dollars,cta_fee_dollars,brokerage_commissions_dollars,admin_custody_fees_dollars,total_expenses_dollars,cta_fee_waiver_dollars,expenses_absorbed_dollars,net_expenses_dollars,net_investment_income_dollars,realized_futures_pnl_dollars,unrealized_futures_pnl_delta_dollars,net_futures_pnl_dollars,net_income_loss_dollars,closing_nav_dollars,shares_outstanding,nav_per_share,balance_identity_err_dollars,balance_identity_valid,share_identity_err_dollars,share_identity_valid
BDRY,March-2018,https://amplifyetfs.com/wp-content/uploads/files/BDRY/Account_Statements/BDRY_March-2018.pdf,data/cftc_statements/raw_pdf/BDRY\BDRY_March-2018.pdf,159b92eff74d478fd056f3e43c550c6b25eed03915f8edb3e63826841858f61f,3644363,,0.0,0.0,0.0,0.0,0.0,0.0,0.0,0.0,0.0,0.0,0.0,0.0,0.0,0.0,0.0,0.0,0.0,,,,,False,,False
BDRY,April-2018,https://amplifyetfs.com/wp-content/uploads/files/BDRY/Account_Statements/BDRY_April-2018.pdf,data/cftc_statements/raw_pdf/BDRY\BDRY_April-2018.pdf,1bf685e84a94c181d27c9dd848cc475f619faf82a1fb2aafa0062a02048cda40,30536,,0.0,0.0,0.0,0.0,0.0,0.0,0.0,0.0,0.0,0.0,0.0,0.0,0.0,0.0,0.0,0.0,0.0,,,,,False,,False
BDRY,May-2018,https://amplifyetfs.com/wp-content/uploads/files/BDRY/Account_Statements/BDRY_May-2018.pdf,data/cftc_statements/raw_pdf/BDRY\BDRY_May-2018.pdf,44907fcbdaca6a891774207edc55c4daad834a431a2cc750210edaf130b13da6,26335,,0.0,0.0,0.0,0.0,0.0,0.0,0.0,0.0,0.0,0.0,0.0,0.0,0.0,0.0,0.0,0.0,0.0,,,,,False,,False
BDRY,June-2018,https://amplifyetfs.com/wp-content/uploads/files/BDRY/Account_Statements/BDRY_June-2018.pdf,data/cftc_statements/raw_pdf/BDRY\BDRY_June-2018.pdf,18d3416fbe5b585b705561cff255c3f2ec27450daf2a25a2357dda3d0d177881,26054,,0.0,0.0,0.0,0.0,0.0,0.0,0.0,0.0,0.0,0.0,0.0,0.0,0.0,0.0,0.0,0.0,0.0,,,,,False,,False
BDRY,July-2018,https://amplifyetfs.com/wp-content/uploads/files/BDRY/Account_Statements/BDRY_July-2018.pdf,data/cftc_statements/raw_pdf/BDRY\BDRY_July-2018.pdf,087a08835e5f7ab03bde743e7e3326b0967783d30474061679406793dfa3e397,29107,,0.0,0.0,0.0,0.0,0.0,0.0,0.0,0.0,0.0,0.0,0.0,0.0,0.0,0.0,0.0,0.0,0.0,,,,,False,,False
BDRY,August-2018,https://amplifyetfs.com/wp-content/uploads/files/BDRY/Account_Statements/BDRY_August-2018.pdf,data/cftc_statements/raw_pdf/BDRY\BDRY_August-2018.pdf,745c8bcae9e384877d1470249b489fd99ebf40c09f1d2268f21361a95e33be4e,29444,,0.0,0.0,0.0,0.0,0.0,0.0,0.0,0.0,0.0,0.0,0.0,0.0,0.0,0.0,0.0,0.0,0.0,,,,,False,,False
BDRY,September-2018,https://amplifyetfs.com/wp-content/uploads/files/BDRY/Account_Statements/BDRY_September-2018.pdf,data/cftc_statements/raw_pdf/BDRY\BDRY_September-2018.pdf,04ce0b61a8e347e14aa36381369a4b9d0797ac6345e44b3b02417c255a384167,30428,,0.0,0.0,0.0,0.0,0.0,0.0,0.0,0.0,0.0,0.0,0.0,0.0,0.0,0.0,0.0,0.0,0.0,,,,,False,,False
BDRY,October-2018,https://amplifyetfs.com/wp-content/uploads/files/BDRY/Account_Statements/BDRY_October-2018.pdf,data/cftc_statements/raw_pdf/BDRY\BDRY_October-2018.pdf,b8ff41890fdc46d57e3703989a918e83c54f0ab2282b9e2aca0ae3da97ab178d,39304,,0.0,0.0,0.0,0.0,0.0,0.0,0.0,0.0,0.0,0.0,0.0,0.0,0.0,0.0,0.0,0.0,0.0,,,,,False,,False
BDRY,November-2018,https://amplifyetfs.com/wp-content/uploads/files/BDRY/Account_Statements/BDRY_November-2018.pdf,data/cftc_statements/raw_pdf/BDRY\BDRY_November-2018.pdf,bf6c2bd93bede42b2b7612a4d70eb1c97c02085311d8636399d49f3fd61f0b03,453170,,0.0,0.0,0.0,0.0,0.0,0.0,0.0,0.0,0.0,0.0,0.0,0.0,0.0,0.0,0.0,0.0,0.0,,,,,False,,False
BDRY,December-2018,https://amplifyetfs.com/wp-content/uploads/files/BDRY/Account_Statements/BDRY_December-2018.pdf,data/cftc_statements/raw_pdf/BDRY\BDRY_December-2018.pdf,af486e2fd6e48091ae5d4db3b7ff742c57278b94815010074f6c92aa58d65a6a,260977,,0.0,0.0,0.0,0.0,0.0,0.0,0.0,0.0,0.0,0.0,0.0,0.0,0.0,0.0,0.0,0.0,0.0,,,,,False,,False
BDRY,January-2019,https://amplifyetfs.com/wp-content/uploads/files/BDRY/Account_Statements/BDRY_January-2019.pdf,data/cftc_statements/raw_pdf/BDRY\BDRY_January-2019.pdf,fe8bb9db382da317eb762bd2a143c815a4c42438be595dd3b7ba40b0ace02b03,30062,,0.0,0.0,0.0,0.0,0.0,0.0,0.0,0.0,0.0,0.0,0.0,0.0,0.0,0.0,0.0,0.0,0.0,,,,,False,,False
BDRY,February-2019,https://amplifyetfs.com/wp-content/uploads/files/BDRY/Account_Statements/BDRY_February-2019.pdf,data/cftc_statements/raw_pdf/BDRY\BDRY_February-2019.pdf,62b0c4ceadc38ebdc10516ca2271b29c85c1a52e5e922e449c7031c7770854c1,258096,,0.0,0.0,0.0,0.0,0.0,0.0,0.0,0.0,0.0,0.0,0.0,0.0,0.0,0.0,0.0,0.0,0.0,,,,,False,,False
BDRY,March-2019,https://amplifyetfs.com/wp-content/uploads/files/BDRY/Account_Statements/BDRY_March-2019.pdf,data/cftc_statements/raw_pdf/BDRY\BDRY_March-2019.pdf,6b5ad4d0d6fcba86b51a5c2acc5c3382db6fe24d58df21566854ce24c36f1bdb,716067,,0.0,0.0,0.0,0.0,0.0,0.0,0.0,0.0,0.0,0.0,0.0,0.0,0.0,0.0,0.0,0.0,0.0,,,,,False,,False
BDRY,April-2019,https://amplifyetfs.com/wp-content/uploads/files/BDRY/Account_Statements/BDRY_April-2019.pdf,data/cftc_statements/raw_pdf/BDRY\BDRY_April-2019.pdf,daae9e5185ec5e5be285e4762c3babc0ef0b3f9465a1b4b507f3724035e1ca80,26835,,0.0,0.0,0.0,0.0,0.0,0.0,0.0,0.0,0.0,0.0,0.0,0.0,0.0,0.0,0.0,0.0,0.0,,,,,False,,False
BDRY,May-2019,https://amplifyetfs.com/wp-content/uploads/files/BDRY/Account_Statements/BDRY_May-2019.pdf,data/cftc_statements/raw_pdf/BDRY\BDRY_May-2019.pdf,cefadbb26486ca39db3c7886ed9cd54cfdd4366834a09f89a444ede46b7bd52d,261052,,0.0,0.0,0.0,0.0,0.0,0.0,0.0,0.0,0.0,0.0,0.0,0.0,0.0,0.0,0.0,0.0,0.0,,,,,False,,False
BDRY,June-2019,https://amplifyetfs.com/wp-content/uploads/files/BDRY/Account_Statements/BDRY_June-2019.pdf,data/cftc_statements/raw_pdf/BDRY\BDRY_June-2019.pdf,191c5d6be6966b66b3018afb110b928667aea3c7059c450ed3173a9da46dfb3a,23527,,0.0,0.0,0.0,0.0,0.0,0.0,0.0,0.0,0.0,0.0,0.0,0.0,0.0,0.0,0.0,0.0,0.0,,,,,False,,False
BDRY,July-2019,https://amplifyetfs.com/wp-content/uploads/files/BDRY/Account_Statements/BDRY_July-2019.pdf,data/cftc_statements/raw_pdf/BDRY\BDRY_July-2019.pdf,d9b062f1951e7ba58e126b573681c891c56ca717436bbfc866c2019d40c6d580,260608,,0.0,0.0,0.0,0.0,0.0,0.0,0.0,0.0,0.0,0.0,0.0,0.0,0.0,0.0,0.0,0.0,0.0,,,,,False,,False
BDRY,August-2019,https://amplifyetfs.com/wp-content/uploads/files/BDRY/Account_Statements/BDRY_August-2019.pdf,data/cftc_statements/raw_pdf/BDRY\BDRY_August-2019.pdf,e0388b654b784347852d2789154ff749c4fdff6e56a9e69eee258c46860473c6,271689,,0.0,0.0,0.0,0.0,0.0,0.0,0.0,0.0,0.0,0.0,0.0,0.0,0.0,0.0,0.0,0.0,0.0,,,,,False,,False
BDRY,September-2019,https://amplifyetfs.com/wp-content/uploads/files/BDRY/Account_Statements/BDRY_September-2019.pdf,data/cftc_statements/raw_pdf/BDRY\BDRY_September-2019.pdf,00715f0315107a225e41a0fea2723aa4beccf1a04a29b48b90c5f3751446e632,270676,,0.0,0.0,0.0,0.0,0.0,0.0,0.0,0.0,0.0,0.0,0.0,0.0,0.0,0.0,0.0,0.0,0.0,,,,,False,,False
BDRY,October-2019,https://amplifyetfs.com/wp-content/uploads/files/BDRY/Account_Statements/BDRY_October-2019.pdf,data/cftc_statements/raw_pdf/BDRY\BDRY_October-2019.pdf,533a1a6f0e845467f82f7e0ab9e29044b7a807b990f6c06fa71542eb96df8ad5,57938,,0.0,0.0,0.0,0.0,0.0,0.0,0.0,0.0,0.0,0.0,0.0,0.0,0.0,0.0,0.0,0.0,0.0,,,,,False,,False
BDRY,November-2019,https://amplifyetfs.com/wp-content/uploads/files/BDRY/Account_Statements/BDRY_November-2019.pdf,data/cftc_statements/raw_pdf/BDRY\BDRY_November-2019.pdf,975c4841a49c31be4dde0679654265490e31131792b33463d16760eaa30d5b9c,1283998,,0.0,0.0,0.0,0.0,0.0,0.0,0.0,0.0,0.0,0.0,0.0,0.0,0.0,0.0,0.0,0.0,0.0,,,,,False,,False
BDRY,December-2019,https://amplifyetfs.com/wp-content/uploads/files/BDRY/Account_Statements/BDRY_December-2019.pdf,data/cftc_statements/raw_pdf/BDRY\BDRY_December-2019.pdf,c2640472972360fd5b79baa08d112156b34394e192854892576e580789a121fc,264524,,0.0,0.0,0.0,0.0,0.0,0.0,0.0,0.0,0.0,0.0,0.0,0.0,0.0,0.0,0.0,0.0,0.0,,,,,False,,False
BDRY,January-2020,https://amplifyetfs.com/wp-content/uploads/files/BDRY/Account_Statements/BDRY_January-2020.pdf,data/cftc_statements/raw_pdf/BDRY\BDRY_January-2020.pdf,3f11ae292f0dc5cb92855bc09d934459dc31ad401f506a019289d9cbaada17d8,477604,,0.0,0.0,0.0,0.0,0.0,0.0,0.0,0.0,0.0,0.0,0.0,0.0,0.0,0.0,0.0,0.0,0.0,,,,,False,,False
BDRY,February-2020,https://amplifyetfs.com/wp-content/uploads/files/BDRY/Account_Statements/BDRY_February-2020.pdf,data/cftc_statements/raw_pdf/BDRY\BDRY_February-2020.pdf,770df7235fd2dc45ed8b17c4491425983a626d363498636992351742f68cd23b,463346,,0.0,0.0,0.0,0.0,0.0,0.0,0.0,0.0,0.0,0.0,0.0,0.0,0.0,0.0,0.0,0.0,0.0,,,,,False,,False
BDRY,March-2020,https://amplifyetfs.com/wp-content/uploads/files/BDRY/Account_Statements/BDRY_March-2020.pdf,data/cftc_statements/raw_pdf/BDRY\BDRY_March-2020.pdf,7a0d909792f72fd67a0a63a7baa5b21baa453d1e33a8966f1e3a3ee09cf248e5,461311,,0.0,0.0,0.0,0.0,0.0,0.0,0.0,0.0,0.0,0.0,0.0,0.0,0.0,0.0,0.0,0.0,0.0,,,,,False,,False
BDRY,April-2020,https://amplifyetfs.com/wp-content/uploads/files/BDRY/Account_Statements/BDRY_April-2020.pdf,data/cftc_statements/raw_pdf/BDRY\BDRY_April-2020.pdf,6075afd2321c8bf8f1788e9e73dd7c1da016559812663c178c7f4c1ce2c86bf7,465688,,0.0,0.0,0.0,0.0,0.0,0.0,0.0,0.0,0.0,0.0,0.0,0.0,0.0,0.0,0.0,0.0,0.0,,,,,False,,False
BDRY,May-2020,https://amplifyetfs.com/wp-content/uploads/files/BDRY/Account_Statements/BDRY_May-2020.pdf,data/cftc_statements/raw_pdf/BDRY\BDRY_May-2020.pdf,dc3627432e5dc53f5c3c486c693de1a9d5be9bee3b58a235f46df1152c02cb43,458360,,0.0,0.0,0.0,0.0,0.0,0.0,0.0,0.0,0.0,0.0,0.0,0.0,0.0,0.0,0.0,0.0,0.0,,,,,False,,False
BDRY,June-2020,https://amplifyetfs.com/wp-content/uploads/files/BDRY/Account_Statements/BDRY_June-2020.pdf,data/cftc_statements/raw_pdf/BDRY\BDRY_June-2020.pdf,2cbcd6eafae5ee121cd4d1874af7b64a008c5723fa8d89f245eaaeef0bbd88de,458259,,0.0,0.0,0.0,0.0,0.0,0.0,0.0,0.0,0.0,0.0,0.0,0.0,0.0,0.0,0.0,0.0,0.0,,,,,False,,False
BDRY,July-2020,https://amplifyetfs.com/wp-content/uploads/files/BDRY/Account_Statements/BDRY_July-2020.pdf,data/cftc_statements/raw_pdf/BDRY\BDRY_July-2020.pdf,b15de0446aac3668402e18d96587dffd5735cf89878b65c55a329543574d68f7,463751,,0.0,0.0,0.0,0.0,0.0,0.0,0.0,0.0,0.0,0.0,0.0,0.0,0.0,0.0,0.0,0.0,0.0,,,,,False,,False
BDRY,August-2020,https://amplifyetfs.com/wp-content/uploads/files/BDRY/Account_Statements/BDRY_August-2020.pdf,data/cftc_statements/raw_pdf/BDRY\BDRY_August-2020.pdf,e65b8245696e43ea43b407b8fd771b33f07b627ee5c28b0134fca1aea99d4bb8,451335,,0.0,0.0,0.0,0.0,0.0,0.0,0.0,0.0,0.0,0.0,0.0,0.0,0.0,0.0,0.0,0.0,0.0,,,,,False,,False
BDRY,September-2020,https://amplifyetfs.com/wp-content/uploads/files/BDRY/Account_Statements/BDRY_September-2020.pdf,data/cftc_statements/raw_pdf/BDRY\BDRY_September-2020.pdf,0aa5f586622917f694a5bc51fdab9c675285cde78f311d05fd3d18ed5480048f,438912,,0.0,0.0,0.0,0.0,0.0,0.0,0.0,0.0,0.0,0.0,0.0,0.0,0.0,0.0,0.0,0.0,0.0,,,,,False,,False
BDRY,October-2020,https://amplifyetfs.com/wp-content/uploads/files/BDRY/Account_Statements/BDRY_October-2020.pdf,data/cftc_statements/raw_pdf/BDRY\BDRY_October-2020.pdf,47c66fdc54563a33c3ae66b92b8e0fb087341ba79161c3f2bbcbdc57f73fdb75,444085,,0.0,0.0,0.0,0.0,0.0,0.0,0.0,0.0,0.0,0.0,0.0,0.0,0.0,0.0,0.0,0.0,0.0,,,,,False,,False
BDRY,November-2020,https://amplifyetfs.com/wp-content/uploads/files/BDRY/Account_Statements/BDRY_November-2020.pdf,data/cftc_statements/raw_pdf/BDRY\BDRY_November-2020.pdf,2e9cbe14b9844b8cb192bd6f1d41eac4832832a3b16a853a71d281fd51a33d5e,456760,,0.0,0.0,0.0,0.0,0.0,0.0,0.0,0.0,0.0,0.0,0.0,0.0,0.0,0.0,0.0,0.0,0.0,,,,,False,,False
BDRY,December-2020,https://amplifyetfs.com/wp-content/uploads/files/BDRY/Account_Statements/BDRY_December-2020.pdf,data/cftc_statements/raw_pdf/BDRY\BDRY_December-2020.pdf,b8ae04f844aa5f947f52f6e765937102cfad733a4fb49c44e5cdfb7cd7c02507,443077,,0.0,0.0,0.0,0.0,0.0,0.0,0.0,0.0,0.0,0.0,0.0,0.0,0.0,0.0,0.0,0.0,0.0,,,,,False,,False
BDRY,January-2021,https://amplifyetfs.com/wp-content/uploads/files/BDRY/Account_Statements/BDRY_January-2021.pdf,data/cftc_statements/raw_pdf/BDRY\BDRY_January-2021.pdf,f6fb471baa5543b1e3201e93372d61e6653427785a98f170fe96946bd380bb04,449010,,0.0,0.0,0.0,0.0,0.0,0.0,0.0,0.0,0.0,0.0,0.0,0.0,0.0,0.0,0.0,0.0,0.0,,,,,False,,False
BDRY,February-2021,https://amplifyetfs.com/wp-content/uploads/files/BDRY/Account_Statements/BDRY_February-2021.pdf,data/cftc_statements/raw_pdf/BDRY\BDRY_February-2021.pdf,5ab4eed3d997c81d0886a3cb2dc09241301bcc9dc895793f48168697c23db7f5,431934,,0.0,0.0,0.0,0.0,0.0,0.0,0.0,0.0,0.0,0.0,0.0,0.0,0.0,0.0,0.0,0.0,0.0,,,,,False,,False
BDRY,March-2021,https://amplifyetfs.com/wp-content/uploads/files/BDRY/Account_Statements/BDRY_March-2021.pdf,data/cftc_statements/raw_pdf/BDRY\BDRY_March-2021.pdf,4ed7ac6a1d8b09ff0a8f68ea133e338b181c2d45075edf7c44635f7f8914b9a8,448680,,0.0,0.0,0.0,0.0,0.0,0.0,0.0,0.0,0.0,0.0,0.0,0.0,0.0,0.0,0.0,0.0,0.0,,,,,False,,False
BDRY,April-2021,https://amplifyetfs.com/wp-content/uploads/files/BDRY/Account_Statements/BDRY_April-2021.pdf,data/cftc_statements/raw_pdf/BDRY\BDRY_April-2021.pdf,6cce388a867fba164dd6f600c4bd62cdb9c027473f18072de5ad89ed19bb074b,447912,,0.0,0.0,0.0,0.0,0.0,0.0,0.0,0.0,0.0,0.0,0.0,0.0,0.0,0.0,0.0,0.0,0.0,,,,,False,,False
BDRY,May-2021,https://amplifyetfs.com/wp-content/uploads/files/BDRY/Account_Statements/BDRY_May-2021.pdf,data/cftc_statements/raw_pdf/BDRY\BDRY_May-2021.pdf,ca69eb916e226e8718be9aa68c0670aaa1f5899ac506fa8ab5dc5034f6be9135,425729,,0.0,0.0,0.0,0.0,0.0,0.0,0.0,0.0,0.0,0.0,0.0,0.0,0.0,0.0,0.0,0.0,0.0,,,,,False,,False
BDRY,June-2021,https://amplifyetfs.com/wp-content/uploads/files/BDRY/Account_Statements/BDRY_June-2021.pdf,data/cftc_statements/raw_pdf/BDRY\BDRY_June-2021.pdf,bb6f7314c614e45ba25cd2beca642b39c7844c6c6a8ad6b0d6f2b35e9a3a0095,448894,,0.0,0.0,0.0,0.0,0.0,0.0,0.0,0.0,0.0,0.0,0.0,0.0,0.0,0.0,0.0,0.0,0.0,,,,,False,,False
BDRY,July-2021,https://amplifyetfs.com/wp-content/uploads/files/BDRY/Account_Statements/BDRY_July-2021.pdf,data/cftc_statements/raw_pdf/BDRY\BDRY_July-2021.pdf,d189562928cc3730a5f7ec6f3dc7d0cc6c3314aa31cbd2f323469e9087b19801,431833,,0.0,0.0,0.0,0.0,0.0,0.0,0.0,0.0,0.0,0.0,0.0,0.0,0.0,0.0,0.0,0.0,0.0,,,,,False,,False
BDRY,August-2021,https://amplifyetfs.com/wp-content/uploads/files/BDRY/Account_Statements/BDRY_August-2021.pdf,data/cftc_statements/raw_pdf/BDRY\BDRY_August-2021.pdf,ea36ef10a6878202f6094b1e174a3b95719050c2731fbc8542a37be66f41a803,445734,,0.0,0.0,0.0,0.0,0.0,0.0,0.0,0.0,0.0,0.0,0.0,0.0,0.0,0.0,0.0,0.0,0.0,,,,,False,,False
BDRY,September-2021,https://amplifyetfs.com/wp-content/uploads/files/BDRY/Account_Statements/BDRY_September-2021.pdf,data/cftc_statements/raw_pdf/BDRY\BDRY_September-2021.pdf,730995a01d07a2ed731cd99b2b84513c626cef035789346db1b5e32226cd438e,443347,,0.0,0.0,0.0,0.0,0.0,0.0,0.0,0.0,0.0,0.0,0.0,0.0,0.0,0.0,0.0,0.0,0.0,,,,,False,,False
BDRY,October-2021,https://amplifyetfs.com/wp-content/uploads/files/BDRY/Account_Statements/BDRY_October-2021.pdf,data/cftc_statements/raw_pdf/BDRY\BDRY_October-2021.pdf,fa22c40f94d9bdd8242afb2d553419b02b5c0aea550678613b3a8f5438a66125,449361,,0.0,0.0,0.0,0.0,0.0,0.0,0.0,0.0,0.0,0.0,0.0,0.0,0.0,0.0,0.0,0.0,0.0,,,,,False,,False
BDRY,November-2021,https://amplifyetfs.com/wp-content/uploads/files/BDRY/Account_Statements/BDRY_November-2021.pdf,data/cftc_statements/raw_pdf/BDRY\BDRY_November-2021.pdf,37a01b8babec0e2d080c9f4dc83a2031b633904a1ffe687d9cdead3523829db6,445087,,0.0,0.0,0.0,0.0,0.0,0.0,0.0,0.0,0.0,0.0,0.0,0.0,0.0,0.0,0.0,0.0,0.0,,,,,False,,False
BDRY,December-2021,https://amplifyetfs.com/wp-content/uploads/files/BDRY/Account_Statements/BDRY_December-2021.pdf,data/cftc_statements/raw_pdf/BDRY\BDRY_December-2021.pdf,60889b758a594b9e1519acf726045d24295416ef803de1b3c6c6019f98252a02,39724,,0.0,0.0,0.0,0.0,0.0,0.0,0.0,0.0,0.0,0.0,0.0,0.0,0.0,0.0,0.0,0.0,0.0,,,,,False,,False
BDRY,January-2022,https://amplifyetfs.com/wp-content/uploads/files/BDRY/Account_Statements/BDRY_January-2022.pdf,data/cftc_statements/raw_pdf/BDRY\BDRY_January-2022.pdf,8faed2570ed937796c74836e7a4712a7907034382fe60bedeb9ab8845ddfe274,259590,,0.0,0.0,0.0,0.0,0.0,0.0,0.0,0.0,0.0,0.0,0.0,0.0,0.0,0.0,0.0,0.0,0.0,,,,,False,,False
BDRY,February-2022,https://amplifyetfs.com/wp-content/uploads/files/BDRY/Account_Statements/BDRY_February-2022.pdf,data/cftc_statements/raw_pdf/BDRY\BDRY_February-2022.pdf,59fe95731736bb8ce202b51af5f20c472d56e7e099822cda3d3a2b163dd31314,253063,,0.0,0.0,0.0,0.0,0.0,0.0,0.0,0.0,0.0,0.0,0.0,0.0,0.0,0.0,0.0,0.0,0.0,,,,,False,,False
BDRY,March-2022,https://amplifyetfs.com/wp-content/uploads/files/BDRY/Account_Statements/BDRY_March-2022.pdf,data/cftc_statements/raw_pdf/BDRY\BDRY_March-2022.pdf,696b7d10f876dc30e64b1f0f62cafc66ea1f409fc07fe9e57b03a98814b30d3f,249818,,0.0,0.0,0.0,0.0,0.0,0.0,0.0,0.0,0.0,0.0,0.0,0.0,0.0,0.0,0.0,0.0,0.0,,,,,False,,False
BDRY,April-2022,https://amplifyetfs.com/wp-content/uploads/files/BDRY/Account_Statements/BDRY_April-2022.pdf,data/cftc_statements/raw_pdf/BDRY\BDRY_April-2022.pdf,e8435bf838e989101b24b6dd2930212f5d77e395bb7a72f14489073b81f8251e,248074,,0.0,0.0,0.0,0.0,0.0,0.0,0.0,0.0,0.0,0.0,0.0,0.0,0.0,0.0,0.0,0.0,0.0,,,,,False,,False
BDRY,May-2022,https://amplifyetfs.com/wp-content/uploads/files/BDRY/Account_Statements/BDRY_May-2022.pdf,data/cftc_statements/raw_pdf/BDRY\BDRY_May-2022.pdf,e6445933db7a3c18d0109862b8164af5aa478d0dcb999e7ae8aa94f65f691488,248821,,0.0,0.0,0.0,0.0,0.0,0.0,0.0,0.0,0.0,0.0,0.0,0.0,0.0,0.0,0.0,0.0,0.0,,,,,False,,False
BDRY,June-2022,https://amplifyetfs.com/wp-content/uploads/files/BDRY/Account_Statements/BDRY_June-2022.pdf,data/cftc_statements/raw_pdf/BDRY\BDRY_June-2022.pdf,d026723af2d484328d38a9ae57d3a8aef63522a35363715a462a0b25625451b0,250242,,0.0,0.0,0.0,0.0,0.0,0.0,0.0,0.0,0.0,0.0,0.0,0.0,0.0,0.0,0.0,0.0,0.0,,,,,False,,False
BDRY,July-2022,https://amplifyetfs.com/wp-content/uploads/files/BDRY/Account_Statements/BDRY_July-2022.pdf,data/cftc_statements/raw_pdf/BDRY\BDRY_July-2022.pdf,d08c98a1d442bf13871938ee134e9ea010a9224f84b46c9030c0361c053f8f3f,252815,,0.0,0.0,0.0,0.0,0.0,0.0,0.0,0.0,0.0,0.0,0.0,0.0,0.0,0.0,0.0,0.0,0.0,,,,,False,,False
BDRY,August-2022,https://amplifyetfs.com/wp-content/uploads/files/BDRY/Account_Statements/BDRY_August-2022.pdf,data/cftc_statements/raw_pdf/BDRY\BDRY_August-2022.pdf,1cc2fdd36151a2f42c4e471076cf0535787219dcd7eb069483c49bb708299e27,24740,,0.0,0.0,0.0,0.0,0.0,0.0,0.0,0.0,0.0,0.0,0.0,0.0,0.0,0.0,0.0,0.0,0.0,,,,,False,,False
BDRY,September-2022,https://amplifyetfs.com/wp-content/uploads/files/BDRY/Account_Statements/BDRY_September-2022.pdf,data/cftc_statements/raw_pdf/BDRY\BDRY_September-2022.pdf,128b4e7162bd286e8250d8093dd9a66b895d6dfd8d04e98ecfbc32f5fd781761,26568,,0.0,0.0,0.0,0.0,0.0,0.0,0.0,0.0,0.0,0.0,0.0,0.0,0.0,0.0,0.0,0.0,0.0,,,,,False,,False
BDRY,October-2022,https://amplifyetfs.com/wp-content/uploads/files/BDRY/Account_Statements/BDRY_October-2022.pdf,data/cftc_statements/raw_pdf/BDRY\BDRY_October-2022.pdf,6a2b7602f2a18a224e5937baaa75c9b91f89b0e6598bee247ed9afe65036cc32,259923,,0.0,0.0,0.0,0.0,0.0,0.0,0.0,0.0,0.0,0.0,0.0,0.0,0.0,0.0,0.0,0.0,0.0,,,,,False,,False
BDRY,November-2022,https://amplifyetfs.com/wp-content/uploads/files/BDRY/Account_Statements/BDRY_November-2022.pdf,data/cftc_statements/raw_pdf/BDRY\BDRY_November-2022.pdf,7481706acfd0e0fb69f5e46ec70af911f37cc8d70b71efcf2aa7515e80b15aa9,258752,,0.0,0.0,0.0,0.0,0.0,0.0,0.0,0.0,0.0,0.0,0.0,0.0,0.0,0.0,0.0,0.0,0.0,,,,,False,,False
BDRY,December-2022,https://amplifyetfs.com/wp-content/uploads/files/BDRY/Account_Statements/BDRY_December-2022.pdf,data/cftc_statements/raw_pdf/BDRY\BDRY_December-2022.pdf,0b9dedc6cfaca5a4135e429acfc2dc2eadcaedd93415037f63f6832142148861,254322,,0.0,0.0,0.0,0.0,0.0,0.0,0.0,0.0,0.0,0.0,0.0,0.0,0.0,0.0,0.0,0.0,0.0,,,,,False,,False
BDRY,January-2023,https://amplifyetfs.com/wp-content/uploads/files/BDRY/Account_Statements/BDRY_January-2023.pdf,data/cftc_statements/raw_pdf/BDRY\BDRY_January-2023.pdf,6a2b80f15ab34db1a332646fda220e588ce7dbf3502bf40f46cebeae64444dbe,255358,,0.0,0.0,0.0,0.0,0.0,0.0,0.0,0.0,0.0,0.0,0.0,0.0,0.0,0.0,0.0,0.0,0.0,,,,,False,,False
BDRY,February-2023,https://amplifyetfs.com/wp-content/uploads/files/BDRY/Account_Statements/BDRY_February-2023.pdf,data/cftc_statements/raw_pdf/BDRY\BDRY_February-2023.pdf,82b1feb62f7b7882ca998b873921a3ba02d7cd41d282ae23e13b5fd29ce0a656,256468,,0.0,0.0,0.0,0.0,0.0,0.0,0.0,0.0,0.0,0.0,0.0,0.0,0.0,0.0,0.0,0.0,0.0,,,,,False,,False
BDRY,March-2023,https://amplifyetfs.com/wp-content/uploads/files/BDRY/Account_Statements/BDRY_March-2023.pdf,data/cftc_statements/raw_pdf/BDRY\BDRY_March-2023.pdf,f60622f7cbe257b6ededbbab36b0853a8417a79a2973db16e5b293d11ca012c5,256871,,0.0,0.0,0.0,0.0,0.0,0.0,0.0,0.0,0.0,0.0,0.0,0.0,0.0,0.0,0.0,0.0,0.0,,,,,False,,False
BDRY,April-2023,https://amplifyetfs.com/wp-content/uploads/files/BDRY/Account_Statements/BDRY_April-2023.pdf,data/cftc_statements/raw_pdf/BDRY\BDRY_April-2023.pdf,187134d2d6099c95276ab4bf18aa2910bbd3ee119c0ae7f0299f30fa6a0808dc,249323,,0.0,0.0,0.0,0.0,0.0,0.0,0.0,0.0,0.0,0.0,0.0,0.0,0.0,0.0,0.0,0.0,0.0,,,,,False,,False
BDRY,May-2023,https://amplifyetfs.com/wp-content/uploads/files/BDRY/Account_Statements/BDRY_May-2023.pdf,data/cftc_statements/raw_pdf/BDRY\BDRY_May-2023.pdf,5a90baddef081d8b468bc02a0f49b363a8cb93b8a7cdcac784261df6a5a40e8e,250177,,0.0,0.0,0.0,0.0,0.0,0.0,0.0,0.0,0.0,0.0,0.0,0.0,0.0,0.0,0.0,0.0,0.0,,,,,False,,False
BDRY,June-2023,https://amplifyetfs.com/wp-content/uploads/files/BDRY/Account_Statements/BDRY_June-2023.pdf,data/cftc_statements/raw_pdf/BDRY\BDRY_June-2023.pdf,e0d834a26ed9c46f0b00ede1e37ada71bbc54b03dcb7e1d7d4bcc46ca19e5a13,24829,,0.0,0.0,0.0,0.0,0.0,0.0,0.0,0.0,0.0,0.0,0.0,0.0,0.0,0.0,0.0,0.0,0.0,,,,,False,,False
BDRY,July-2023,https://amplifyetfs.com/wp-content/uploads/files/BDRY/Account_Statements/BDRY_July-2023.pdf,data/cftc_statements/raw_pdf/BDRY\BDRY_July-2023.pdf,e2864f543b0e7844570b548e13772d4ef2a8313cb928c0c53ecaeaa93f9ce5af,250315,,0.0,0.0,0.0,0.0,0.0,0.0,0.0,0.0,0.0,0.0,0.0,0.0,0.0,0.0,0.0,0.0,0.0,,,,,False,,False
BDRY,August-2023,https://amplifyetfs.com/wp-content/uploads/files/BDRY/Account_Statements/BDRY_August-2023.pdf,data/cftc_statements/raw_pdf/BDRY\BDRY_August-2023.pdf,e2b55f4fe13fa9526119d3e68a9a5cf3c66a0223582d7f97a1d6aa15ae548eb7,250119,,0.0,0.0,0.0,0.0,0.0,0.0,0.0,0.0,0.0,0.0,0.0,0.0,0.0,0.0,0.0,0.0,0.0,,,,,False,,False
BDRY,September-2023,https://amplifyetfs.com/wp-content/uploads/files/BDRY/Account_Statements/BDRY_September-2023.pdf,data/cftc_statements/raw_pdf/BDRY\BDRY_September-2023.pdf,de2e659c12772d0909e419a473902a4952deca9a93ef0b1de4606f5fd08b1422,252228,,0.0,0.0,0.0,0.0,0.0,0.0,0.0,0.0,0.0,0.0,0.0,0.0,0.0,0.0,0.0,0.0,0.0,,,,,False,,False
BDRY,October-2023,https://amplifyetfs.com/wp-content/uploads/files/BDRY/Account_Statements/BDRY_October-2023.pdf,data/cftc_statements/raw_pdf/BDRY\BDRY_October-2023.pdf,80c33d52ae3355abee402d61b12e08a4a5eb57509ce2296fc50fdbec97e79948,253877,,0.0,0.0,0.0,0.0,0.0,0.0,0.0,0.0,0.0,0.0,0.0,0.0,0.0,0.0,0.0,0.0,0.0,,,,,False,,False
BDRY,November-2023,https://amplifyetfs.com/wp-content/uploads/files/BDRY/Account_Statements/BDRY_November-2023.pdf,data/cftc_statements/raw_pdf/BDRY\BDRY_November-2023.pdf,b20ca1878dea8797bac9b1233d547f0e794cba83d3dcc87e452a8df8925d5ce1,566677,,0.0,0.0,0.0,0.0,0.0,0.0,0.0,0.0,0.0,0.0,0.0,0.0,0.0,0.0,0.0,0.0,0.0,,,,,False,,False
BDRY,December-2023,https://amplifyetfs.com/wp-content/uploads/files/BDRY/Account_Statements/BDRY_December-2023.pdf,data/cftc_statements/raw_pdf/BDRY\BDRY_December-2023.pdf,2c3f0c53027b1fe939a99c3e6fb77d20358de92c84d2f2cb3b5b9c5cee5db361,2354119,,0.0,0.0,0.0,0.0,0.0,0.0,0.0,0.0,0.0,0.0,0.0,0.0,0.0,0.0,0.0,0.0,0.0,,,,,False,,False
BDRY,January-2024,https://amplifyetfs.com/wp-content/uploads/files/BDRY/Account_Statements/BDRY_January-2024.pdf,data/cftc_statements/raw_pdf/BDRY\BDRY_January-2024.pdf,f91ca021209ae5a8ba3b3a20fd99212d16ed5ad8e02e6cdc256039bccbc880d8,2229542,,0.0,0.0,0.0,0.0,0.0,0.0,0.0,0.0,0.0,0.0,0.0,0.0,0.0,0.0,0.0,0.0,0.0,,,,,False,,False
BDRY,February-2024,https://amplifyetfs.com/wp-content/uploads/files/BDRY/Account_Statements/BDRY_February-2024.pdf,data/cftc_statements/raw_pdf/BDRY\BDRY_February-2024.pdf,c88c8438135404ab54767fe01bc038c432999f2346f4a18679678c5e34e4f8b7,45555,,0.0,0.0,0.0,0.0,0.0,0.0,0.0,0.0,0.0,0.0,0.0,0.0,0.0,0.0,0.0,0.0,0.0,,,,,False,,False
BDRY,March-2024,https://amplifyetfs.com/wp-content/uploads/files/BDRY/Account_Statements/BDRY_March-2024.pdf,data/cftc_statements/raw_pdf/BDRY\BDRY_March-2024.pdf,0188eea77c4d9bc2b0c35bd1e7753833aa87f1c4d4869cc4671aac32c4b10066,47598,,0.0,0.0,0.0,0.0,0.0,0.0,0.0,0.0,0.0,0.0,0.0,0.0,0.0,0.0,0.0,0.0,0.0,,,,,False,,False
BDRY,April-2024,https://amplifyetfs.com/wp-content/uploads/files/BDRY/Account_Statements/BDRY_April-2024.pdf,data/cftc_statements/raw_pdf/BDRY\BDRY_April-2024.pdf,8298abb96f6baeb0290d5b9ccbc189eecca711f1f1b2000e6886d3ad3f02d623,50654,,0.0,0.0,0.0,0.0,0.0,0.0,0.0,0.0,0.0,0.0,0.0,0.0,0.0,0.0,0.0,0.0,0.0,,,,,False,,False
BDRY,May-2024,https://amplifyetfs.com/wp-content/uploads/files/BDRY/Account_Statements/BDRY_May-2024.pdf,data/cftc_statements/raw_pdf/BDRY\BDRY_May-2024.pdf,c79bd18f48da974699f3ae471e6bff3ee033c6bb006180b559023f1483ab97d1,32807,,0.0,0.0,0.0,0.0,0.0,0.0,0.0,0.0,0.0,0.0,0.0,0.0,0.0,0.0,0.0,0.0,0.0,,,,,False,,False
BDRY,June-2024,https://amplifyetfs.com/wp-content/uploads/files/BDRY/Account_Statements/BDRY_June-2024.pdf,data/cftc_statements/raw_pdf/BDRY\BDRY_June-2024.pdf,f6caa9cdb8ffac5df76bcefc2f7ffab759e56543e675625c41df45a1db5db711,32758,,0.0,0.0,0.0,0.0,0.0,0.0,0.0,0.0,0.0,0.0,0.0,0.0,0.0,0.0,0.0,0.0,0.0,,,,,False,,False
BDRY,July-2024,https://amplifyetfs.com/wp-content/uploads/files/BDRY/Account_Statements/BDRY_July-2024.pdf,data/cftc_statements/raw_pdf/BDRY\BDRY_July-2024.pdf,119b564c2b561c28a78e91e1c04e16764c89d1d10dd4511f1a3bbc52bfca61a7,33115,,0.0,0.0,0.0,0.0,0.0,0.0,0.0,0.0,0.0,0.0,0.0,0.0,0.0,0.0,0.0,0.0,0.0,,,,,False,,False
BDRY,August-2024,https://amplifyetfs.com/wp-content/uploads/files/BDRY/Account_Statements/BDRY_August-2024.pdf,data/cftc_statements/raw_pdf/BDRY\BDRY_August-2024.pdf,4b0e245f9728b8f67f57dc9c6989e30c699ef9d340215af5bde36b4fa57598b5,33386,,0.0,0.0,0.0,0.0,0.0,0.0,0.0,0.0,0.0,0.0,0.0,0.0,0.0,0.0,0.0,0.0,0.0,,,,,False,,False
BDRY,September-2024,https://amplifyetfs.com/wp-content/uploads/files/BDRY/Account_Statements/BDRY_September-2024.pdf,data/cftc_statements/raw_pdf/BDRY\BDRY_September-2024.pdf,b4d6301b4f4848e8caf19a2f49d2b61a6823d11dc1404898e300679a5054c1c3,33050,,0.0,0.0,0.0,0.0,0.0,0.0,0.0,0.0,0.0,0.0,0.0,0.0,0.0,0.0,0.0,0.0,0.0,,,,,False,,False
BDRY,October-2024,https://amplifyetfs.com/wp-content/uploads/files/BDRY/Account_Statements/BDRY_October-2024.pdf,data/cftc_statements/raw_pdf/BDRY\BDRY_October-2024.pdf,bc31aade3de8ca6983f5aa800fb6d893a04f070a6a5700c1456ea9ef4a5cd447,76830,,0.0,0.0,0.0,0.0,0.0,0.0,0.0,0.0,0.0,0.0,0.0,0.0,0.0,0.0,0.0,0.0,0.0,,,,,False,,False
BDRY,November-2024,https://amplifyetfs.com/wp-content/uploads/files/BDRY/Account_Statements/BDRY_November-2024.pdf,data/cftc_statements/raw_pdf/BDRY\BDRY_November-2024.pdf,50a0a776608095851d73bba14dbbd63ed4683f16c781043896af885d69dcf194,81809,,0.0,0.0,0.0,0.0,0.0,0.0,0.0,0.0,0.0,0.0,0.0,0.0,0.0,0.0,0.0,0.0,0.0,,,,,False,,False
BDRY,December-2024,https://amplifyetfs.com/wp-content/uploads/files/BDRY/Account_Statements/BDRY_December-2024.pdf,data/cftc_statements/raw_pdf/BDRY\BDRY_December-2024.pdf,492968ffb0d019371316317e6b69423b18a4eb82b2890e1a34320e4fc57bc44a,77706,,0.0,0.0,0.0,0.0,0.0,0.0,0.0,0.0,0.0,0.0,0.0,0.0,0.0,0.0,0.0,0.0,0.0,,,,,False,,False
BDRY,January-2025,https://amplifyetfs.com/wp-content/uploads/files/BDRY/Account_Statements/BDRY_January-2025.pdf,data/cftc_statements/raw_pdf/BDRY\BDRY_January-2025.pdf,88998dec99ee77c266d383bed65d7e6e5a3b7ab1dd585330719979889ae36e87,83059,,0.0,0.0,0.0,0.0,0.0,0.0,0.0,0.0,0.0,0.0,0.0,0.0,0.0,0.0,0.0,0.0,0.0,,,,,False,,False
BDRY,"February 28, 2025",https://amplifyetfs.com/wp-content/uploads/files/BDRY/Account_Statements/BDRY_February-2025.pdf,data/cftc_statements/raw_pdf/BDRY\BDRY_February-2025.pdf,8547f52dcfe56a644e03bbac88a9bd1baa6ec15ef18b070778c03f5bb754cc72,111860,48834012.0,8162480.0,-614430.0,7548050.0,140042.0,0.0,29167.0,47994.0,0.0,160198.0,29167.0,0.0,189365.0,-49323.0,-2727632.0,9544155.0,6816523.0,6767200.0,63149262.0,9850040.0,6.41,0.0,True,0.0011,True
BDRY,March-2025,https://amplifyetfs.com/wp-content/uploads/files/BDRY/Account_Statements/BDRY_March-2025.pdf,data/cftc_statements/raw_pdf/BDRY\BDRY_March-2025.pdf,264e0d23ad785bcddbe13f51cf94d6096d9bfefd54853a7351c64cc02d29cfbf,30363,,0.0,0.0,0.0,0.0,0.0,0.0,0.0,0.0,0.0,0.0,0.0,0.0,0.0,0.0,0.0,0.0,0.0,,,,,False,,False
BDRY,April-2025,https://amplifyetfs.com/wp-content/uploads/files/BDRY/Account_Statements/BDRY_April-2025.pdf,data/cftc_statements/raw_pdf/BDRY\BDRY_April-2025.pdf,6368a7e39ddf31ef19a64f8bc6c0d2c3ecc8acc4d63a0d416cb10d77db686abb,80962,,0.0,0.0,0.0,0.0,0.0,0.0,0.0,0.0,0.0,0.0,0.0,0.0,0.0,0.0,0.0,0.0,0.0,,,,,False,,False
BDRY,May-2025,https://amplifyetfs.com/wp-content/uploads/files/BDRY/Account_Statements/BDRY_May-2025.pdf,data/cftc_statements/raw_pdf/BDRY\BDRY_May-2025.pdf,33cff6afb60874ba67f7fe981ffad3ec71159c182ee954dcccbfeb65d0956c67,47803,,0.0,0.0,0.0,0.0,0.0,0.0,0.0,0.0,0.0,0.0,0.0,0.0,0.0,0.0,0.0,0.0,0.0,,,,,False,,False
BDRY,"June 30, 2025",https://amplifyetfs.com/wp-content/uploads/files/BDRY/Account_Statements/BDRY_June-2025.pdf,data/cftc_statements/raw_pdf/BDRY\BDRY_June-2025.pdf,855941b919e49a2878382cbc171ca7b2fe211cbcbf1991d10db0bbf7182c3a86,111630,59538462.0,2136888.0,-847103.0,1289785.0,171956.0,10275.0,76924.0,54413.0,5220.0,185998.0,0.0,0.0,235422.0,-63466.0,1974603.0,3076880.0,5051483.0,4988017.0,65816264.0,11700040.0,5.63,0.0,True,-0.0047,True
BDRY,"July 31, 2025",https://amplifyetfs.com/wp-content/uploads/files/BDRY/Account_Statements/BDRY_July-2025.pdf,data/cftc_statements/raw_pdf/BDRY\BDRY_July-2025.pdf,431a889e6ad3c64becc665a84b2a8526af9ab8e974b3092c643d302963472b7b,111799,65816264.0,0.0,-37770638.0,-37770638.0,116302.0,10617.0,76369.0,57144.0,5456.0,193974.0,0.0,0.0,193974.0,-77672.0,8799332.0,11281900.0,20081232.0,20003560.0,48049186.0,6450040.0,7.45,0.0,True,-0.0006,True
BDRY,"August 31, 2025",https://amplifyetfs.com/wp-content/uploads/files/BDRY/Account_Statements/BDRY_August-2025.pdf,data/cftc_statements/raw_pdf/BDRY\BDRY_August-2025.pdf,7fb8064793aef8ea320cf0bc75f6e24a07c072987f167001f68fe1c907fbbbe8,111751,48049186.0,624150.0,-8453765.0,-7829615.0,188021.0,10617.0,59371.0,32693.0,5456.0,151118.0,0.0,0.0,151118.0,36903.0,6011470.0,-1290115.0,4721355.0,4758258.0,44977829.0,5475040.0,8.22,0.0,True,-0.0049,True
BDRY,"September 30, 2025",https://amplifyetfs.com/wp-content/uploads/files/BDRY/Account_Statements/BDRY_September-2025.pdf,data/cftc_statements/raw_pdf/BDRY\BDRY_September-2025.pdf,1c20b19eef09d40c846a2b661aeaaf9dcecc58a3608ef9cc6e570b609b1404c0,112078,44977829.0,12633968.0,-16334968.0,-3701000.0,113351.0,10274.0,58651.0,43529.0,5280.0,159428.0,0.0,0.0,159428.0,-46077.0,7276157.0,-10055315.0,-2779158.0,-2825235.0,38451594.0,5050040.0,7.61,0.0,True,0.0041,True
BDRY,"October 31, 2025",https://amplifyetfs.com/wp-content/uploads/files/BDRY/Account_Statements/BDRY_October-2025.pdf,data/cftc_statements/raw_pdf/BDRY\BDRY_October-2025.pdf,0045eabef1e58b6f904d331d12e33ca80e55e6bc3987ac38d2d53c920c4a3afd,111658,38451594.0,0.0,-3078758.0,-3078758.0,92954.0,10616.0,48443.0,23579.0,5485.0,139074.0,-468.0,0.0,138606.0,-45652.0,537746.0,2212720.0,2750466.0,2704814.0,38077650.0,4675040.0,8.14,0.0,True,0.0049,True
BDRY,"November 30, 2025",https://amplifyetfs.com/wp-content/uploads/files/BDRY/Account_Statements/BDRY_November-2025.pdf,data/cftc_statements/raw_pdf/BDRY\BDRY_November-2025.pdf,dce9696b45e8f650634dcb9bc3e9b42d8c2a4be801e1956832fedf740e25d8b6,111321,38077650.0,0.0,-1681353.0,-1681353.0,106014.0,10274.0,46940.0,22895.0,5310.0,135324.0,-461.0,0.0,134863.0,-28849.0,1995495.0,3062995.0,5058490.0,5029641.0,41425938.0,4475040.0,9.26,0.0,True,-0.0029,True
BDRY,"December 31, 2025",https://amplifyetfs.com/wp-content/uploads/files/BDRY/Account_Statements/BDRY_December-2025.pdf,data/cftc_statements/raw_pdf/BDRY\BDRY_December-2025.pdf,e5c1876c4391f53070804445e208aa20397e949bfbf9b1b76c0d738e1bfe4fed,111379,41425938.0,0.0,-6017848.0,-6017848.0,94606.0,10617.0,44616.0,35165.0,5437.0,148702.0,-6320.0,0.0,142382.0,-47776.0,2862266.0,-4998740.0,-2136474.0,-2184250.0,33223840.0,3800040.0,8.74,0.0,True,0.003,True
BDRY,"January 31, 2026",https://amplifyetfs.com/wp-content/uploads/files/BDRY/Account_Statements/BDRY_January-2026.pdf,data/cftc_statements/raw_pdf/BDRY\BDRY_January-2026.pdf,9d55731ed58a9843239b5ab0f3e8deaa7aa36bee8df3f818e2666b94c9648fed,111675,33223840.0,0.0,-2010563.0,-2010563.0,75871.0,10617.0,44142.0,9670.0,5332.0,125989.0,-9769.0,0.0,116220.0,-40349.0,1970900.0,8326860.0,10297760.0,10257411.0,41470688.0,3600040.0,11.52,0.0,True,-0.0005,True
BDRY,"February  28, 2026",https://amplifyetfs.com/wp-content/uploads/files/BDRY/Account_Statements/BDRY_February-2026.pdf,data/cftc_statements/raw_pdf/BDRY\BDRY_February-2026.pdf,b3fab580b264a7b5c0ef582e43b655d8b382f7e200d84121cdf64e83b9f965fa,111804,41470688.0,0.0,-2062210.0,-2062210.0,96455.0,9589.0,45076.0,24703.0,4816.0,135402.0,-1963.0,0.0,133439.0,-36984.0,2503725.0,-308335.0,2195390.0,2158406.0,41566884.0,3425040.0,12.14,0.0,True,-0.0038,True
BDRY,"March  31, 2026",https://amplifyetfs.com/wp-content/uploads/files/BDRY/Account_Statements/BDRY_March-2026.pdf,data/cftc_statements/raw_pdf/BDRY\BDRY_March-2026.pdf,6ee597ec7ffaa1432d55aebb0a1e3dcc5dda8a7cdf5ec02a972dbe2ead913d65,76312,41566884.0,18958198.0,-9514730.0,9443468.0,101588.0,10617.0,52734.0,42019.0,5431.0,167740.0,2581.0,0.0,170321.0,-68733.0,1726215.0,-9527865.0,-7801650.0,-7870383.0,43139969.0,4275040.0,10.09,0.0,True,0.0011,True
BDRY,"April  30, 2026",https://amplifyetfs.com/wp-content/uploads/files/BDRY/Account_Statements/BDRY_April-2026.pdf,data/cftc_statements/raw_pdf/BDRY\BDRY_April-2026.pdf,12aa1b9a85d35344caa01ffeadbf5e6bb74ff9edeef03f0138a75f2e7e17c39d,76209,43139969.0,4196763.0,-13555140.0,-9358377.0,68097.0,10274.0,51010.0,38342.0,5490.0,160217.0,1251.0,0.0,161468.0,-93371.0,1033679.0,5169880.0,6203559.0,6110188.0,39891780.0,3450040.0,11.56,0.0,True,0.0027,True
BDRY,"May  31, 2026",https://amplifyetfs.com/wp-content/uploads/files/BDRY/Account_Statements/BDRY_May-2026.pdf,data/cftc_statements/raw_pdf/BDRY\BDRY_May-2026.pdf,b7183cbdfbf7c991e33521d347d796f35bf4128f038177b405b552781d6a35cc,111828,39891780.0,0.0,-4132290.0,-4132290.0,92961.0,10617.0,50071.0,23297.0,5673.0,146378.0,-2219.0,0.0,144159.0,-51198.0,3212001.0,1572405.0,4784406.0,4733208.0,40492698.0,3125040.0,12.96,0.0,True,-0.0025,True
BDRY,"June  30, 2026",https://amplifyetfs.com/wp-content/uploads/files/BDRY/Account_Statements/BDRY_June-2026.pdf,data/cftc_statements/raw_pdf/BDRY\BDRY_June-2026.pdf,350d58cec151757310c768ff51471a8b03870e23f664cb62a6926e2d7f733fb2,111665,40492698.0,0.0,-8005740.0,-8005740.0,114044.0,10274.0,41567.0,12147.0,6193.0,125109.0,-12628.0,0.0,112481.0,1563.0,1779810.0,-4268390.0,-2488580.0,-2487017.0,29999941.0,2475040.0,12.12,0.0,True,0.001,True
