Date,Index,% Change
2008-01-02,"1,083",
2008-01-03,"1,081",-0.18%
2008-01-04,"1,071",-0.93%
2008-01-07,"1,069",-0.19%
2008-01-08,"1,068",-0.09%
2008-01-09,"1,060",-0.75%
2008-01-10,"1,057",-0.28%
2008-01-11,"1,057",0.00%
2008-01-14,"1,042",-1.42%
2008-01-15,"1,030",-1.15%
2008-01-16,"1,017",-1.26%
2008-01-17,"1,009",-0.79%
2008-01-18,"1,006",-0.30%
2008-01-21,998,-0.80%
2008-01-22,984,-1.40%
2008-01-23,969,-1.52%
2008-01-24,968,-0.10%
2008-01-25,964,-0.41%
2008-01-28,957,-0.73%
2008-01-29,954,-0.31%
2008-01-30,946,-0.84%
2008-01-31,943,-0.32%
2008-02-01,938,-0.53%
2008-02-04,931,-0.75%
2008-02-05,917,-1.50%
2008-02-06,906,-1.20%
2008-02-07,897,-0.99%
2008-02-08,895,-0.22%
2008-02-11,891,-0.45%
2008-02-12,879,-1.35%
2008-02-13,880,0.11%
2008-02-14,881,0.11%
2008-02-15,878,-0.34%
2008-02-19,871,-0.80%
2008-02-20,865,-0.69%
2008-02-21,869,0.46%
2008-02-22,880,1.27%
2008-02-25,882,0.23%
2008-02-26,894,1.36%
2008-02-27,921,3.02%
2008-02-28,938,1.85%
2008-02-29,946,0.85%
2008-03-03,946,0.00%
2008-03-04,947,0.11%
2008-03-05,943,-0.42%
2008-03-06,935,-0.85%
2008-03-07,930,-0.53%
2008-03-10,928,-0.22%
2008-03-11,927,-0.11%
2008-03-12,926,-0.11%
2008-03-13,923,-0.32%
2008-03-14,921,-0.22%
2008-03-17,920,-0.11%
2008-03-18,916,-0.43%
2008-03-19,912,-0.44%
2008-03-24,905,-0.77%
2008-03-25,891,-1.55%
2008-03-27,888,-0.34%
2008-03-28,888,0.00%
2008-03-31,883,-0.56%
2008-04-01,873,-1.13%
2008-04-02,868,-0.57%
2008-04-03,857,-1.27%
2008-04-04,857,0.00%
2008-04-07,862,0.58%
2008-04-08,864,0.23%
2008-04-09,887,2.66%
2008-04-10,908,2.37%
2008-04-11,933,2.75%
2008-04-14,945,1.29%
2008-04-15,963,1.90%
2008-04-16,"1,026",6.54%
2008-04-17,"1,083",5.56%
2008-04-18,"1,110",2.49%
2008-04-21,"1,124",1.26%
2008-04-22,"1,150",2.31%
2008-04-23,"1,193",3.74%
2008-04-24,"1,233",3.35%
2008-04-25,"1,237",0.32%
2008-04-28,"1,233",-0.32%
2008-04-29,"1,219",-1.14%
2008-04-30,"1,210",-0.74%
2008-05-01,"1,197",-1.07%
2008-05-02,"1,192",-0.42%
2008-05-06,"1,178",-1.17%
2008-05-07,"1,164",-1.19%
2008-05-08,"1,159",-0.43%
2008-05-09,"1,159",0.00%
2008-05-12,"1,156",-0.26%
2008-05-13,"1,164",0.69%
2008-05-14,"1,175",0.95%
2008-05-15,"1,189",1.19%
2008-05-16,"1,191",0.17%
2008-05-19,"1,195",0.34%
2008-05-20,"1,200",0.42%
2008-05-21,"1,212",1.00%
2008-05-22,"1,241",2.39%
2008-05-23,"1,275",2.74%
2008-05-27,"1,299",1.88%
2008-05-28,"1,323",1.85%
2008-05-29,"1,346",1.74%
2008-05-30,"1,369",1.71%
2008-06-02,"1,388",1.39%
2008-06-03,"1,419",2.23%
2008-06-04,"1,447",1.97%
2008-06-05,"1,454",0.48%
2008-06-06,"1,455",0.07%
2008-06-09,"1,460",0.34%
2008-06-10,"1,476",1.10%
2008-06-11,"1,487",0.75%
2008-06-12,"1,494",0.47%
2008-06-13,"1,501",0.47%
2008-06-16,"1,496",-0.33%
2008-06-17,"1,504",0.53%
2008-06-18,"1,505",0.07%
2008-06-19,"1,509",0.27%
2008-06-20,"1,504",-0.33%
2008-06-23,"1,503",-0.07%
2008-06-24,"1,486",-1.13%
2008-06-25,"1,478",-0.54%
2008-06-26,"1,477",-0.07%
2008-06-27,"1,474",-0.20%
2008-06-30,"1,465",-0.61%
2008-07-01,"1,454",-0.75%
2008-07-02,"1,448",-0.41%
2008-07-03,"1,443",-0.35%
2008-07-04,"1,442",-0.07%
2008-07-07,"1,426",-1.11%
2008-07-08,"1,414",-0.84%
2008-07-09,"1,395",-1.34%
2008-07-10,"1,382",-0.93%
2008-07-11,"1,366",-1.16%
2008-07-14,"1,354",-0.88%
2008-07-15,"1,336",-1.33%
2008-07-16,"1,324",-0.90%
2008-07-17,"1,319",-0.38%
2008-07-18,"1,321",0.15%
2008-07-21,"1,319",-0.15%
2008-07-22,"1,299",-1.52%
2008-07-23,"1,298",-0.08%
2008-07-24,"1,295",-0.23%
2008-07-25,"1,290",-0.39%
2008-07-28,"1,287",-0.23%
2008-07-29,"1,277",-0.78%
2008-07-30,"1,281",0.31%
2008-07-31,"1,305",1.87%
2008-08-01,"1,313",0.61%
2008-08-04,"1,331",1.37%
2008-08-05,"1,337",0.45%
2008-08-06,"1,367",2.24%
2008-08-07,"1,381",1.02%
2008-08-08,"1,388",0.51%
2008-08-11,"1,395",0.50%
2008-08-12,"1,404",0.65%
2008-08-13,"1,414",0.71%
2008-08-14,"1,439",1.77%
2008-08-15,"1,459",1.39%
2008-08-18,"1,469",0.69%
2008-08-19,"1,473",0.27%
2008-08-20,"1,468",-0.34%
2008-08-21,"1,474",0.41%
2008-08-22,"1,479",0.34%
2008-08-26,"1,499",1.35%
2008-08-27,"1,490",-0.60%
2008-08-28,"1,484",-0.40%
2008-08-29,"1,480",-0.27%
2008-09-01,"1,476",-0.27%
2008-09-02,"1,469",-0.47%
2008-09-03,"1,456",-0.88%
2008-09-04,"1,443",-0.89%
2008-09-05,"1,433",-0.69%
2008-09-08,"1,431",-0.14%
2008-09-09,"1,426",-0.35%
2008-09-10,"1,413",-0.91%
2008-09-11,"1,402",-0.78%
2008-09-12,"1,415",0.93%
2008-09-15,"1,432",1.20%
2008-09-16,"1,441",0.63%
2008-09-17,"1,451",0.69%
2008-09-18,"1,458",0.48%
2008-09-19,"1,462",0.27%
2008-09-22,"1,465",0.21%
2008-09-23,"1,446",-1.30%
2008-09-24,"1,436",-0.69%
2008-09-25,"1,428",-0.56%
2008-09-26,"1,424",-0.28%
2008-09-29,"1,415",-0.63%
2008-09-30,"1,399",-1.13%
2008-10-01,"1,367",-2.29%
2008-10-02,"1,355",-0.88%
2008-10-03,"1,349",-0.44%
2008-10-06,"1,341",-0.59%
2008-10-07,"1,310",-2.31%
2008-10-08,"1,295",-1.15%
2008-10-09,"1,264",-2.39%
2008-10-10,"1,247",-1.34%
2008-10-13,"1,218",-2.33%
2008-10-14,"1,193",-2.05%
2008-10-15,"1,199",0.50%
2008-10-16,"1,202",0.25%
2008-10-17,"1,191",-0.92%
2008-10-20,"1,177",-1.18%
2008-10-21,"1,152",-2.12%
2008-10-22,"1,134",-1.56%
2008-10-23,"1,126",-0.71%
2008-10-24,"1,121",-0.44%
2008-10-27,"1,113",-0.71%
2008-10-28,"1,106",-0.63%
2008-10-29,"1,091",-1.36%
2008-10-30,"1,074",-1.56%
2008-10-31,"1,063",-1.02%
2008-11-03,"1,039",-2.26%
2008-11-04,"1,018",-2.02%
2008-11-05,"1,001",-1.67%
2008-11-06,981,-2.00%
2008-11-07,968,-1.33%
2008-11-10,965,-0.31%
2008-11-11,969,0.41%
2008-11-12,963,-0.62%
2008-11-13,961,-0.21%
2008-11-14,961,0.00%
2008-11-17,956,-0.52%
2008-11-18,949,-0.73%
2008-11-19,943,-0.63%
2008-11-20,939,-0.42%
2008-11-21,931,-0.85%
2008-11-24,918,-1.40%
2008-11-25,905,-1.42%
2008-11-26,897,-0.88%
2008-11-27,893,-0.45%
2008-11-28,888,-0.56%
2008-12-01,880,-0.90%
2008-12-02,877,-0.34%
2008-12-03,867,-1.14%
2008-12-04,867,0.00%
2008-12-05,869,0.23%
2008-12-08,869,0.00%
2008-12-09,865,-0.46%
2008-12-10,863,-0.23%
2008-12-11,855,-0.93%
2008-12-12,847,-0.94%
2008-12-15,842,-0.59%
2008-12-16,837,-0.59%
2008-12-17,835,-0.24%
2008-12-18,836,0.12%
2008-12-19,838,0.24%
2008-12-22,840,0.24%
2008-12-23,839,-0.12%
2008-12-24,838,-0.12%
2009-01-02,623,-25.66%
2009-01-05,611,-1.93%
2009-01-06,590,-3.44%
2009-01-07,576,-2.37%
2009-01-08,571,-0.87%
2009-01-09,563,-1.40%
2009-01-12,553,-1.78%
2009-01-13,548,-0.90%
2009-01-14,544,-0.73%
2009-01-15,538,-1.10%
2009-01-16,538,0.00%
2009-01-19,542,0.74%
2009-01-20,543,0.18%
2009-01-21,556,2.39%
2009-01-22,561,0.90%
2009-01-23,564,0.53%
2009-01-26,572,1.42%
2009-01-27,576,0.70%
2009-01-28,584,1.39%
2009-01-29,592,1.37%
2009-01-30,598,1.01%
2009-02-02,600,0.33%
2009-02-03,604,0.67%
2009-02-04,608,0.66%
2009-02-05,609,0.16%
2009-02-06,609,0.00%
2009-02-09,610,0.16%
2009-02-10,612,0.33%
2009-02-11,611,-0.16%
2009-02-12,612,0.16%
2009-02-13,617,0.82%
2009-02-16,621,0.65%
2009-02-17,623,0.32%
2009-02-18,616,-1.12%
2009-02-19,607,-1.46%
2009-02-20,600,-1.15%
2009-02-23,592,-1.33%
2009-02-24,577,-2.53%
2009-02-25,564,-2.25%
2009-02-26,559,-0.89%
2009-02-27,554,-0.89%
2009-03-02,543,-1.99%
2009-03-03,535,-1.47%
2009-03-04,519,-2.99%
2009-03-05,511,-1.54%
2009-03-06,504,-1.37%
2009-03-09,508,0.79%
2009-03-10,501,-1.38%
2009-03-11,496,-1.00%
2009-03-12,488,-1.61%
2009-03-13,483,-1.02%
2009-03-16,476,-1.45%
2009-03-17,449,-5.67%
2009-03-18,433,-3.56%
2009-03-19,423,-2.31%
2009-03-20,417,-1.42%
2009-03-23,410,-1.68%
2009-03-24,402,-1.95%
2009-03-25,395,-1.74%
2009-03-26,389,-1.52%
2009-03-27,384,-1.29%
2009-03-30,378,-1.56%
2009-03-31,372,-1.59%
2009-04-01,371,-0.27%
2009-04-02,368,-0.81%
2009-04-03,364,-1.09%
2009-04-06,363,-0.27%
2009-04-07,358,-1.38%
2009-04-08,351,-1.96%
2009-04-09,349,-0.57%
2009-04-14,348,-0.29%
2009-04-15,345,-0.86%
2009-04-16,346,0.29%
2009-04-17,347,0.29%
2009-04-20,347,0.00%
2009-04-21,354,2.02%
2009-04-22,360,1.69%
2009-04-23,371,3.06%
2009-04-24,376,1.35%
2009-04-27,381,1.33%
2009-04-28,386,1.31%
2009-04-29,395,2.33%
2009-04-30,403,2.03%
2009-05-01,424,5.21%
2009-05-05,431,1.65%
2009-05-06,440,2.09%
2009-05-07,450,2.27%
2009-05-08,458,1.78%
2009-05-11,469,2.40%
2009-05-12,474,1.07%
2009-05-13,479,1.05%
2009-05-14,476,-0.63%
2009-05-15,478,0.42%
2009-05-18,479,0.21%
2009-05-19,483,0.84%
2009-05-20,483,0.00%
2009-05-21,484,0.21%
2009-05-22,485,0.21%
2009-05-26,487,0.41%
2009-05-27,484,-0.62%
2009-05-28,482,-0.41%
2009-05-29,481,-0.21%
2009-06-01,479,-0.42%
2009-06-02,475,-0.84%
2009-06-03,472,-0.63%
2009-06-04,469,-0.64%
2009-06-05,466,-0.64%
2009-06-08,462,-0.86%
2009-06-09,462,0.00%
2009-06-10,458,-0.87%
2009-06-11,455,-0.66%
2009-06-12,454,-0.22%
2009-06-15,452,-0.44%
2009-06-16,451,-0.22%
2009-06-17,448,-0.67%
2009-06-18,448,0.00%
2009-06-19,443,-1.12%
2009-06-22,441,-0.45%
2009-06-23,442,0.23%
2009-06-24,450,1.81%
2009-06-25,455,1.11%
2009-06-26,466,2.42%
2009-06-29,468,0.43%
2009-06-30,465,-0.64%
2009-07-01,463,-0.43%
2009-07-02,462,-0.22%
2009-07-03,463,0.22%
2009-07-06,462,-0.22%
2009-07-07,458,-0.87%
2009-07-08,451,-1.53%
2009-07-09,449,-0.44%
2009-07-10,448,-0.22%
2009-07-13,446,-0.45%
2009-07-14,441,-1.12%
2009-07-15,436,-1.13%
2009-07-16,433,-0.69%
2009-07-17,429,-0.92%
2009-07-20,429,0.00%
2009-07-21,426,-0.70%
2009-07-22,423,-0.70%
2009-07-23,431,1.89%
2009-07-24,444,3.02%
2009-07-27,444,0.00%
2009-07-28,450,1.35%
2009-07-29,453,0.67%
2009-07-30,460,1.55%
2009-07-31,465,1.09%
2009-08-03,467,0.43%
2009-08-04,466,-0.21%
2009-08-05,465,-0.21%
2009-08-06,464,-0.22%
2009-08-07,462,-0.43%
2009-08-10,462,0.00%
2009-08-11,457,-1.08%
2009-08-12,454,-0.66%
2009-08-13,451,-0.66%
2009-08-14,449,-0.44%
2009-08-17,446,-0.67%
2009-08-18,443,-0.67%
2009-08-19,436,-1.58%
2009-08-20,432,-0.92%
2009-08-21,430,-0.46%
2009-08-24,430,0.00%
2009-08-25,427,-0.70%
2009-08-26,426,-0.23%
2009-08-27,429,0.70%
2009-08-28,433,0.93%
2009-09-01,442,2.08%
2009-09-02,449,1.58%
2009-09-03,452,0.67%
2009-09-04,454,0.44%
2009-09-07,457,0.66%
2009-09-08,458,0.22%
2009-09-09,459,0.22%
2009-09-11,476,3.70%
2009-09-14,479,0.63%
2009-09-15,483,0.84%
2009-09-16,484,0.21%
2009-09-17,478,-1.24%
2009-09-18,482,0.84%
2009-09-21,487,1.04%
2009-09-22,495,1.64%
2009-09-23,501,1.21%
2009-09-24,509,1.60%
2009-09-25,516,1.38%
2009-09-28,518,0.39%
2009-09-29,519,0.19%
2009-09-30,518,-0.19%
2009-10-01,515,-0.58%
2009-10-02,515,0.00%
2009-10-05,511,-0.78%
2009-10-06,508,-0.59%
2009-10-07,506,-0.39%
2009-10-08,504,-0.40%
2009-10-09,499,-0.99%
2009-10-12,493,-1.20%
2009-10-13,488,-1.01%
2009-10-14,484,-0.82%
2009-10-15,481,-0.62%
2009-10-16,477,-0.83%
2009-10-19,475,-0.42%
2009-10-20,472,-0.63%
2009-10-21,471,-0.21%
2009-10-22,467,-0.85%
2009-10-23,463,-0.86%
2009-10-26,459,-0.86%
2009-10-27,456,-0.65%
2009-10-28,452,-0.88%
2009-10-29,444,-1.77%
2009-10-30,442,-0.45%
2009-11-02,439,-0.68%
2009-11-03,438,-0.23%
2009-11-04,436,-0.46%
2009-11-05,435,-0.23%
2009-11-06,437,0.46%
2009-11-09,437,0.00%
2009-11-10,439,0.46%
2009-11-11,449,2.28%
2009-11-12,454,1.11%
2009-11-13,457,0.66%
2009-11-16,460,0.66%
2009-11-17,470,2.17%
2009-11-19,488,3.83%
2009-11-20,497,1.84%
2009-11-24,504,1.41%
2009-11-25,507,0.60%
2009-11-27,517,1.97%
2009-11-30,519,0.39%
2009-12-01,528,1.73%
2009-12-02,538,1.89%
2009-12-03,549,2.04%
2009-12-04,557,1.46%
2009-12-07,570,2.33%
2009-12-08,576,1.05%
2009-12-09,578,0.35%
2009-12-10,587,1.56%
2009-12-11,595,1.36%
2009-12-14,601,1.01%
2009-12-15,608,1.16%
2009-12-16,613,0.82%
2009-12-17,619,0.98%
2009-12-18,621,0.32%
2009-12-21,623,0.32%
2009-12-22,629,0.96%
2009-12-23,633,0.64%
2009-12-24,634,0.16%
2010-01-04,817,28.86%
2010-01-06,839,2.69%
2010-01-07,884,5.36%
2010-01-08,896,1.36%
2010-01-11,902,0.67%
2010-01-12,895,-0.78%
2010-01-13,891,-0.45%
2010-01-14,888,-0.34%
2010-01-15,887,-0.11%
2010-01-19,894,0.79%
2010-01-20,891,-0.34%
2010-01-21,895,0.45%
2010-01-22,898,0.34%
2010-01-25,900,0.22%
2010-01-26,901,0.11%
2010-01-27,900,-0.11%
2010-01-28,891,-1.00%
2010-01-29,885,-0.67%
2010-02-01,884,-0.11%
2010-02-02,876,-0.90%
2010-02-03,860,-1.83%
2010-02-04,857,-0.35%
2010-02-05,853,-0.47%
2010-02-08,844,-1.06%
2010-02-09,825,-2.25%
2010-02-10,814,-1.33%
2010-02-11,802,-1.47%
2010-02-12,791,-1.37%
2010-02-16,774,-2.15%
2010-02-17,771,-0.39%
2010-02-18,764,-0.91%
2010-02-19,761,-0.39%
2010-02-22,757,-0.53%
2010-02-23,755,-0.26%
2010-02-24,754,-0.13%
2010-02-25,758,0.53%
2010-02-26,762,0.53%
2010-03-01,761,-0.13%
2010-03-02,759,-0.26%
2010-03-03,764,0.66%
2010-03-04,772,1.05%
2010-03-05,779,0.91%
2010-03-08,779,0.00%
2010-03-09,775,-0.51%
2010-03-10,776,0.13%
2010-03-11,778,0.26%
2010-03-12,781,0.39%
2010-03-15,780,-0.13%
2010-03-16,773,-0.90%
2010-03-17,767,-0.78%
2010-03-18,757,-1.30%
2010-03-19,745,-1.59%
2010-03-22,736,-1.21%
2010-03-23,728,-1.09%
2010-03-25,719,-1.24%
2010-03-26,721,0.28%
2010-03-29,719,-0.28%
2010-03-30,715,-0.56%
2010-03-31,708,-0.98%
2010-04-01,703,-0.71%
2010-04-06,696,-1.00%
2010-04-07,694,-0.29%
2010-04-08,690,-0.58%
2010-04-09,686,-0.58%
2010-04-12,683,-0.44%
2010-04-13,681,-0.29%
2010-04-14,676,-0.73%
2010-04-15,675,-0.15%
2010-04-16,674,-0.15%
2010-04-19,674,0.00%
2010-04-20,678,0.59%
2010-04-21,691,1.92%
2010-04-22,707,2.32%
2010-04-23,715,1.13%
2010-04-26,720,0.70%
2010-04-27,734,1.94%
2010-04-29,732,-0.27%
2010-04-30,733,0.14%
2010-05-04,730,-0.41%
2010-05-05,726,-0.55%
2010-05-06,723,-0.41%
2010-05-07,724,0.14%
2010-05-10,728,0.55%
2010-05-11,733,0.69%
2010-05-12,735,0.27%
2010-05-13,732,-0.41%
2010-05-14,732,0.00%
2010-05-17,730,-0.27%
2010-05-18,724,-0.82%
2010-05-19,720,-0.55%
2010-05-20,716,-0.56%
2010-05-21,712,-0.56%
2010-05-24,707,-0.70%
2010-05-25,701,-0.85%
2010-05-26,694,-1.00%
2010-05-27,687,-1.01%
2010-05-28,680,-1.02%
2010-06-01,669,-1.62%
2010-06-02,650,-2.84%
2010-06-03,644,-0.92%
2010-06-04,637,-1.09%
2010-06-07,635,-0.31%
2010-06-08,634,-0.16%
2010-06-09,637,0.47%
2010-06-10,644,1.10%
2010-06-11,647,0.47%
2010-06-14,645,-0.31%
2010-06-15,647,0.31%
2010-06-16,654,1.08%
2010-06-17,670,2.45%
2010-06-18,685,2.24%
2010-06-21,688,0.44%
2010-06-22,703,2.18%
2010-06-23,712,1.28%
2010-06-24,729,2.39%
2010-06-25,749,2.74%
2010-06-28,756,0.93%
2010-06-29,768,1.59%
2010-06-30,785,2.21%
2010-07-01,798,1.66%
2010-07-02,809,1.38%
2010-07-06,819,1.24%
2010-07-07,818,-0.12%
2010-07-08,815,-0.37%
2010-07-09,813,-0.25%
2010-07-12,812,-0.12%
2010-07-13,815,0.37%
2010-07-14,826,1.35%
2010-07-15,838,1.45%
2010-07-16,837,-0.12%
2010-07-19,835,-0.24%
2010-07-20,830,-0.60%
2010-07-21,835,0.60%
2010-07-22,844,1.08%
2010-07-23,842,-0.24%
2010-07-26,838,-0.48%
2010-07-27,826,-1.43%
2010-07-28,821,-0.61%
2010-07-29,807,-1.71%
2010-07-30,796,-1.36%
2010-08-02,792,-0.50%
2010-08-03,782,-1.26%
2010-08-04,775,-0.90%
2010-08-05,769,-0.77%
2010-08-06,760,-1.17%
2010-08-09,746,-1.84%
2010-08-10,728,-2.41%
2010-08-11,713,-2.06%
2010-08-12,711,-0.28%
2010-08-13,709,-0.28%
2010-08-16,706,-0.42%
2010-08-17,698,-1.13%
2010-08-18,692,-0.86%
2010-08-19,690,-0.29%
2010-08-20,689,-0.14%
2010-08-23,684,-0.73%
2010-08-24,684,0.00%
2010-08-25,685,0.15%
2010-08-26,686,0.15%
2010-08-27,686,0.00%
2010-08-31,679,-1.02%
2010-09-01,677,-0.29%
2010-09-02,675,-0.30%
2010-09-03,671,-0.59%
2010-09-07,665,-0.89%
2010-09-08,660,-0.75%
2010-09-09,656,-0.61%
2010-09-10,653,-0.46%
2010-09-13,656,0.46%
2010-09-14,665,1.37%
2010-09-15,666,0.15%
2010-09-16,670,0.60%
2010-09-17,667,-0.45%
2010-09-20,663,-0.60%
2010-09-21,663,0.00%
2010-09-22,660,-0.45%
2010-09-23,658,-0.30%
2010-09-24,652,-0.91%
2010-09-27,650,-0.31%
2010-09-28,642,-1.23%
2010-09-29,631,-1.71%
2010-09-30,624,-1.11%
2010-10-01,622,-0.32%
2010-10-04,617,-0.80%
2010-10-05,611,-0.97%
2010-10-06,614,0.49%
2010-10-07,618,0.65%
2010-10-08,620,0.32%
2010-10-11,617,-0.48%
2010-10-12,617,0.00%
2010-10-13,619,0.32%
2010-10-14,619,0.00%
2010-10-15,620,0.16%
2010-10-18,624,0.65%
2010-10-19,627,0.48%
2010-10-20,630,0.48%
2010-10-21,632,0.32%
2010-10-22,638,0.95%
2010-10-25,639,0.16%
2010-10-26,635,-0.63%
2010-10-27,628,-1.10%
2010-10-28,624,-0.64%
2010-10-29,627,0.48%
2010-11-01,623,-0.64%
2010-11-02,614,-1.44%
2010-11-03,607,-1.14%
2010-11-04,602,-0.82%
2010-11-05,600,-0.33%
2010-11-08,597,-0.50%
2010-11-09,595,-0.34%
2010-11-10,595,0.00%
2010-11-11,611,2.69%
2010-11-12,619,1.31%
2010-11-15,642,3.72%
2010-11-17,661,2.96%
2010-11-18,684,3.48%
2010-11-23,721,5.41%
2010-11-24,720,-0.14%
2010-11-26,731,1.53%
2010-11-29,731,0.00%
2010-11-30,740,1.23%
2010-12-01,756,2.16%
2010-12-02,775,2.51%
2010-12-06,799,3.10%
2010-12-07,801,0.25%
2010-12-08,803,0.25%
2010-12-09,807,0.50%
2010-12-10,807,0.00%
2010-12-13,802,-0.62%
2010-12-14,800,-0.25%
2010-12-15,796,-0.50%
2010-12-16,790,-0.75%
2010-12-17,785,-0.63%
2010-12-20,777,-1.02%
2010-12-21,771,-0.77%
2010-12-22,767,-0.52%
2010-12-24,759,-1.04%
2011-01-05,627,-17.39%
2011-01-06,621,-0.96%
2011-01-07,619,-0.32%
2011-01-10,617,-0.32%
2011-01-11,625,1.30%
2011-01-12,632,1.12%
2011-01-13,641,1.42%
2011-01-14,634,-1.09%
2011-01-18,627,-1.10%
2011-01-19,621,-0.96%
2011-01-20,627,0.97%
2011-01-24,636,1.44%
2011-01-25,644,1.26%
2011-01-26,650,0.93%
2011-01-27,650,0.00%
2011-01-28,646,-0.62%
2011-01-31,644,-0.31%
2011-02-01,642,-0.31%
2011-02-02,637,-0.78%
2011-02-03,636,-0.16%
2011-02-04,635,-0.16%
2011-02-07,624,-1.73%
2011-02-08,620,-0.64%
2011-02-09,618,-0.32%
2011-02-10,618,0.00%
2011-02-11,613,-0.81%
2011-02-14,611,-0.33%
2011-02-15,609,-0.33%
2011-02-16,608,-0.16%
2011-02-17,617,1.48%
2011-02-18,635,2.92%
2011-02-22,659,3.78%
2011-02-23,676,2.58%
2011-02-24,689,1.92%
2011-02-25,709,2.90%
2011-02-28,724,2.12%
2011-03-01,749,3.45%
2011-03-02,760,1.47%
2011-03-03,781,2.76%
2011-03-04,799,2.30%
2011-03-07,795,-0.50%
2011-03-08,793,-0.25%
2011-03-09,801,1.01%
2011-03-10,799,-0.25%
2011-03-11,799,0.00%
2011-03-14,796,-0.38%
2011-03-15,791,-0.63%
2011-03-16,791,0.00%
2011-03-17,798,0.88%
2011-03-18,805,0.88%
2011-03-21,809,0.50%
2011-03-23,823,1.73%
2011-03-25,830,0.85%
2011-03-28,834,0.48%
2011-03-30,843,1.08%
2011-03-31,841,-0.24%
2011-04-01,836,-0.59%
2011-04-04,829,-0.84%
2011-04-06,825,-0.48%
2011-04-07,823,-0.24%
2011-04-08,821,-0.24%
2011-04-11,815,-0.73%
2011-04-12,814,-0.12%
2011-04-13,816,0.25%
2011-04-14,825,1.10%
2011-04-15,836,1.33%
2011-04-18,850,1.67%
2011-04-21,887,4.35%
2011-04-26,890,0.34%
2011-04-28,892,0.22%
2011-05-03,882,-1.12%
2011-05-04,875,-0.79%
2011-05-05,869,-0.69%
2011-05-06,866,-0.35%
2011-05-09,857,-1.04%
2011-05-10,853,-0.47%
2011-05-11,850,-0.35%
2011-05-12,843,-0.82%
2011-05-13,839,-0.47%
2011-05-17,821,-2.15%
2011-05-18,804,-2.07%
2011-05-19,793,-1.37%
2011-05-20,781,-1.51%
2011-05-23,772,-1.15%
2011-05-24,748,-3.11%
2011-05-25,742,-0.80%
2011-05-26,731,-1.48%
2011-05-27,724,-0.96%
2011-05-31,716,-1.10%
2011-06-01,706,-1.40%
2011-06-02,694,-1.70%
2011-06-03,687,-1.01%
2011-06-06,677,-1.46%
2011-06-07,665,-1.77%
2011-06-08,661,-0.60%
2011-06-09,662,0.15%
2011-06-10,658,-0.60%
2011-06-13,654,-0.61%
2011-06-14,653,-0.15%
2011-06-16,658,0.77%
2011-06-17,680,3.34%
2011-06-20,694,2.06%
2011-06-21,726,4.61%
2011-06-22,734,1.10%
2011-06-23,735,0.14%
2011-06-24,732,-0.41%
2011-06-27,730,-0.27%
2011-06-28,721,-1.23%
2011-06-29,702,-2.64%
2011-06-30,694,-1.14%
2011-07-01,690,-0.58%
2011-07-05,682,-1.16%
2011-07-06,678,-0.59%
2011-07-07,676,-0.29%
2011-07-08,674,-0.30%
2011-07-11,673,-0.15%
2011-07-12,672,-0.15%
2011-07-13,668,-0.60%
2011-07-14,665,-0.45%
2011-07-15,664,-0.15%
2011-07-18,664,0.00%
2011-07-19,664,0.00%
2011-07-20,667,0.45%
2011-07-21,674,1.05%
2011-07-22,678,0.59%
2011-07-25,680,0.29%
2011-07-26,679,-0.15%
2011-07-27,681,0.29%
2011-07-28,684,0.44%
2011-07-29,684,0.00%
2011-08-02,683,-0.15%
2011-08-03,681,-0.29%
2011-08-04,678,-0.44%
2011-08-05,676,-0.29%
2011-08-08,675,-0.15%
2011-08-09,673,-0.30%
2011-08-10,672,-0.15%
2011-08-11,674,0.30%
2011-08-12,678,0.59%
2011-08-15,680,0.29%
2011-08-16,685,0.74%
2011-08-18,691,0.88%
2011-08-19,695,0.58%
2011-08-22,695,0.00%
2011-08-24,693,-0.29%
2011-08-26,695,0.29%
2011-08-30,691,-0.58%
2011-09-01,679,-1.74%
2011-09-02,674,-0.74%
2011-09-05,671,-0.45%
2011-09-06,667,-0.60%
2011-09-07,664,-0.45%
2011-09-08,662,-0.30%
2011-09-09,659,-0.45%
2011-09-12,657,-0.30%
2011-09-13,653,-0.61%
2011-09-14,647,-0.92%
2011-09-15,646,-0.15%
2011-09-16,646,0.00%
2011-09-19,651,0.77%
2011-09-20,661,1.54%
2011-09-21,669,1.21%
2011-09-22,673,0.60%
2011-09-23,675,0.30%
2011-09-27,701,3.85%
2011-09-28,715,2.00%
2011-09-29,716,0.14%
2011-09-30,725,1.26%
2011-10-03,721,-0.55%
2011-10-04,717,-0.55%
2011-10-05,713,-0.56%
2011-10-06,716,0.42%
2011-10-07,709,-0.98%
2011-10-10,711,0.28%
2011-10-11,715,0.56%
2011-10-12,714,-0.14%
2011-10-13,711,-0.42%
2011-10-14,706,-0.70%
2011-10-17,704,-0.28%
2011-10-18,700,-0.57%
2011-10-19,694,-0.86%
2011-10-20,687,-1.01%
2011-10-21,686,-0.15%
2011-10-24,687,0.15%
2011-10-25,695,1.16%
2011-10-26,722,3.88%
2011-10-27,727,0.69%
2011-10-28,731,0.55%
2011-10-31,728,-0.41%
2011-11-01,721,-0.96%
2011-11-02,716,-0.69%
2011-11-03,713,-0.42%
2011-11-04,711,-0.28%
2011-11-07,709,-0.28%
2011-11-08,703,-0.85%
2011-11-09,702,-0.14%
2011-11-10,699,-0.43%
2011-11-11,699,0.00%
2011-11-14,689,-1.43%
2011-11-15,684,-0.73%
2011-11-16,682,-0.29%
2011-11-17,679,-0.44%
2011-11-18,682,0.44%
2011-11-21,686,0.59%
2011-11-22,692,0.87%
2011-11-23,697,0.72%
2011-11-24,702,0.72%
2011-11-25,705,0.43%
2011-11-28,707,0.28%
2011-11-29,714,0.99%
2011-11-30,719,0.70%
2011-12-01,725,0.83%
2011-12-02,726,0.14%
2011-12-05,730,0.55%
2011-12-06,732,0.27%
2011-12-07,736,0.55%
2011-12-08,736,0.00%
2011-12-09,741,0.68%
2011-12-12,749,1.08%
2011-12-13,757,1.07%
2011-12-14,768,1.45%
2011-12-15,797,3.78%
2011-12-16,831,4.27%
2011-12-19,864,3.97%
2011-12-20,885,2.43%
2011-12-21,893,0.90%
2011-12-22,902,1.01%
2011-12-23,908,0.67%
2012-01-03,762,-16.08%
2012-01-04,745,-2.23%
2012-01-05,734,-1.48%
2012-01-06,724,-1.36%
2012-01-09,716,-1.10%
2012-01-10,706,-1.40%
2012-01-11,701,-0.71%
2012-01-12,696,-0.71%
2012-01-13,690,-0.86%
2012-01-16,691,0.14%
2012-01-17,696,0.72%
2012-01-18,704,1.15%
2012-01-19,698,-0.85%
2012-01-20,690,-1.15%
2012-01-23,681,-1.30%
2012-01-24,675,-0.88%
2012-01-25,668,-1.04%
2012-01-26,661,-1.05%
2012-01-27,658,-0.45%
2012-01-30,654,-0.61%
2012-01-31,651,-0.46%
2012-02-01,645,-0.92%
2012-02-02,653,1.24%
2012-02-03,662,1.38%
2012-02-06,660,-0.30%
2012-02-07,658,-0.30%
2012-02-08,655,-0.46%
2012-02-09,663,1.22%
2012-02-10,666,0.45%
2012-02-13,667,0.15%
2012-02-14,668,0.15%
2012-02-15,675,1.05%
2012-02-16,680,0.74%
2012-02-17,690,1.47%
2012-02-20,700,1.45%
2012-02-21,704,0.57%
2012-02-22,728,3.41%
2012-02-23,732,0.55%
2012-02-24,734,0.27%
2012-02-28,730,-0.54%
2012-02-29,723,-0.96%
2012-03-01,711,-1.66%
2012-03-02,707,-0.56%
2012-03-05,701,-0.85%
2012-03-06,695,-0.86%
2012-03-07,691,-0.58%
2012-03-08,688,-0.43%
2012-03-09,685,-0.44%
2012-03-12,677,-1.17%
2012-03-13,667,-1.48%
2012-03-14,666,-0.15%
2012-03-15,665,-0.15%
2012-03-16,658,-1.05%
2012-03-19,655,-0.46%
2012-03-20,652,-0.46%
2012-03-21,650,-0.31%
2012-03-22,649,-0.15%
2012-03-23,650,0.15%
2012-03-26,651,0.15%
2012-03-27,646,-0.77%
2012-03-28,642,-0.62%
2012-03-29,643,0.16%
2012-03-30,642,-0.16%
2012-04-02,645,0.47%
2012-04-03,644,-0.16%
2012-04-04,642,-0.31%
2012-04-05,639,-0.47%
2012-04-10,638,-0.16%
2012-04-11,636,-0.31%
2012-04-13,639,0.47%
2012-04-16,640,0.16%
2012-04-17,639,-0.16%
2012-04-18,636,-0.47%
2012-04-19,637,0.16%
2012-04-20,635,-0.31%
2012-04-23,629,-0.94%
2012-04-24,628,-0.16%
2012-04-25,627,-0.16%
2012-04-26,627,0.00%
2012-04-27,626,-0.16%
2012-04-30,626,0.00%
2012-05-01,627,0.16%
2012-05-02,627,0.00%
2012-05-03,625,-0.32%
2012-05-04,622,-0.48%
2012-05-08,619,-0.48%
2012-05-09,617,-0.32%
2012-05-10,615,-0.32%
2012-05-11,614,-0.16%
2012-05-14,611,-0.49%
2012-05-15,608,-0.49%
2012-05-16,609,0.16%
2012-05-17,614,0.82%
2012-05-18,616,0.33%
2012-05-21,613,-0.49%
2012-05-22,617,0.65%
2012-05-23,616,-0.16%
2012-05-24,613,-0.49%
2012-05-25,609,-0.65%
2012-05-28,607,-0.33%
2012-05-29,608,0.16%
2012-05-30,606,-0.33%
2012-05-31,605,-0.17%
2012-06-01,602,-0.50%
2012-06-06,591,-1.83%
2012-06-07,589,-0.34%
2012-06-08,588,-0.17%
2012-06-11,587,-0.17%
2012-06-12,584,-0.51%
2012-06-13,581,-0.51%
2012-06-14,576,-0.86%
2012-06-15,575,-0.17%
2012-06-18,573,-0.35%
2012-06-19,572,-0.17%
2012-06-20,571,-0.17%
2012-06-21,571,0.00%
2012-06-22,571,0.00%
2012-06-25,568,-0.53%
2012-06-26,571,0.53%
2012-06-27,568,-0.53%
2012-06-29,565,-0.53%
2012-07-02,561,-0.71%
2012-07-03,558,-0.53%
2012-07-04,559,0.18%
2012-07-05,559,0.00%
2012-07-06,559,0.00%
2012-07-09,557,-0.36%
2012-07-10,555,-0.36%
2012-07-11,554,-0.18%
2012-07-12,553,-0.18%
2012-07-13,556,0.54%
2012-07-16,556,0.00%
2012-07-17,558,0.36%
2012-07-19,559,0.18%
2012-07-20,560,0.18%
2012-07-23,564,0.71%
2012-07-24,568,0.71%
2012-07-25,583,2.64%
2012-07-26,583,0.00%
2012-07-27,582,-0.17%
2012-07-30,580,-0.34%
2012-07-31,579,-0.17%
2012-08-01,579,0.00%
2012-08-02,577,-0.35%
2012-08-03,576,-0.17%
2012-08-06,578,0.35%
2012-08-07,579,0.17%
2012-08-08,580,0.17%
2012-08-09,582,0.34%
2012-08-10,581,-0.17%
2012-08-13,581,0.00%
2012-08-14,583,0.34%
2012-08-15,586,0.51%
2012-08-16,588,0.34%
2012-08-17,587,-0.17%
2012-08-20,583,-0.68%
2012-08-21,579,-0.69%
2012-08-22,578,-0.17%
2012-08-23,578,0.00%
2012-08-24,579,0.17%
2012-08-28,580,0.17%
2012-08-29,582,0.34%
2012-08-30,581,-0.17%
2012-08-31,581,0.00%
2012-09-03,580,-0.17%
2012-09-04,579,-0.17%
2012-09-05,578,-0.17%
2012-09-06,581,0.52%
2012-09-07,582,0.17%
2012-09-10,582,0.00%
2012-09-11,583,0.17%
2012-09-14,592,1.54%
2012-09-17,593,0.17%
2012-09-18,598,0.84%
2012-09-19,610,2.01%
2012-09-20,624,2.30%
2012-09-21,639,2.40%
2012-09-24,644,0.78%
2012-09-25,645,0.16%
2012-09-26,648,0.47%
2012-09-27,643,-0.77%
2012-09-28,642,-0.16%
2012-10-01,639,-0.47%
2012-10-02,633,-0.94%
2012-10-03,629,-0.63%
2012-10-04,628,-0.16%
2012-10-05,626,-0.32%
2012-10-08,619,-1.12%
2012-10-09,619,0.00%
2012-10-10,615,-0.65%
2012-10-11,617,0.33%
2012-10-12,619,0.32%
2012-10-15,621,0.32%
2012-10-16,624,0.48%
2012-10-17,642,2.88%
2012-10-18,651,1.40%
2012-10-19,655,0.61%
2012-10-22,658,0.46%
2012-10-23,658,0.00%
2012-10-24,661,0.46%
2012-10-25,660,-0.15%
2012-10-26,658,-0.30%
2012-10-29,651,-1.06%
2012-10-30,650,-0.15%
2012-10-31,647,-0.46%
2012-11-01,679,4.95%
2012-11-02,715,5.30%
2012-11-05,720,0.70%
2012-11-06,714,-0.83%
2012-11-07,707,-0.98%
2012-11-08,708,0.14%
2012-11-09,702,-0.85%
2012-11-12,696,-0.85%
2012-11-13,690,-0.86%
2012-11-14,681,-1.30%
2012-11-15,681,0.00%
2012-11-16,679,-0.29%
2012-11-19,681,0.29%
2012-11-20,690,1.32%
2012-11-21,695,0.72%
2012-11-22,701,0.86%
2012-11-23,709,1.14%
2012-11-26,715,0.85%
2012-11-27,725,1.40%
2012-11-30,741,2.21%
2012-12-03,738,-0.40%
2012-12-04,738,0.00%
2012-12-05,736,-0.27%
2012-12-06,729,-0.95%
2012-12-07,719,-1.37%
2012-12-10,723,0.56%
2012-12-11,725,0.28%
2012-12-12,734,1.24%
2012-12-13,743,1.23%
2012-12-17,761,2.42%
2012-12-18,766,0.66%
2012-12-19,774,1.04%
2012-12-20,769,-0.65%
2012-12-24,756,-1.69%
2013-01-02,694,-8.20%
2013-01-03,700,0.86%
2013-01-07,717,2.43%
2013-01-08,719,0.28%
2013-01-09,716,-0.42%
2013-01-10,718,0.28%
2013-01-11,715,-0.42%
2013-01-14,710,-0.70%
2013-01-15,700,-1.41%
2013-01-16,696,-0.57%
2013-01-17,692,-0.57%
2013-01-18,690,-0.29%
2013-01-21,689,-0.14%
2013-01-22,689,0.00%
2013-01-23,688,-0.15%
2013-01-24,690,0.29%
2013-01-25,694,0.58%
2013-01-28,697,0.43%
2013-01-29,703,0.86%
2013-01-30,700,-0.43%
2013-01-31,706,0.86%
2013-02-01,728,3.12%
2013-02-04,728,0.00%
2013-02-05,728,0.00%
2013-02-06,729,0.14%
2013-02-07,725,-0.55%
2013-02-08,724,-0.14%
2013-02-11,719,-0.69%
2013-02-13,708,-1.53%
2013-02-14,704,-0.56%
2013-02-19,693,-1.56%
2013-02-20,688,-0.72%
2013-02-22,686,-0.29%
2013-02-25,688,0.29%
2013-02-26,689,0.15%
2013-02-28,693,0.58%
2013-03-01,694,0.14%
2013-03-05,696,0.29%
2013-03-06,697,0.14%
2013-03-07,700,0.43%
2013-03-11,702,0.29%
2013-03-12,705,0.43%
2013-03-13,707,0.28%
2013-03-14,708,0.14%
2013-03-18,709,0.14%
2013-03-20,704,-0.71%
2013-03-22,704,0.00%
2013-03-26,695,-1.28%
2013-03-27,694,-0.14%
2013-03-28,691,-0.43%
2013-04-02,683,-1.16%
2013-04-03,673,-1.46%
2013-04-04,666,-1.04%
2013-04-05,662,-0.60%
2013-04-09,655,-1.06%
2013-04-11,645,-1.53%
2013-04-12,640,-0.78%
2013-04-16,627,-2.03%
2013-04-17,623,-0.64%
2013-04-19,633,1.61%
2013-04-22,634,0.16%
2013-04-23,629,-0.79%
2013-04-24,620,-1.43%
2013-04-26,613,-1.13%
2013-04-29,611,-0.33%
2013-05-02,605,-0.98%
2013-05-03,604,-0.17%
2013-05-07,604,0.00%
2013-05-08,615,1.82%
2013-05-09,613,-0.33%
2013-05-10,609,-0.65%
2013-05-13,605,-0.66%
2013-05-14,599,-0.99%
2013-05-15,595,-0.67%
2013-05-16,586,-1.51%
2013-05-17,588,0.34%
2013-05-20,585,-0.51%
2013-05-21,582,-0.51%
2013-05-22,586,0.69%
2013-05-23,596,1.71%
2013-05-24,594,-0.34%
2013-05-28,596,0.34%
2013-05-29,593,-0.50%
2013-05-30,589,-0.67%
2013-05-31,589,0.00%
2013-06-03,587,-0.34%
2013-06-05,582,-0.85%
2013-06-06,581,-0.17%
2013-06-07,582,0.17%
2013-06-10,580,-0.34%
2013-06-11,577,-0.52%
2013-06-12,573,-0.69%
2013-06-14,570,-0.52%
2013-06-17,569,-0.18%
2013-06-18,568,-0.18%
2013-06-19,566,-0.35%
2013-06-20,564,-0.35%
2013-06-21,561,-0.53%
2013-06-25,552,-1.60%
2013-06-26,555,0.54%
2013-06-27,555,0.00%
2013-06-28,561,1.08%
2013-07-01,562,0.18%
2013-07-03,556,-1.07%
2013-07-08,559,0.54%
2013-07-09,561,0.36%
2013-07-10,563,0.36%
2013-07-11,566,0.53%
2013-07-12,574,1.41%
2013-07-15,574,0.00%
2013-07-16,578,0.70%
2013-07-17,601,3.98%
2013-07-18,595,-1.00%
2013-07-19,595,0.00%
2013-07-22,601,1.01%
2013-07-23,603,0.33%
2013-07-24,602,-0.17%
2013-07-25,602,0.00%
2013-07-26,607,0.83%
2013-07-29,607,0.00%
2013-07-30,606,-0.16%
2013-07-31,615,1.49%
2013-08-01,622,1.14%
2013-08-02,618,-0.64%
2013-08-05,612,-0.97%
2013-08-06,605,-1.14%
2013-08-07,590,-2.48%
2013-08-08,580,-1.69%
2013-08-09,576,-0.69%
2013-08-12,570,-1.04%
2013-08-13,565,-0.88%
2013-08-15,558,-1.24%
2013-08-16,552,-1.08%
2013-08-19,552,0.00%
2013-08-21,578,4.71%
2013-08-22,586,1.38%
2013-08-23,591,0.85%
2013-08-27,600,1.52%
2013-08-29,605,0.83%
2013-08-30,604,-0.17%
2013-09-02,601,-0.50%
2013-09-04,590,-1.83%
2013-09-05,585,-0.85%
2013-09-06,580,-0.85%
2013-09-09,577,-0.52%
2013-09-10,573,-0.69%
2013-09-11,571,-0.35%
2013-09-12,566,-0.88%
2013-09-13,561,-0.88%
2013-09-16,558,-0.53%
2013-09-18,542,-2.87%
2013-09-19,539,-0.55%
2013-09-20,535,-0.74%
2013-09-23,529,-1.12%
2013-09-24,530,0.19%
2013-09-26,535,0.94%
2013-09-27,538,0.56%
2013-09-30,546,1.49%
2013-10-01,550,0.73%
2013-10-02,550,0.00%
2013-10-03,548,-0.36%
2013-10-04,544,-0.73%
2013-10-07,537,-1.29%
2013-10-08,531,-1.12%
2013-10-09,527,-0.75%
2013-10-10,523,-0.76%
2013-10-11,517,-1.15%
2013-10-14,512,-0.97%
2013-10-15,510,-0.39%
2013-10-16,508,-0.39%
2013-10-17,507,-0.20%
2013-10-21,498,-1.78%
2013-10-22,494,-0.80%
2013-10-23,490,-0.81%
2013-10-24,490,0.00%
2013-10-25,488,-0.41%
2013-10-28,484,-0.82%
2013-10-29,483,-0.21%
2013-10-30,485,0.41%
2013-10-31,487,0.41%
2013-11-01,489,0.41%
2013-11-04,491,0.41%
2013-11-05,496,1.02%
2013-11-06,498,0.40%
2013-11-07,498,0.00%
2013-11-08,495,-0.60%
2013-11-11,492,-0.61%
2013-11-12,490,-0.41%
2013-11-13,487,-0.61%
2013-11-14,487,0.00%
2013-11-18,498,2.26%
2013-11-19,501,0.60%
2013-11-20,501,0.00%
2013-11-26,539,7.58%
2013-11-27,544,0.93%
2013-11-29,579,6.43%
2013-12-03,591,2.07%
2013-12-04,593,0.34%
2013-12-05,598,0.84%
2013-12-06,602,0.67%
2013-12-09,608,1.00%
2013-12-10,619,1.81%
2013-12-12,631,1.94%
2013-12-13,632,0.16%
2013-12-16,632,0.00%
2013-12-18,636,0.63%
2013-12-19,632,-0.63%
2013-12-20,628,-0.63%
2013-12-23,617,-1.75%
2013-12-24,616,-0.16%
2014-01-03,610,-0.97%
2014-01-06,607,-0.49%
2014-01-07,613,0.99%
2014-01-08,618,0.82%
2014-01-09,613,-0.81%
2014-01-10,610,-0.49%
2014-01-13,608,-0.33%
2014-01-15,611,0.49%
2014-01-16,613,0.33%
2014-01-17,612,-0.16%
2014-01-21,608,-0.65%
2014-01-22,609,0.16%
2014-01-24,605,-0.66%
2014-01-29,605,0.00%
2014-01-30,605,0.00%
2014-01-31,606,0.17%
2014-02-03,606,0.00%
2014-02-04,604,-0.33%
2014-02-05,602,-0.33%
2014-02-06,604,0.33%
2014-02-07,606,0.33%
2014-02-11,602,-0.66%
2014-02-13,596,-1.00%
2014-02-14,599,0.50%
2014-02-18,596,-0.50%
2014-02-19,595,-0.17%
2014-02-20,595,0.00%
2014-02-21,597,0.34%
2014-02-24,606,1.51%
2014-02-25,613,1.16%
2014-02-26,628,2.45%
2014-02-27,630,0.32%
2014-02-28,629,-0.16%
2014-03-03,627,-0.32%
2014-03-04,625,-0.32%
2014-03-05,625,0.00%
2014-03-07,625,0.00%
2014-03-10,629,0.64%
2014-03-11,627,-0.32%
2014-03-13,629,0.32%
2014-03-14,626,-0.48%
2014-03-17,622,-0.64%
2014-03-18,614,-1.29%
2014-03-19,613,-0.16%
2014-03-21,610,-0.49%
2014-03-25,612,0.33%
2014-03-26,613,0.16%
2014-03-27,613,0.00%
2014-03-28,614,0.16%
2014-03-31,610,-0.65%
2014-04-01,606,-0.66%
2014-04-02,602,-0.66%
2014-04-07,593,-1.50%
2014-04-08,585,-1.35%
2014-04-09,572,-2.22%
2014-04-10,565,-1.22%
2014-04-11,559,-1.06%
2014-04-15,548,-1.97%
2014-04-16,537,-2.01%
2014-04-17,529,-1.49%
2014-04-23,520,-1.70%
2014-04-25,523,0.58%
2014-04-28,520,-0.57%
2014-04-29,520,0.00%
2014-05-01,526,1.15%
2014-05-02,526,0.00%
2014-05-05,526,0.00%
2014-05-06,530,0.76%
2014-05-07,533,0.57%
2014-05-08,655,22.89%
2014-05-12,531,-18.93%
2014-05-13,528,-0.56%
2014-05-14,530,0.38%
2014-05-15,531,0.19%
2014-05-16,532,0.19%
2014-05-19,532,0.00%
2014-05-20,531,-0.19%
2014-05-21,528,-0.56%
2014-05-22,537,1.70%
2014-05-23,535,-0.37%
2014-05-27,532,-0.56%
2014-05-28,531,-0.19%
2014-05-29,529,-0.38%
2014-05-30,527,-0.38%
2014-06-02,525,-0.38%
2014-06-03,524,-0.19%
2014-06-04,526,0.38%
2014-06-05,530,0.76%
2014-06-06,529,-0.19%
2014-06-09,528,-0.19%
2014-06-10,527,-0.19%
2014-06-11,526,-0.19%
2014-06-12,526,0.00%
2014-06-16,518,-1.52%
2014-06-17,515,-0.58%
2014-06-19,511,-0.78%
2014-06-20,510,-0.20%
2014-06-23,511,0.20%
2014-06-26,527,3.13%
2014-06-27,537,1.90%
2014-06-30,549,2.23%
2014-07-01,547,-0.36%
2014-07-02,544,-0.55%
2014-07-03,538,-1.10%
2014-07-04,536,-0.37%
2014-07-07,532,-0.75%
2014-07-08,532,0.00%
2014-07-09,527,-0.94%
2014-07-10,524,-0.57%
2014-07-11,521,-0.57%
2014-07-14,521,0.00%
2014-07-17,539,3.45%
2014-07-18,544,0.93%
2014-07-21,548,0.74%
2014-07-22,551,0.55%
2014-07-23,565,2.54%
2014-07-24,570,0.88%
2014-07-25,570,0.00%
2014-07-28,568,-0.35%
2014-07-29,573,0.88%
2014-07-30,571,-0.35%
2014-07-31,556,-2.63%
2014-08-01,551,-0.90%
2014-08-04,547,-0.73%
2014-08-05,541,-1.10%
2014-08-06,545,0.74%
2014-08-07,552,1.28%
2014-08-08,554,0.36%
2014-08-11,555,0.18%
2014-08-12,553,-0.36%
2014-08-13,552,-0.18%
2014-08-14,549,-0.54%
2014-08-15,549,0.00%
2014-08-19,547,-0.36%
2014-08-20,545,-0.37%
2014-08-21,547,0.37%
2014-08-22,548,0.18%
2014-08-25,548,0.00%
2014-08-26,549,0.18%
2014-08-27,548,-0.18%
2014-08-28,547,-0.18%
2014-08-29,545,-0.37%
2014-09-01,545,0.00%
2014-09-02,546,0.18%
2014-09-03,563,3.11%
2014-09-04,562,-0.18%
2014-09-05,559,-0.53%
2014-09-08,557,-0.36%
2014-09-09,555,-0.36%
2014-09-10,557,0.36%
2014-09-11,561,0.72%
2014-09-12,560,-0.18%
2014-09-15,559,-0.18%
2014-09-16,554,-0.89%
2014-09-17,551,-0.54%
2014-09-18,552,0.18%
2014-09-19,552,0.00%
2014-09-22,552,0.00%
2014-09-23,555,0.54%
2014-09-24,554,-0.18%
2014-09-25,554,0.00%
2014-09-26,556,0.36%
2014-09-29,561,0.90%
2014-09-30,570,1.60%
2014-10-01,578,1.40%
2014-10-02,575,-0.52%
2014-10-03,574,-0.17%
2014-10-06,571,-0.52%
2014-10-07,571,0.00%
2014-10-08,574,0.53%
2014-10-09,576,0.35%
2014-10-10,574,-0.35%
2014-10-13,574,0.00%
2014-10-14,575,0.17%
2014-10-15,578,0.52%
2014-10-16,587,1.56%
2014-10-17,594,1.19%
2014-10-20,600,1.01%
2014-10-21,631,5.17%
2014-10-22,646,2.38%
2014-10-23,655,1.39%
2014-10-24,670,2.29%
2014-10-27,692,3.28%
2014-10-28,725,4.77%
2014-10-29,745,2.76%
2014-10-30,743,-0.27%
2014-10-31,735,-1.08%
2014-11-03,729,-0.82%
2014-11-04,724,-0.69%
2014-11-05,724,0.00%
2014-11-06,722,-0.28%
2014-11-07,718,-0.55%
2014-11-10,716,-0.28%
2014-11-11,723,0.98%
2014-11-12,732,1.24%
2014-11-13,735,0.41%
2014-11-14,736,0.14%
2014-11-17,736,0.00%
2014-11-18,735,-0.14%
2014-11-19,734,-0.14%
2014-11-20,752,2.45%
2014-11-21,755,0.40%
2014-11-24,758,0.40%
2014-11-25,769,1.45%
2014-11-26,799,3.90%
2014-11-27,812,1.63%
2014-11-28,823,1.35%
2014-12-01,815,-0.97%
2014-12-02,798,-2.09%
2014-12-03,782,-2.01%
2014-12-04,777,-0.64%
2014-12-05,766,-1.42%
2014-12-08,758,-1.04%
2014-12-09,760,0.26%
2014-12-10,775,1.97%
2014-12-11,781,0.77%
2014-12-12,784,0.38%
2014-12-15,782,-0.26%
2014-12-16,790,1.02%
2014-12-17,792,0.25%
2014-12-18,787,-0.63%
2014-12-19,785,-0.25%
2014-12-22,788,0.38%
2014-12-23,790,0.25%
2014-12-24,787,-0.38%
2015-01-02,775,-1.52%
2015-01-05,757,-2.32%
2015-01-06,742,-1.98%
2015-01-07,742,0.00%
2015-01-08,740,-0.27%
2015-01-09,739,-0.14%
2015-01-12,737,-0.27%
2015-01-13,742,0.68%
2015-01-14,742,0.00%
2015-01-15,744,0.27%
2015-01-16,740,-0.54%
2015-01-19,736,-0.54%
2015-01-20,725,-1.49%
2015-01-21,717,-1.10%
2015-01-22,712,-0.70%
2015-01-23,705,-0.98%
2015-01-26,698,-0.99%
2015-01-27,690,-1.15%
2015-01-28,679,-1.59%
2015-01-29,681,0.29%
2015-01-30,678,-0.44%
2015-02-02,669,-1.33%
2015-02-03,659,-1.49%
2015-02-04,653,-0.91%
2015-02-05,643,-1.53%
2015-02-06,627,-2.49%
2015-02-09,608,-3.03%
2015-02-10,599,-1.48%
2015-02-11,590,-1.50%
2015-02-12,582,-1.36%
2015-02-13,577,-0.86%
2015-02-16,579,0.35%
2015-02-17,592,2.25%
2015-02-18,591,-0.17%
2015-02-19,600,1.52%
2015-02-20,600,0.00%
2015-02-23,618,3.00%
2015-02-24,638,3.24%
2015-02-25,652,2.19%
2015-02-26,676,3.68%
2015-02-27,695,2.81%
2015-03-02,705,1.44%
2015-03-03,700,-0.71%
2015-03-04,699,-0.14%
2015-03-05,693,-0.86%
2015-03-06,677,-2.31%
2015-03-09,669,-1.18%
2015-03-10,665,-0.60%
2015-03-11,680,2.26%
2015-03-12,710,4.41%
2015-03-13,722,1.69%
2015-03-16,722,0.00%
2015-03-17,720,-0.28%
2015-03-18,696,-3.33%
2015-03-19,688,-1.15%
2015-03-20,681,-1.02%
2015-03-23,672,-1.32%
2015-03-24,676,0.60%
2015-03-25,678,0.30%
2015-03-26,671,-1.03%
2015-03-27,673,0.30%
2015-03-30,675,0.30%
2015-03-31,676,0.15%
2015-04-01,675,-0.15%
2015-04-02,665,-1.48%
2015-04-07,656,-1.35%
2015-04-08,663,1.07%
2015-04-09,678,2.26%
2015-04-10,709,4.57%
2015-04-13,723,1.97%
2015-04-14,731,1.11%
2015-04-15,709,-3.01%
2015-04-16,702,-0.99%
2015-04-17,696,-0.85%
2015-04-20,661,-5.03%
2015-04-21,642,-2.87%
2015-04-22,631,-1.71%
2015-04-23,617,-2.22%
2015-04-24,611,-0.97%
2015-04-27,605,-0.98%
2015-04-28,593,-1.98%
2015-04-29,599,1.01%
2015-04-30,606,1.17%
2015-05-01,616,1.65%
2015-05-05,625,1.46%
2015-05-06,622,-0.48%
2015-05-07,623,0.16%
2015-05-08,624,0.16%
2015-05-11,621,-0.48%
2015-05-12,622,0.16%
2015-05-13,627,0.80%
2015-05-14,637,1.59%
2015-05-15,643,0.94%
2015-05-18,646,0.47%
2015-05-19,659,2.01%
2015-05-20,671,1.82%
2015-05-21,668,-0.45%
2015-05-22,655,-1.95%
2015-05-26,657,0.31%
2015-05-27,662,0.76%
2015-05-28,690,4.23%
2015-05-29,694,0.58%
2015-06-01,692,-0.29%
2015-06-02,698,0.87%
2015-06-03,713,2.15%
2015-06-04,720,0.98%
2015-06-05,717,-0.42%
2015-06-08,718,0.14%
2015-06-09,721,0.42%
2015-06-10,726,0.69%
2015-06-11,725,-0.14%
2015-06-12,724,-0.14%
2015-06-15,728,0.55%
2015-06-16,733,0.69%
2015-06-17,737,0.55%
2015-06-18,739,0.27%
2015-06-19,741,0.27%
2015-06-22,743,0.27%
2015-06-23,755,1.62%
2015-06-24,764,1.19%
2015-06-25,770,0.79%
2015-06-26,776,0.78%
2015-06-29,780,0.52%
2015-06-30,784,0.51%
2015-07-01,794,1.28%
2015-07-02,809,1.89%
2015-07-06,829,2.47%
2015-07-09,837,0.97%
2015-07-10,833,-0.48%
2015-07-13,825,-0.96%
2015-07-14,823,-0.24%
2015-07-15,836,1.58%
2015-07-16,848,1.44%
2015-07-17,845,-0.35%
2015-07-20,835,-1.18%
2015-07-21,811,-2.87%
2015-07-22,788,-2.84%
2015-07-23,764,-3.05%
2015-07-24,757,-0.92%
2015-07-27,754,-0.40%
2015-07-28,740,-1.86%
2015-07-29,737,-0.41%
2015-07-30,731,-0.81%
2015-07-31,728,-0.41%
2015-08-03,722,-0.82%
2015-08-04,715,-0.97%
2015-08-05,714,-0.14%
2015-08-06,697,-2.38%
2015-08-07,695,-0.29%
2015-08-10,687,-1.15%
2015-08-11,680,-1.02%
2015-08-12,676,-0.59%
2015-08-13,680,0.59%
2015-08-14,678,-0.29%
2015-08-17,678,0.00%
2015-08-18,675,-0.44%
2015-08-19,657,-2.67%
2015-08-20,645,-1.83%
2015-08-21,639,-0.93%
2015-08-24,626,-2.03%
2015-08-25,610,-2.56%
2015-08-26,604,-0.98%
2015-08-27,596,-1.32%
2015-08-28,591,-0.84%
2015-09-01,587,-0.68%
2015-09-02,586,-0.17%
2015-09-03,584,-0.34%
2015-09-04,580,-0.68%
2015-09-07,578,-0.34%
2015-09-08,574,-0.69%
2015-09-09,564,-1.74%
2015-09-10,555,-1.60%
2015-09-14,535,-3.60%
2015-09-15,527,-1.50%
2015-09-16,526,-0.19%
2015-09-17,522,-0.76%
2015-09-18,518,-0.77%
2015-09-21,514,-0.77%
2015-09-22,513,-0.19%
2015-09-29,521,1.56%
2015-09-30,511,-1.92%
2015-10-01,506,-0.98%
2015-10-02,503,-0.59%
2015-10-05,505,0.40%
2015-10-06,507,0.40%
2015-10-07,509,0.39%
2015-10-08,506,-0.59%
2015-10-09,503,-0.59%
2015-10-12,497,-1.19%
2015-10-13,489,-1.61%
2015-10-14,481,-1.64%
2015-10-15,477,-0.83%
2015-10-16,477,0.00%
2015-10-19,480,0.63%
2015-10-21,479,-0.21%
2015-10-22,477,-0.42%
2015-10-23,474,-0.63%
2015-10-26,471,-0.63%
2015-10-28,467,-0.85%
2015-10-29,464,-0.64%
2015-10-30,464,0.00%
2015-11-02,456,-1.72%
2015-11-03,451,-1.10%
2015-11-04,457,1.33%
2015-11-05,461,0.88%
2015-11-06,464,0.65%
2015-11-09,485,4.53%
2015-11-10,492,1.44%
2015-11-11,505,2.64%
2015-11-12,512,1.39%
2015-11-13,516,0.78%
2015-11-16,517,0.19%
2015-11-17,528,2.13%
2015-11-18,522,-1.14%
2015-11-19,522,0.00%
2015-11-20,522,0.00%
2015-11-23,522,0.00%
2015-11-24,521,-0.19%
2015-11-25,522,0.19%
2015-11-26,526,0.77%
2015-11-27,528,0.38%
2015-11-30,531,0.57%
2015-12-01,537,1.13%
2015-12-02,543,1.12%
2015-12-03,547,0.74%
2015-12-04,550,0.55%
2015-12-07,550,0.00%
2015-12-08,550,0.00%
2015-12-09,552,0.36%
2015-12-10,556,0.72%
2015-12-11,557,0.18%
2015-12-14,558,0.18%
2015-12-15,564,1.08%
2015-12-16,565,0.18%
2015-12-17,565,0.00%
2015-12-18,568,0.53%
2015-12-21,571,0.53%
2015-12-22,577,1.05%
2015-12-23,578,0.17%
2015-12-24,580,0.35%
2016-01-04,688,18.62%
2016-01-05,712,3.49%
2016-01-06,719,0.98%
2016-01-07,716,-0.42%
2016-01-08,716,0.00%
2016-01-11,715,-0.14%
2016-01-12,718,0.42%
2016-01-13,717,-0.14%
2016-01-14,712,-0.70%
2016-01-15,707,-0.70%
2016-01-19,693,-1.98%
2016-01-20,691,-0.29%
2016-01-21,686,-0.72%
2016-01-22,686,0.00%
2016-01-25,680,-0.87%
2016-01-26,674,-0.88%
2016-01-27,664,-1.48%
2016-01-28,650,-2.11%
2016-01-29,645,-0.77%
2016-02-01,635,-1.55%
2016-02-02,625,-1.57%
2016-02-03,615,-1.60%
2016-02-04,609,-0.98%
2016-02-05,588,-3.45%
2016-02-08,572,-2.72%
2016-02-09,554,-3.15%
2016-02-10,551,-0.54%
2016-02-11,541,-1.81%
2016-02-12,535,-1.11%
2016-02-15,528,-1.31%
2016-02-16,527,-0.19%
2016-02-17,528,0.19%
2016-02-18,526,-0.38%
2016-02-19,524,-0.38%
2016-02-22,524,0.00%
2016-02-23,522,-0.38%
2016-03-03,519,-0.57%
2016-03-04,518,-0.19%
2016-03-07,515,-0.58%
2016-03-08,500,-2.91%
2016-03-09,492,-1.60%
2016-03-10,494,0.41%
2016-03-11,502,1.62%
2016-03-14,505,0.60%
2016-03-15,503,-0.40%
2016-03-16,500,-0.60%
2016-03-17,501,0.20%
2016-03-18,499,-0.40%
2016-03-21,501,0.40%
2016-03-22,499,-0.40%
2016-03-24,497,-0.40%
2016-03-29,496,-0.20%
2016-03-30,494,-0.40%
2016-03-31,495,0.20%
2016-04-01,495,0.00%
2016-04-04,494,-0.20%
2016-04-05,495,0.20%
2016-04-06,494,-0.20%
2016-04-07,498,0.81%
2016-04-08,498,0.00%
2016-04-11,498,0.00%
2016-04-12,504,1.20%
2016-04-13,514,1.98%
2016-04-14,532,3.50%
2016-04-15,536,0.75%
2016-04-18,536,0.00%
2016-04-19,535,-0.19%
2016-04-20,539,0.75%
2016-04-21,550,2.04%
2016-04-22,556,1.09%
2016-04-25,555,-0.18%
2016-04-26,555,0.00%
2016-04-29,545,-1.80%
2016-05-04,520,-4.59%
2016-05-05,519,-0.19%
2016-05-06,512,-1.35%
2016-05-09,508,-0.78%
2016-05-10,500,-1.57%
2016-05-11,496,-0.80%
2016-05-12,484,-2.42%
2016-05-13,477,-1.45%
2016-05-16,475,-0.42%
2016-05-17,467,-1.68%
2016-05-18,470,0.64%
2016-05-19,473,0.64%
2016-05-20,480,1.48%
2016-05-23,487,1.46%
2016-05-24,495,1.64%
2016-05-25,501,1.21%
2016-05-26,503,0.40%
2016-05-27,500,-0.60%
2016-05-31,496,-0.80%
2016-06-01,495,-0.20%
2016-06-02,493,-0.40%
2016-06-03,490,-0.61%
2016-06-06,489,-0.20%
2016-06-07,487,-0.41%
2016-06-08,479,-1.64%
2016-06-09,475,-0.84%
2016-06-10,473,-0.42%
2016-06-13,471,-0.42%
2016-06-14,461,-2.12%
2016-06-15,449,-2.60%
2016-06-16,448,-0.22%
2016-06-17,443,-1.12%
2016-06-20,438,-1.13%
2016-06-21,433,-1.14%
2016-06-22,437,0.92%
2016-06-23,442,1.14%
2016-06-24,453,2.49%
2016-06-27,457,0.88%
2016-06-28,464,1.53%
2016-06-29,464,0.00%
2016-06-30,464,0.00%
2016-07-01,462,-0.43%
2016-07-04,456,-1.30%
2016-07-05,448,-1.75%
2016-07-06,439,-2.01%
2016-07-07,437,-0.46%
2016-07-08,437,0.00%
2016-07-14,435,-0.46%
2016-07-15,442,1.61%
2016-07-18,445,0.68%
2016-07-19,450,1.12%
2016-07-20,459,2.00%
2016-07-21,462,0.65%
2016-07-22,463,0.22%
2016-07-25,461,-0.43%
2016-07-26,462,0.22%
2016-07-27,464,0.43%
2016-07-28,466,0.43%
2016-07-29,465,-0.21%
2016-08-01,462,-0.65%
2016-08-02,459,-0.65%
2016-08-03,458,-0.22%
2016-08-04,458,0.00%
2016-08-05,452,-1.31%
2016-08-08,447,-1.11%
2016-08-09,449,0.45%
2016-08-10,449,0.00%
2016-08-11,451,0.45%
2016-08-12,450,-0.22%
2016-08-15,450,0.00%
2016-08-16,460,2.22%
2016-08-17,462,0.43%
2016-08-18,461,-0.22%
2016-08-19,463,0.43%
2016-08-22,462,-0.22%
2016-08-23,456,-1.30%
2016-08-24,454,-0.44%
2016-08-25,455,0.22%
2016-08-26,457,0.44%
2016-08-30,455,-0.44%
2016-08-31,447,-1.76%
2016-09-01,441,-1.34%
2016-09-02,437,-0.91%
2016-09-06,427,-2.29%
2016-09-07,421,-1.41%
2016-09-08,416,-1.19%
2016-09-09,408,-1.92%
2016-09-12,402,-1.47%
2016-09-13,396,-1.49%
2016-09-14,389,-1.77%
2016-09-15,386,-0.77%
2016-09-16,383,-0.78%
2016-09-19,387,1.04%
2016-09-20,389,0.52%
2016-09-21,382,-1.80%
2016-09-22,380,-0.52%
2016-09-23,378,-0.53%
2016-09-26,379,0.26%
2016-09-27,375,-1.06%
2016-09-28,365,-2.67%
2016-09-29,358,-1.92%
2016-09-30,352,-1.68%
2016-10-03,349,-0.85%
2016-10-04,347,-0.57%
2016-10-05,346,-0.29%
2016-10-06,350,1.16%
2016-10-07,354,1.14%
2016-10-10,357,0.85%
2016-10-11,361,1.12%
2016-10-12,367,1.66%
2016-10-14,390,6.27%
2016-10-17,395,1.28%
2016-10-18,407,3.04%
2016-10-19,418,2.70%
2016-10-20,422,0.96%
2016-10-24,434,2.84%
2016-10-25,434,0.00%
2016-10-26,430,-0.92%
2016-10-31,417,-3.02%
2016-11-01,505,21.10%
2016-11-02,471,-6.73%
2016-11-03,445,-5.52%
2016-11-04,424,-4.72%
2016-11-07,409,-3.54%
2016-11-08,398,-2.69%
2016-11-09,394,-1.01%
2016-11-10,391,-0.76%
2016-11-11,395,1.02%
2016-11-14,398,0.76%
2016-11-15,411,3.27%
2016-11-16,430,4.62%
2016-11-17,437,1.63%
2016-11-18,447,2.29%
2016-11-21,456,2.01%
2016-11-22,459,0.66%
2016-11-23,459,0.00%
2016-11-24,460,0.22%
2016-11-25,456,-0.87%
2016-11-28,448,-1.75%
2016-11-29,443,-1.12%
2016-11-30,439,-0.90%
2016-12-01,436,-0.68%
2016-12-02,434,-0.46%
2016-12-05,437,0.69%
2016-12-06,439,0.46%
2016-12-07,440,0.23%
2016-12-08,441,0.23%
2016-12-09,443,0.45%
2016-12-12,442,-0.23%
2016-12-13,446,0.90%
2016-12-14,470,5.38%
2016-12-15,491,4.47%
2016-12-16,522,6.31%
2016-12-19,552,5.75%
2016-12-20,595,7.79%
2016-12-21,668,12.27%
2016-12-22,675,1.05%
2016-12-23,678,0.44%
2017-01-03,867,27.88%
2017-01-04,861,-0.69%
2017-01-05,854,-0.81%
2017-01-06,846,-0.94%
2017-01-09,800,-5.44%
2017-01-10,775,-3.13%
2017-01-11,746,-3.74%
2017-01-12,707,-5.23%
2017-01-13,684,-3.25%
2017-01-16,660,-3.51%
2017-01-17,642,-2.73%
2017-01-18,632,-1.56%
2017-01-19,616,-2.53%
2017-01-20,619,0.49%
2017-01-23,624,0.81%
2017-01-24,619,-0.80%
2017-01-25,621,0.32%
2017-01-26,615,-0.97%
2017-01-27,614,-0.16%
2017-01-30,606,-1.30%
2017-01-31,603,-0.50%
2017-02-01,595,-1.33%
2017-02-02,591,-0.67%
2017-02-03,585,-1.02%
2017-02-06,582,-0.51%
2017-02-07,580,-0.34%
2017-02-08,581,0.17%
2017-02-09,581,0.00%
2017-02-10,582,0.17%
2017-02-13,577,-0.86%
2017-02-14,586,1.56%
2017-02-27,606,3.41%
2017-03-03,611,0.83%
2017-03-06,617,0.98%
2017-03-07,620,0.49%
2017-03-08,634,2.26%
2017-03-09,638,0.63%
2017-03-10,644,0.94%
2017-03-13,646,0.31%
2017-03-14,660,2.17%
2017-03-15,680,3.03%
2017-03-16,701,3.09%
2017-03-22,767,9.42%
2017-03-23,807,5.22%
2017-03-24,806,-0.12%
2017-03-27,803,-0.37%
2017-03-28,792,-1.37%
2017-03-29,784,-1.01%
2017-03-30,771,-1.66%
2017-03-31,751,-2.59%
2017-04-03,739,-1.60%
2017-04-04,704,-4.74%
2017-04-05,679,-3.55%
2017-04-06,672,-1.03%
2017-04-07,665,-1.04%
2017-04-10,661,-0.60%
2017-04-11,646,-2.27%
2017-04-12,639,-1.08%
2017-04-13,645,0.94%
2017-04-17,645,0.00%
2017-04-18,638,-1.09%
2017-04-19,643,0.78%
2017-04-20,660,2.64%
2017-04-21,661,0.15%
2017-04-24,654,-1.06%
2017-04-25,646,-1.22%
2017-04-26,637,-1.39%
2017-04-27,620,-2.67%
2017-04-28,613,-1.13%
2017-05-02,590,-3.75%
2017-05-03,579,-1.86%
2017-05-04,570,-1.55%
2017-05-05,566,-0.70%
2017-05-08,558,-1.41%
2017-05-09,550,-1.43%
2017-05-10,546,-0.73%
2017-05-11,545,-0.18%
2017-05-12,540,-0.92%
2017-05-15,536,-0.74%
2017-05-16,522,-2.61%
2017-05-17,523,0.19%
2017-05-18,516,-1.34%
2017-05-19,513,-0.58%
2017-05-22,516,0.58%
2017-05-23,520,0.78%
2017-05-24,538,3.46%
2017-05-25,540,0.37%
2017-05-26,549,1.67%
2017-05-30,556,1.28%
2017-05-31,558,0.36%
2017-06-01,559,0.18%
2017-06-02,554,-0.89%
2017-06-05,548,-1.08%
2017-06-06,546,-0.36%
2017-06-07,545,-0.18%
2017-06-08,540,-0.92%
2017-06-09,539,-0.19%
2017-06-12,533,-1.11%
2017-06-13,529,-0.75%
2017-06-14,522,-1.32%
2017-06-15,517,-0.96%
2017-06-16,522,0.97%
2017-06-19,521,-0.19%
2017-06-20,527,1.15%
2017-06-21,537,1.90%
2017-06-22,546,1.68%
2017-06-23,559,2.38%
2017-06-26,564,0.89%
2017-06-27,570,1.06%
2017-06-28,568,-0.35%
2017-06-29,569,0.18%
2017-06-30,563,-1.05%
2017-07-05,566,0.53%
2017-07-06,583,3.00%
2017-07-07,580,-0.51%
2017-07-10,569,-1.90%
2017-07-11,567,-0.35%
2017-07-12,565,-0.35%
2017-07-13,557,-1.42%
2017-07-14,551,-1.08%
2017-07-17,549,-0.36%
2017-07-18,546,-0.55%
2017-07-19,545,-0.18%
2017-07-20,548,0.55%
2017-07-21,550,0.36%
2017-07-24,549,-0.18%
2017-07-25,556,1.28%
2017-07-26,551,-0.90%
2017-07-27,545,-1.09%
2017-07-28,544,-0.18%
2017-07-31,541,-0.55%
2017-08-01,543,0.37%
2017-08-02,552,1.66%
2017-08-03,556,0.72%
2017-08-04,556,0.00%
2017-08-07,556,0.00%
2017-08-08,556,0.00%
2017-08-09,555,-0.18%
2017-08-10,552,-0.54%
2017-08-11,551,-0.18%
2017-08-14,546,-0.91%
2017-08-15,530,-2.93%
2017-08-16,517,-2.45%
2017-08-17,520,0.58%
2017-08-18,511,-1.73%
2017-08-21,511,0.00%
2017-08-22,511,0.00%
2017-08-23,510,-0.20%
2017-08-24,508,-0.39%
2017-08-25,521,2.56%
2017-08-29,564,8.25%
2017-08-30,648,14.89%
2017-08-31,703,8.49%
2017-09-01,737,4.84%
2017-09-05,624,-15.33%
2017-09-06,607,-2.72%
2017-09-07,609,0.33%
2017-09-08,590,-3.12%
2017-09-11,580,-1.69%
2017-09-12,560,-3.45%
2017-09-13,548,-2.14%
2017-09-14,545,-0.55%
2017-09-15,548,0.55%
2017-09-18,575,4.93%
2017-09-19,587,2.09%
2017-09-20,610,3.92%
2017-09-21,617,1.15%
2017-09-22,621,0.65%
2017-09-25,629,1.29%
2017-09-26,652,3.66%
2017-09-27,666,2.15%
2017-09-28,671,0.75%
2017-09-29,667,-0.60%
2017-10-02,651,-2.40%
2017-10-03,634,-2.61%
2017-10-04,622,-1.89%
2017-10-05,617,-0.80%
2017-10-06,615,-0.32%
2017-10-09,609,-0.98%
2017-10-10,599,-1.64%
2017-10-11,591,-1.34%
2017-10-12,573,-3.05%
2017-10-13,563,-1.75%
2017-10-16,551,-2.13%
2017-10-17,544,-1.27%
2017-10-18,540,-0.74%
2017-10-19,531,-1.67%
2017-10-20,527,-0.75%
2017-10-23,520,-1.33%
2017-10-24,515,-0.96%
2017-10-25,515,0.00%
2017-10-26,516,0.19%
2017-10-27,524,1.55%
2017-10-30,523,-0.19%
2017-10-31,528,0.96%
2017-11-01,534,1.14%
2017-11-02,539,0.94%
2017-11-03,540,0.19%
2017-11-06,542,0.37%
2017-11-07,542,0.00%
2017-11-08,544,0.37%
2017-11-09,546,0.37%
2017-11-10,550,0.73%
2017-11-13,556,1.09%
2017-11-14,570,2.52%
2017-11-15,582,2.11%
2017-11-16,594,2.06%
2017-11-17,590,-0.67%
2017-11-20,594,0.68%
2017-11-21,595,0.17%
2017-11-22,599,0.67%
2017-11-24,602,0.50%
2017-11-27,603,0.17%
2017-11-28,611,1.33%
2017-11-29,615,0.65%
2017-11-30,634,3.09%
2017-12-01,649,2.37%
2017-12-04,677,4.31%
2017-12-05,688,1.62%
2017-12-06,685,-0.44%
2017-12-07,679,-0.88%
2017-12-08,686,1.03%
2017-12-11,684,-0.29%
2017-12-12,686,0.29%
2017-12-13,694,1.17%
2017-12-14,702,1.15%
2017-12-15,707,0.71%
2017-12-18,722,2.12%
2017-12-19,723,0.14%
2017-12-20,722,-0.14%
2017-12-21,719,-0.42%
2017-12-22,720,0.14%
2018-01-02,655,-9.03%
2018-01-03,653,-0.31%
2018-01-04,653,0.00%
2018-01-05,656,0.46%
2018-01-08,646,-1.52%
2018-01-09,628,-2.79%
2018-01-10,616,-1.91%
2018-01-11,609,-1.14%
2018-01-12,602,-1.15%
2018-01-15,583,-3.16%
2018-01-16,569,-2.40%
2018-01-17,566,-0.53%
2018-01-18,570,0.71%
2018-01-19,567,-0.53%
2018-01-22,564,-0.53%
2018-01-23,569,0.89%
2018-01-24,571,0.35%
2018-01-25,589,3.15%
2018-01-26,623,5.77%
2018-01-29,637,2.25%
2018-01-30,628,-1.41%
2018-01-31,602,-4.14%
2018-02-01,598,-0.66%
2018-02-02,606,1.34%
2018-02-05,606,0.00%
2018-02-06,615,1.49%
2018-02-07,614,-0.16%
2018-02-08,619,0.81%
2018-02-09,632,2.10%
2018-02-12,634,0.32%
2018-02-13,642,1.26%
2018-02-14,638,-0.62%
2018-02-15,630,-1.25%
2018-02-16,628,-0.32%
2018-02-19,623,-0.80%
2018-02-20,613,-1.61%
2018-02-21,617,0.65%
2018-02-22,618,0.16%
2018-02-23,622,0.65%
2018-02-26,618,-0.64%
2018-02-27,621,0.49%
2018-02-28,622,0.16%
2018-03-01,604,-2.89%
2018-03-02,600,-0.66%
2018-03-05,598,-0.33%
2018-03-06,596,-0.33%
2018-03-07,590,-1.01%
2018-03-08,585,-0.85%
2018-03-09,580,-0.85%
2018-03-12,580,0.00%
2018-03-13,577,-0.52%
2018-03-14,567,-1.73%
2018-03-15,563,-0.71%
2018-03-16,564,0.18%
2018-03-19,564,0.00%
2018-03-20,559,-0.89%
2018-03-21,561,0.36%
2018-03-22,560,-0.18%
2018-03-23,554,-1.07%
2018-03-26,563,1.62%
2018-03-27,563,0.00%
2018-03-28,563,0.00%
2018-03-29,560,-0.53%
2018-04-03,543,-3.04%
2018-04-04,520,-4.24%
2018-04-05,510,-1.92%
2018-04-06,501,-1.76%
2018-04-09,498,-0.60%
2018-04-10,510,2.41%
2018-04-11,523,2.55%
2018-04-12,525,0.38%
2018-04-13,529,0.76%
2018-04-16,535,1.13%
2018-04-17,538,0.56%
2018-04-18,554,2.97%
2018-04-19,557,0.54%
2018-04-20,558,0.18%
2018-04-23,555,-0.54%
2018-04-24,557,0.36%
2018-04-25,563,1.08%
2018-04-26,571,1.42%
2018-04-27,571,0.00%
2018-04-30,567,-0.70%
2018-05-02,545,-3.88%
2018-05-03,546,0.18%
2018-05-04,545,-0.18%
2018-05-08,545,0.00%
2018-05-09,541,-0.73%
2018-05-10,540,-0.18%
2018-05-11,542,0.37%
2018-05-14,540,-0.37%
2018-05-15,532,-1.48%
2018-05-16,529,-0.56%
2018-05-17,524,-0.95%
2018-05-18,525,0.19%
2018-05-21,526,0.19%
2018-05-22,535,1.71%
2018-05-23,535,0.00%
2018-05-24,558,4.30%
2018-05-25,558,0.00%
2018-05-29,563,0.90%
2018-05-30,569,1.07%
2018-05-31,555,-2.46%
2018-06-01,549,-1.08%
2018-06-04,546,-0.55%
2018-06-05,541,-0.92%
2018-06-06,538,-0.55%
2018-06-07,535,-0.56%
2018-06-08,531,-0.75%
2018-06-11,525,-1.13%
2018-06-12,522,-0.57%
2018-06-13,518,-0.77%
2018-06-14,518,0.00%
2018-06-15,515,-0.58%
2018-06-18,511,-0.78%
2018-06-19,507,-0.78%
2018-06-20,506,-0.20%
2018-06-21,507,0.20%
2018-06-22,506,-0.20%
2018-06-25,503,-0.59%
2018-06-26,500,-0.60%
2018-06-27,496,-0.80%
2018-06-28,493,-0.60%
2018-06-29,496,0.61%
2018-07-02,500,0.81%
2018-07-03,501,0.20%
2018-07-04,501,0.00%
2018-07-05,502,0.20%
2018-07-06,502,0.00%
2018-07-09,501,-0.20%
2018-07-10,499,-0.40%
2018-07-11,499,0.00%
2018-07-12,500,0.20%
2018-07-13,499,-0.20%
2018-07-16,499,0.00%
2018-07-17,494,-1.00%
2018-07-18,494,0.00%
2018-07-19,496,0.40%
2018-07-20,500,0.81%
2018-07-23,507,1.40%
2018-07-24,511,0.79%
2018-07-25,512,0.20%
2018-07-26,508,-0.78%
2018-07-27,503,-0.98%
2018-07-30,500,-0.60%
2018-07-31,498,-0.40%
2018-08-01,492,-1.20%
2018-08-02,490,-0.41%
2018-08-03,487,-0.61%
2018-08-06,483,-0.82%
2018-08-07,480,-0.62%
2018-08-08,478,-0.42%
2018-08-09,479,0.21%
2018-08-10,489,2.09%
2018-08-13,492,0.61%
2018-08-14,492,0.00%
2018-08-15,491,-0.20%
2018-08-16,490,-0.20%
2018-08-17,489,-0.20%
2018-08-20,486,-0.61%
2018-08-21,484,-0.41%
2018-08-22,481,-0.62%
2018-08-23,480,-0.21%
2018-08-24,479,-0.21%
2018-08-28,478,-0.21%
2018-08-29,476,-0.42%
2018-08-30,484,1.68%
2018-08-31,501,3.51%
2018-09-03,499,-0.40%
2018-09-04,516,3.41%
2018-09-05,526,1.94%
2018-09-06,534,1.52%
2018-09-07,532,-0.37%
2018-09-10,532,0.00%
2018-09-11,520,-2.26%
2018-09-12,518,-0.38%
2018-09-13,511,-1.35%
2018-09-14,513,0.39%
2018-09-17,508,-0.97%
2018-09-18,502,-1.18%
2018-09-19,499,-0.60%
2018-09-20,503,0.80%
2018-09-21,503,0.00%
2018-09-24,516,2.58%
2018-09-25,521,0.97%
2018-09-26,531,1.92%
2018-09-27,541,1.88%
2018-09-28,550,1.66%
2018-10-01,549,-0.18%
2018-10-02,551,0.36%
2018-10-03,558,1.27%
2018-10-04,587,5.20%
2018-10-05,596,1.53%
2018-10-08,590,-1.01%
2018-10-09,592,0.34%
2018-10-10,597,0.84%
2018-10-11,594,-0.50%
2018-10-12,598,0.67%
2018-10-15,600,0.33%
2018-10-16,600,0.00%
2018-10-17,598,-0.33%
2018-10-18,589,-1.51%
2018-10-19,587,-0.34%
2018-10-22,582,-0.85%
2018-10-23,577,-0.86%
2018-10-24,577,0.00%
2018-10-25,571,-1.04%
2018-10-26,571,0.00%
2018-10-29,573,0.35%
2018-10-30,571,-0.35%
2018-10-31,567,-0.70%
2018-11-01,569,0.35%
2018-11-02,576,1.23%
2018-11-05,583,1.22%
2018-11-06,608,4.29%
2018-11-07,614,0.99%
2018-11-08,634,3.26%
2018-11-09,652,2.84%
2018-11-12,654,0.31%
2018-11-13,652,-0.31%
2018-11-14,651,-0.15%
2018-11-15,649,-0.31%
2018-11-16,646,-0.46%
2018-11-19,645,-0.15%
2018-11-20,643,-0.31%
2018-11-21,650,1.09%
2018-11-22,654,0.62%
2018-11-23,660,0.92%
2018-11-26,669,1.36%
2018-11-27,695,3.89%
2018-11-28,750,7.91%
2018-11-29,780,4.00%
2018-11-30,792,1.54%
2018-12-03,840,6.06%
2018-12-04,861,2.50%
2018-12-05,876,1.74%
2018-12-06,886,1.14%
2018-12-07,894,0.90%
2018-12-10,897,0.34%
2018-12-11,909,1.34%
2018-12-12,919,1.10%
2018-12-13,917,-0.22%
2018-12-14,909,-0.87%
2018-12-17,895,-1.54%
2018-12-18,860,-3.91%
2018-12-19,844,-1.86%
2018-12-20,833,-1.30%
2018-12-21,823,-1.20%
2018-12-24,813,-1.22%
2019-01-02,666,-18.08%
2019-01-03,657,-1.35%
2019-01-04,656,-0.15%
2019-01-07,666,1.52%
2019-01-08,684,2.70%
2019-01-09,683,-0.15%
2019-01-10,674,-1.32%
2019-01-11,667,-1.04%
2019-01-14,659,-1.20%
2019-01-15,655,-0.61%
2019-01-16,665,1.53%
2019-01-17,665,0.00%
2019-01-18,661,-0.60%
2019-01-21,659,-0.30%
2019-01-22,664,0.76%
2019-01-23,668,0.60%
2019-01-24,668,0.00%
2019-01-25,672,0.60%
2019-01-28,669,-0.45%
2019-01-29,667,-0.30%
2019-01-30,659,-1.20%
2019-01-31,653,-0.91%
2019-02-01,649,-0.61%
2019-02-04,640,-1.39%
2019-02-05,636,-0.63%
2019-02-06,633,-0.47%
2019-02-07,629,-0.63%
2019-02-08,624,-0.79%
2019-02-11,618,-0.96%
2019-02-12,624,0.97%
2019-02-13,618,-0.96%
2019-02-14,613,-0.81%
2019-02-15,609,-0.65%
2019-02-18,605,-0.66%
2019-02-19,607,0.33%
2019-02-20,605,-0.33%
2019-02-21,594,-1.82%
2019-02-22,595,0.17%
2019-02-25,588,-1.18%
2019-02-26,583,-0.85%
2019-02-27,580,-0.51%
2019-02-28,576,-0.69%
2019-03-01,575,-0.17%
2019-03-04,581,1.04%
2019-03-05,585,0.69%
2019-03-06,584,-0.17%
2019-03-07,577,-1.20%
2019-03-08,575,-0.35%
2019-03-11,575,0.00%
2019-03-12,575,0.00%
2019-03-13,580,0.87%
2019-03-14,588,1.38%
2019-03-15,603,2.55%
2019-03-18,606,0.50%
2019-03-19,627,3.47%
2019-03-20,627,0.00%
2019-03-21,634,1.12%
2019-03-22,669,5.52%
2019-03-25,669,0.00%
2019-03-26,684,2.24%
2019-03-27,703,2.78%
2019-03-28,744,5.83%
2019-03-29,737,-0.94%
2019-04-01,734,-0.41%
2019-04-02,709,-3.41%
2019-04-03,676,-4.65%
2019-04-04,644,-4.73%
2019-04-05,614,-4.66%
2019-04-08,604,-1.63%
2019-04-09,600,-0.66%
2019-04-10,596,-0.67%
2019-04-11,592,-0.67%
2019-04-12,586,-1.01%
2019-04-15,577,-1.54%
2019-04-16,574,-0.52%
2019-04-17,584,1.74%
2019-04-18,576,-1.37%
2019-04-23,571,-0.87%
2019-04-24,573,0.35%
2019-04-25,586,2.27%
2019-04-26,584,-0.34%
2019-04-29,581,-0.51%
2019-04-30,567,-2.41%
2019-05-02,546,-3.70%
2019-05-03,536,-1.83%
2019-05-07,514,-4.10%
2019-05-08,523,1.75%
2019-05-09,521,-0.38%
2019-05-10,516,-0.96%
2019-05-13,510,-1.16%
2019-05-14,505,-0.98%
2019-05-15,504,-0.20%
2019-05-16,507,0.60%
2019-05-17,512,0.99%
2019-05-20,516,0.78%
2019-05-21,521,0.97%
2019-05-22,522,0.19%
2019-05-23,524,0.38%
2019-05-24,527,0.57%
2019-05-28,539,2.28%
2019-05-29,541,0.37%
2019-05-30,538,-0.55%
2019-05-31,537,-0.19%
2019-06-03,523,-2.61%
2019-06-04,515,-1.53%
2019-06-05,518,0.58%
2019-06-06,521,0.58%
2019-06-07,521,0.00%
2019-06-10,517,-0.77%
2019-06-11,507,-1.93%
2019-06-12,499,-1.58%
2019-06-13,494,-1.00%
2019-06-14,491,-0.61%
2019-06-17,492,0.20%
2019-06-18,495,0.61%
2019-06-19,498,0.61%
2019-06-20,505,1.41%
2019-06-21,510,0.99%
2019-06-24,543,6.47%
2019-06-25,550,1.29%
2019-06-26,543,-1.27%
2019-06-27,536,-1.29%
2019-06-28,539,0.56%
2019-07-01,543,0.74%
2019-07-02,547,0.74%
2019-07-03,551,0.73%
2019-07-04,545,-1.09%
2019-07-05,542,-0.55%
2019-07-08,536,-1.11%
2019-07-09,529,-1.31%
2019-07-10,524,-0.95%
2019-07-11,525,0.19%
2019-07-12,524,-0.19%
2019-07-15,523,-0.19%
2019-07-16,513,-1.91%
2019-07-17,501,-2.34%
2019-07-18,491,-2.00%
2019-07-19,480,-2.24%
2019-07-22,478,-0.42%
2019-07-23,473,-1.05%
2019-07-24,471,-0.42%
2019-07-25,469,-0.42%
2019-07-26,466,-0.64%
2019-07-29,461,-1.07%
2019-07-30,455,-1.30%
2019-07-31,456,0.22%
2019-08-01,464,1.75%
2019-08-02,467,0.65%
2019-08-05,489,4.71%
2019-08-06,501,2.45%
2019-08-07,498,-0.60%
2019-08-08,492,-1.20%
2019-08-09,488,-0.81%
2019-08-12,485,-0.61%
2019-08-13,474,-2.27%
2019-08-14,463,-2.32%
2019-08-15,458,-1.08%
2019-08-16,453,-1.09%
2019-08-19,455,0.44%
2019-08-20,461,1.32%
2019-08-21,458,-0.65%
2019-08-22,462,0.87%
2019-08-23,469,1.52%
2019-08-27,471,0.43%
2019-08-28,469,-0.42%
2019-08-29,469,0.00%
2019-08-30,468,-0.21%
2019-09-02,469,0.21%
2019-09-03,470,0.21%
2019-09-04,467,-0.64%
2019-09-05,464,-0.64%
2019-09-06,459,-1.08%
2019-09-09,459,0.00%
2019-09-10,457,-0.44%
2019-09-11,453,-0.88%
2019-09-12,452,-0.22%
2019-09-13,450,-0.44%
2019-09-16,452,0.44%
2019-09-17,453,0.22%
2019-09-18,451,-0.44%
2019-09-19,448,-0.67%
2019-09-20,451,0.67%
2019-09-23,458,1.55%
2019-09-24,460,0.44%
2019-09-25,464,0.87%
2019-09-26,466,0.43%
2019-09-27,465,-0.21%
2019-09-30,468,0.65%
2019-10-01,474,1.28%
2019-10-02,496,4.64%
2019-10-03,530,6.85%
2019-10-04,544,2.64%
2019-10-07,552,1.47%
2019-10-08,604,9.42%
2019-10-09,626,3.64%
2019-10-10,636,1.60%
2019-10-11,666,4.72%
2019-10-14,781,17.27%
2019-10-15,960,22.92%
2019-10-16,"1,031",7.40%
2019-10-17,972,-5.72%
2019-10-18,937,-3.60%
2019-10-21,906,-3.31%
2019-10-22,856,-5.52%
2019-10-23,814,-4.91%
2019-10-24,754,-7.37%
2019-10-25,742,-1.59%
2019-10-28,742,0.00%
2019-10-29,733,-1.21%
2019-10-30,711,-3.00%
2019-10-31,693,-2.53%
2019-11-01,687,-0.87%
2019-11-04,674,-1.89%
2019-11-05,639,-5.19%
2019-11-06,630,-1.41%
2019-11-07,622,-1.27%
2019-11-08,617,-0.80%
2019-11-11,614,-0.49%
2019-11-12,603,-1.79%
2019-11-13,603,0.00%
2019-11-14,612,1.49%
2019-11-15,632,3.27%
2019-11-18,673,6.49%
2019-11-19,696,3.42%
2019-11-20,747,7.33%
2019-11-21,842,12.72%
2019-11-22,880,4.51%
2019-11-25,942,7.05%
2019-11-26,961,2.02%
2019-11-27,951,-1.04%
2019-11-28,940,-1.16%
2019-11-29,923,-1.81%
2019-12-02,879,-4.77%
2019-12-03,847,-3.64%
2019-12-04,820,-3.19%
2019-12-05,809,-1.34%
2019-12-06,804,-0.62%
2019-12-09,803,-0.12%
2019-12-10,830,3.36%
2019-12-11,854,2.89%
2019-12-12,879,2.93%
2019-12-13,892,1.48%
2019-12-16,895,0.34%
2019-12-17,901,0.67%
2019-12-18,904,0.33%
2019-12-19,911,0.77%
2019-12-20,926,1.65%
2019-12-23,952,2.81%
2019-12-24,958,0.63%
2020-01-02,889,-7.20%
2020-01-03,888,-0.11%
2020-01-06,892,0.45%
2020-01-07,877,-1.68%
2020-01-08,857,-2.28%
2020-01-09,828,-3.38%
2020-01-10,801,-3.26%
2020-01-13,791,-1.25%
2020-01-14,779,-1.52%
2020-01-15,752,-3.47%
2020-01-16,720,-4.26%
2020-01-17,710,-1.39%
2020-01-20,704,-0.85%
2020-01-21,685,-2.70%
2020-01-22,669,-2.34%
2020-01-23,646,-3.44%
2020-01-24,639,-1.08%
2020-01-27,633,-0.94%
2020-01-28,625,-1.26%
2020-01-29,623,-0.32%
2020-01-30,622,-0.16%
2020-01-31,615,-1.13%
2020-02-03,602,-2.11%
2020-02-04,601,-0.17%
2020-02-05,604,0.50%
2020-02-06,614,1.66%
2020-02-07,623,1.47%
2020-02-10,615,-1.28%
2020-02-11,620,0.81%
2020-02-12,633,2.10%
2020-02-13,654,3.32%
2020-02-14,668,2.14%
2020-02-17,699,4.64%
2020-02-18,710,1.57%
2020-02-19,707,-0.42%
2020-02-20,700,-0.99%
2020-02-21,689,-1.57%
2020-02-24,660,-4.21%
2020-02-25,646,-2.12%
2020-02-26,636,-1.55%
2020-02-27,646,1.57%
2020-02-28,652,0.93%
2020-03-02,645,-1.07%
2020-03-03,646,0.16%
2020-03-04,671,3.87%
2020-03-05,683,1.79%
2020-03-06,685,0.29%
2020-03-09,717,4.67%
2020-03-10,743,3.63%
2020-03-11,781,5.11%
2020-03-12,793,1.54%
2020-03-13,816,2.90%
2020-03-16,835,2.33%
2020-03-17,850,1.80%
2020-03-18,851,0.12%
2020-03-19,854,0.35%
2020-03-20,848,-0.70%
2020-03-23,846,-0.24%
2020-03-24,843,-0.35%
2020-03-25,857,1.66%
2020-03-26,858,0.12%
2020-03-27,855,-0.35%
2020-03-30,860,0.58%
2020-03-31,866,0.70%
2020-04-01,881,1.73%
2020-04-02,886,0.57%
2020-04-03,874,-1.35%
2020-04-06,855,-2.17%
2020-04-07,827,-3.27%
2020-04-08,822,-0.60%
2020-04-09,816,-0.73%
2020-04-14,818,0.25%
2020-04-15,846,3.42%
2020-04-16,877,3.66%
2020-04-17,949,8.21%
2020-04-20,"1,045",10.12%
2020-04-21,"1,367",30.81%
2020-04-22,"1,831",33.94%
2020-04-23,"2,028",10.76%
2020-04-24,"2,170",7.00%
2020-04-27,"2,190",0.92%
2020-04-28,"2,111",-3.61%
2020-04-29,"2,013",-4.64%
2020-04-30,"1,912",-5.02%
2020-05-04,"1,518",-20.61%
2020-05-05,"1,339",-11.79%
2020-05-06,"1,216",-9.19%
2020-05-07,"1,163",-4.36%
2020-05-11,"1,069",-8.08%
2020-05-12,964,-9.82%
2020-05-13,898,-6.85%
2020-05-14,759,-15.48%
2020-05-15,704,-7.25%
2020-05-18,680,-3.41%
2020-05-19,621,-8.68%
2020-05-21,569,-8.37%
2020-05-27,577,1.41%
2020-05-28,596,3.29%
2020-05-29,587,-1.51%
2020-06-01,560,-4.60%
2020-06-02,546,-2.50%
2020-06-03,523,-4.21%
2020-06-04,491,-6.12%
2020-06-05,475,-3.26%
2020-06-08,458,-3.58%
2020-06-09,448,-2.18%
2020-06-10,431,-3.79%
2020-06-11,422,-2.09%
2020-06-12,418,-0.95%
2020-06-15,415,-0.72%
2020-06-16,402,-3.13%
2020-06-17,401,-0.25%
2020-06-18,402,0.25%
2020-06-19,401,-0.25%
2020-06-22,402,0.25%
2020-06-23,412,2.49%
2020-06-24,408,-0.97%
2020-06-25,408,0.00%
2020-06-26,407,-0.25%
2020-06-29,400,-1.72%
2020-06-30,396,-1.00%
2020-07-01,396,0.00%
2020-07-02,390,-1.52%
2020-07-03,382,-2.05%
2020-07-06,375,-1.83%
2020-07-07,367,-2.13%
2020-07-08,358,-2.45%
2020-07-10,344,-3.91%
2020-07-13,342,-0.58%
2020-07-14,339,-0.88%
2020-07-15,334,-1.47%
2020-07-16,329,-1.50%
2020-07-17,329,0.00%
2020-07-20,340,3.34%
2020-07-21,350,2.94%
2020-07-22,355,1.43%
2020-07-23,356,0.28%
2020-07-24,355,-0.28%
2020-07-27,362,1.97%
2020-07-28,362,0.00%
2020-07-29,357,-1.38%
2020-07-30,357,0.00%
2020-07-31,356,-0.28%
2020-08-03,356,0.00%
2020-08-04,353,-0.84%
2020-08-05,353,0.00%
2020-08-06,350,-0.85%
2020-08-07,350,0.00%
2020-08-10,351,0.29%
2020-08-11,353,0.57%
2020-08-12,379,7.37%
2020-08-13,399,5.28%
2020-08-14,399,0.00%
2020-08-17,400,0.25%
2020-08-18,407,1.75%
2020-08-19,412,1.23%
2020-08-20,415,0.73%
2020-08-21,423,1.93%
2020-08-24,433,2.36%
2020-08-25,483,11.55%
2020-08-26,502,3.93%
2020-08-27,492,-1.99%
2020-08-28,485,-1.42%
2020-08-31,485,0.00%
2020-09-01,482,-0.62%
2020-09-02,480,-0.41%
2020-09-03,477,-0.63%
2020-09-04,477,0.00%
2020-09-07,483,1.26%
2020-09-08,465,-3.73%
2020-09-09,464,-0.22%
2020-09-10,461,-0.65%
2020-09-11,467,1.30%
2020-09-14,462,-1.07%
2020-09-15,447,-3.25%
2020-09-16,432,-3.36%
2020-09-17,423,-2.08%
2020-09-18,419,-0.95%
2020-09-21,419,0.00%
2020-09-22,416,-0.72%
2020-09-23,412,-0.96%
2020-09-24,401,-2.67%
2020-09-25,388,-3.24%
2020-09-28,382,-1.55%
2020-09-29,372,-2.62%
2020-09-30,373,0.27%
2020-10-01,371,-0.54%
2020-10-02,372,0.27%
2020-10-05,376,1.08%
2020-10-06,375,-0.27%
2020-10-07,369,-1.60%
2020-10-08,368,-0.27%
2020-10-09,361,-1.90%
2020-10-12,357,-1.11%
2020-10-13,351,-1.68%
2020-10-14,350,-0.28%
2020-10-15,350,0.00%
2020-10-16,355,1.43%
2020-10-19,350,-1.41%
2020-10-20,344,-1.71%
2020-10-21,339,-1.45%
2020-10-22,327,-3.54%
2020-10-23,333,1.83%
2020-10-25,334,0.30%
2020-10-26,330,-1.20%
2020-10-27,322,-2.42%
2020-10-28,312,-3.11%
2020-11-01,313,0.32%
2020-11-02,313,0.00%
2020-11-03,309,-1.28%
2020-11-04,310,0.32%
2020-11-05,309,-0.32%
2020-11-08,316,2.27%
2020-11-09,326,3.16%
2020-11-10,326,0.00%
2020-11-11,333,2.15%
2020-11-12,337,1.20%
2020-11-15,339,0.59%
2020-11-16,345,1.77%
2020-11-17,345,0.00%
2020-11-18,346,0.29%
2020-11-19,368,6.36%
2020-11-22,372,1.09%
2020-11-23,372,0.00%
2020-11-24,372,0.00%
2020-11-25,360,-3.23%
2020-11-26,360,0.00%
2020-11-29,351,-2.50%
2020-11-30,344,-1.99%
2020-12-01,354,2.91%
2020-12-02,351,-0.85%
2020-12-03,354,0.85%
2020-12-06,361,1.98%
2020-12-07,371,2.77%
2020-12-08,395,6.47%
2020-12-09,413,4.56%
2020-12-10,425,2.91%
2020-12-13,424,-0.24%
2020-12-14,431,1.65%
2020-12-15,424,-1.62%
2020-12-16,411,-3.07%
2020-12-17,406,-1.22%
2020-12-20,399,-1.72%
2020-12-21,387,-3.01%
2020-12-22,385,-0.52%
2020-12-23,385,0.00%
2021-01-03,434,12.73%
2021-01-04,432,-0.46%
2021-01-05,433,0.23%
2021-01-06,446,3.00%
2021-01-07,447,0.22%
2021-01-10,445,-0.45%
2021-01-11,441,-0.90%
2021-01-12,450,2.04%
2021-01-13,456,1.33%
2021-01-14,465,1.97%
2021-01-17,466,0.22%
2021-01-18,468,0.43%
2021-01-19,485,3.63%
2021-01-20,510,5.15%
2021-01-21,510,0.00%
2021-01-24,515,0.98%
2021-01-25,513,-0.39%
2021-01-26,515,0.39%
2021-01-27,513,-0.39%
2021-01-28,511,-0.39%
2021-01-31,506,-0.98%
2021-02-01,503,-0.59%
2021-02-02,490,-2.58%
2021-02-03,485,-1.02%
2021-02-04,483,-0.41%
2021-02-07,481,-0.41%
2021-02-08,482,0.21%
2021-02-09,482,0.00%
2021-02-10,488,1.24%
2021-02-11,498,2.05%
2021-02-14,509,2.21%
2021-02-15,572,12.38%
2021-02-16,571,-0.17%
2021-02-17,571,0.00%
2021-02-18,571,0.00%
2021-02-21,571,0.00%
2021-02-22,560,-1.93%
2021-02-23,556,-0.71%
2021-02-24,543,-2.34%
2021-02-25,526,-3.13%
2021-02-28,500,-4.94%
2021-03-01,493,-1.40%
2021-03-02,487,-1.22%
2021-03-03,478,-1.85%
2021-03-04,488,2.09%
2021-03-07,493,1.02%
2021-03-08,503,2.03%
2021-03-09,502,-0.20%
2021-03-10,504,0.40%
2021-03-11,531,5.36%
2021-03-14,566,6.59%
2021-03-15,553,-2.30%
2021-03-16,558,0.90%
2021-03-17,568,1.79%
2021-03-18,581,2.29%
2021-03-21,593,2.07%
2021-03-22,623,5.06%
2021-03-23,656,5.30%
2021-03-24,674,2.74%
2021-03-25,675,0.15%
2021-03-29,677,0.30%
2021-03-30,661,-2.36%
2021-03-31,643,-2.72%
2021-04-01,624,-2.95%
2021-04-06,602,-3.53%
2021-04-07,582,-3.32%
2021-04-08,570,-2.06%
2021-04-09,567,-0.53%
2021-04-12,577,1.76%
2021-04-13,584,1.21%
2021-04-14,567,-2.91%
2021-04-15,557,-1.76%
2021-04-16,539,-3.23%
2021-04-19,524,-2.78%
2021-04-20,515,-1.72%
2021-04-21,506,-1.75%
2021-04-22,489,-3.36%
2021-04-23,484,-1.02%
2021-04-26,471,-2.69%
2021-04-27,471,0.00%
2021-04-28,468,-0.64%
2021-04-29,470,0.43%
2021-04-30,469,-0.21%
2021-05-04,462,-1.49%
2021-05-05,466,0.87%
2021-05-06,472,1.29%
2021-05-07,472,0.00%
2021-05-10,502,6.36%
2021-05-11,504,0.40%
2021-05-12,507,0.60%
2021-05-13,501,-1.18%
2021-05-14,517,3.19%
2021-05-17,522,0.97%
2021-05-18,533,2.11%
2021-05-19,539,1.13%
2021-05-20,540,0.19%
2021-05-21,538,-0.37%
2021-05-24,532,-1.12%
2021-05-25,526,-1.13%
2021-05-26,510,-3.04%
2021-05-27,506,-0.78%
2021-05-28,509,0.59%
2021-06-01,516,1.38%
2021-06-02,511,-0.97%
2021-06-03,501,-1.96%
2021-06-04,484,-3.39%
2021-06-07,475,-1.86%
2021-06-08,458,-3.58%
2021-06-09,452,-1.31%
2021-06-10,456,0.88%
2021-06-11,455,-0.22%
2021-06-14,453,-0.44%
2021-06-15,450,-0.66%
2021-06-16,450,0.00%
2021-06-17,451,0.22%
2021-06-18,452,0.22%
2021-06-21,454,0.44%
2021-06-22,452,-0.44%
2021-06-23,450,-0.44%
2021-06-24,450,0.00%
2021-06-25,449,-0.22%
2021-06-28,451,0.45%
2021-06-29,449,-0.44%
2021-06-30,447,-0.45%
2021-07-01,445,-0.45%
2021-07-02,444,-0.22%
2021-07-05,445,0.23%
2021-07-06,447,0.45%
2021-07-07,447,0.00%
2021-07-08,447,0.00%
2021-07-09,445,-0.45%
2021-07-12,448,0.67%
2021-07-13,453,1.12%
2021-07-15,464,2.43%
2021-07-16,463,-0.22%
2021-07-19,463,0.00%
2021-07-20,463,0.00%
2021-07-21,460,-0.65%
2021-07-22,460,0.00%
2021-07-23,457,-0.65%
2021-07-26,456,-0.22%
2021-07-27,471,3.29%
2021-07-28,473,0.42%
2021-07-29,477,0.85%
2021-07-30,488,2.31%
2021-08-02,501,2.66%
2021-08-03,503,0.40%
2021-08-04,505,0.40%
2021-08-05,510,0.99%
2021-08-06,513,0.59%
2021-08-09,508,-0.97%
2021-08-10,505,-0.59%
2021-08-11,511,1.19%
2021-08-12,526,2.94%
2021-08-13,525,-0.19%
2021-08-16,523,-0.38%
2021-08-17,517,-1.15%
2021-08-18,506,-2.13%
2021-08-19,494,-2.37%
2021-08-20,489,-1.01%
2021-08-23,485,-0.82%
2021-08-24,487,0.41%
2021-08-25,486,-0.21%
2021-08-26,495,1.85%
2021-08-27,512,3.43%
2021-08-31,535,4.49%
2021-09-01,543,1.50%
2021-09-02,524,-3.50%
2021-09-03,517,-1.34%
2021-09-06,507,-1.93%
2021-09-07,491,-3.16%
2021-09-08,486,-1.02%
2021-09-09,481,-1.03%
2021-09-10,481,0.00%
2021-09-13,480,-0.21%
2021-09-14,479,-0.21%
2021-09-15,477,-0.42%
2021-09-16,480,0.63%
2021-09-17,480,0.00%
2021-09-20,483,0.63%
2021-09-21,486,0.62%
2021-09-22,485,-0.21%
2021-09-23,487,0.41%
2021-09-24,489,0.41%
2021-09-27,498,1.84%
2021-09-28,498,0.00%
2021-09-29,493,-1.00%
2021-09-30,496,0.61%
2021-10-01,496,0.00%
2021-10-04,495,-0.20%
2021-10-05,491,-0.81%
2021-10-06,483,-1.63%
2021-10-07,479,-0.83%
2021-10-08,473,-1.25%
2021-10-11,474,0.21%
2021-10-12,477,0.63%
2021-10-13,480,0.63%
2021-10-14,508,5.83%
2021-10-15,550,8.27%
2021-10-18,556,1.09%
2021-10-19,568,2.16%
2021-10-20,569,0.18%
2021-10-21,571,0.35%
2021-10-22,566,-0.88%
2021-10-25,575,1.59%
2021-10-26,569,-1.04%
2021-10-27,567,-0.35%
2021-10-28,566,-0.18%
2021-10-29,568,0.35%
2021-10-31,578,1.76%
2021-11-01,579,0.17%
2021-11-02,560,-3.28%
2021-11-03,556,-0.71%
2021-11-04,554,-0.36%
2021-11-07,555,0.18%
2021-11-08,571,2.88%
2021-11-09,588,2.98%
2021-11-10,607,3.23%
2021-11-11,618,1.81%
2021-11-14,616,-0.32%
2021-11-15,608,-1.30%
2021-11-16,599,-1.48%
2021-11-17,599,0.00%
2021-11-18,596,-0.50%
2021-11-21,603,1.17%
2021-11-22,618,2.49%
2021-11-23,623,0.81%
2021-11-24,628,0.80%
2021-11-25,632,0.64%
2021-11-28,630,-0.32%
2021-11-29,636,0.95%
2021-11-30,644,1.26%
2021-12-01,646,0.31%
2021-12-02,651,0.77%
2021-12-05,664,2.00%
2021-12-06,676,1.81%
2021-12-07,716,5.92%
2021-12-08,784,9.50%
2021-12-09,838,6.89%
2021-12-12,849,1.31%
2021-12-13,853,0.47%
2021-12-14,856,0.35%
2021-12-15,818,-4.44%
2021-12-16,812,-0.73%
2021-12-19,801,-1.35%
2021-12-20,798,-0.37%
2021-12-21,797,-0.13%
2021-12-22,793,-0.50%
2021-12-23,788,-0.63%
2022-01-03,675,-14.34%
2022-01-04,654,-3.11%
2022-01-05,642,-1.83%
2022-01-06,627,-2.34%
2022-01-09,625,-0.32%
2022-01-10,613,-1.92%
2022-01-11,607,-0.98%
2022-01-12,596,-1.81%
2022-01-13,593,-0.50%
2022-01-16,589,-0.67%
2022-01-17,581,-1.36%
2022-01-18,567,-2.41%
2022-01-19,558,-1.59%
2022-01-20,551,-1.25%
2022-01-23,546,-0.91%
2022-01-24,543,-0.55%
2022-01-25,548,0.92%
2022-01-26,549,0.18%
2022-01-27,554,0.91%
2022-01-30,560,1.08%
2022-01-31,583,4.11%
2022-02-01,586,0.51%
2022-02-02,587,0.17%
2022-02-03,589,0.34%
2022-02-06,593,0.68%
2022-02-07,592,-0.17%
2022-02-08,594,0.34%
2022-02-09,608,2.36%
2022-02-10,645,6.09%
2022-02-13,661,2.48%
2022-02-14,684,3.48%
2022-02-15,679,-0.73%
2022-02-16,676,-0.44%
2022-02-17,687,1.63%
2022-02-20,702,2.18%
2022-02-21,704,0.28%
2022-02-22,690,-1.99%
2022-02-23,696,0.87%
2022-02-24,696,0.00%
2022-02-27,731,5.03%
2022-02-28,790,8.07%
2022-03-01,935,18.35%
2022-03-02,991,5.99%
2022-03-03,989,-0.20%
2022-03-06,"1,071",8.29%
2022-03-07,"1,049",-2.05%
2022-03-08,"1,033",-1.53%
2022-03-09,"1,047",1.36%
2022-03-10,"1,054",0.67%
2022-03-13,"1,050",-0.38%
2022-03-14,"1,032",-1.71%
2022-03-15,"1,019",-1.26%
2022-03-16,"1,007",-1.18%
2022-03-17,994,-1.29%
2022-03-20,983,-1.11%
2022-03-21,984,0.10%
2022-03-22,973,-1.12%
2022-03-23,961,-1.23%
2022-03-24,933,-2.91%
2022-03-28,930,-0.32%
2022-03-29,933,0.32%
2022-03-30,925,-0.86%
2022-03-31,921,-0.43%
2022-04-01,917,-0.43%
2022-04-04,905,-1.31%
2022-04-05,891,-1.55%
2022-04-06,891,0.00%
2022-04-07,892,0.11%
2022-04-08,898,0.67%
2022-04-11,923,2.78%
2022-04-12,993,7.58%
2022-04-13,"1,037",4.43%
2022-04-14,"1,076",3.76%
2022-04-19,"1,052",-2.23%
2022-04-20,"1,048",-0.38%
2022-04-21,"1,065",1.62%
2022-04-22,"1,076",1.03%
2022-04-25,"1,096",1.86%
2022-04-26,"1,118",2.01%
2022-04-27,"1,207",7.96%
2022-04-28,"1,249",3.48%
2022-04-29,"1,255",0.48%
2022-05-03,"1,287",2.55%
2022-05-04,"1,310",1.79%
2022-05-05,"1,357",3.59%
2022-05-06,"1,398",3.02%
2022-05-09,"1,416",1.29%
2022-05-10,"1,442",1.84%
2022-05-11,"1,439",-0.21%
2022-05-12,"1,436",-0.21%
2022-05-13,"1,448",0.84%
2022-05-16,"1,444",-0.28%
2022-05-17,"1,441",-0.21%
2022-05-18,"1,450",0.62%
2022-05-19,"1,469",1.31%
2022-05-20,"1,465",-0.27%
2022-05-23,"1,492",1.84%
2022-05-24,"1,491",-0.07%
2022-05-25,"1,487",-0.27%
2022-05-26,"1,472",-1.01%
2022-05-27,"1,459",-0.88%
2022-05-30,"1,451",-0.55%
2022-05-31,"1,426",-1.72%
2022-06-01,"1,407",-1.33%
2022-06-06,"1,380",-1.92%
2022-06-07,"1,408",2.03%
2022-06-08,"1,430",1.56%
2022-06-09,"1,473",3.01%
2022-06-10,"1,513",2.72%
2022-06-13,"1,586",4.82%
2022-06-14,"1,621",2.21%
2022-06-15,"1,706",5.24%
2022-06-16,"1,707",0.06%
2022-06-17,"1,716",0.53%
2022-06-20,"1,719",0.17%
2022-06-21,"1,725",0.35%
2022-06-22,"1,732",0.41%
2022-06-23,"1,719",-0.75%
2022-06-24,"1,699",-1.16%
2022-06-27,"1,664",-2.06%
2022-06-28,"1,628",-2.16%
2022-06-29,"1,606",-1.35%
2022-06-30,"1,566",-2.49%
2022-07-01,"1,551",-0.96%
2022-07-04,"1,504",-3.03%
2022-07-05,"1,471",-2.19%
2022-07-06,"1,434",-2.52%
2022-07-07,"1,425",-0.63%
2022-07-08,"1,406",-1.33%
2022-07-11,"1,399",-0.50%
2022-07-12,"1,387",-0.86%
2022-07-13,"1,382",-0.36%
2022-07-14,"1,382",0.00%
2022-07-15,"1,382",0.00%
2022-07-18,"1,357",-1.81%
2022-07-19,"1,328",-2.14%
2022-07-20,"1,326",-0.15%
2022-07-21,"1,321",-0.38%
2022-07-22,"1,316",-0.38%
2022-07-25,"1,319",0.23%
2022-07-26,"1,324",0.38%
2022-07-27,"1,328",0.30%
2022-07-28,"1,350",1.66%
2022-07-29,"1,363",0.96%
2022-08-01,"1,365",0.15%
2022-08-02,"1,365",0.00%
2022-08-03,"1,369",0.29%
2022-08-04,"1,391",1.61%
2022-08-05,"1,404",0.93%
2022-08-08,"1,407",0.21%
2022-08-09,"1,423",1.14%
2022-08-10,"1,433",0.70%
2022-08-11,"1,435",0.14%
2022-08-12,"1,423",-0.84%
2022-08-15,"1,407",-1.12%
2022-08-16,"1,383",-1.71%
2022-08-17,"1,343",-2.89%
2022-08-18,"1,326",-1.27%
2022-08-19,"1,314",-0.90%
2022-08-22,"1,297",-1.29%
2022-08-23,"1,283",-1.08%
2022-08-24,"1,282",-0.08%
2022-08-25,"1,289",0.55%
2022-08-26,"1,284",-0.39%
2022-08-30,"1,260",-1.87%
2022-08-31,"1,236",-1.90%
2022-09-01,"1,192",-3.56%
2022-09-02,"1,171",-1.76%
2022-09-05,"1,178",0.60%
2022-09-06,"1,180",0.17%
2022-09-07,"1,205",2.12%
2022-09-08,"1,214",0.75%
2022-09-09,"1,211",-0.25%
2022-09-12,"1,210",-0.08%
2022-09-13,"1,235",2.07%
2022-09-14,"1,248",1.05%
2022-09-15,"1,265",1.36%
2022-09-16,"1,255",-0.79%
2022-09-20,"1,256",0.08%
2022-09-21,"1,243",-1.04%
2022-09-22,"1,228",-1.21%
2022-09-23,"1,242",1.14%
2022-09-26,"1,238",-0.32%
2022-09-27,"1,231",-0.57%
2022-09-28,"1,194",-3.01%
2022-09-29,"1,184",-0.84%
2022-09-30,"1,162",-1.86%
2022-10-03,"1,148",-1.20%
2022-10-04,"1,148",0.00%
2022-10-05,"1,147",-0.09%
2022-10-06,"1,153",0.52%
2022-10-07,"1,150",-0.26%
2022-10-10,"1,168",1.57%
2022-10-11,"1,187",1.63%
2022-10-12,"1,204",1.43%
2022-10-13,"1,215",0.91%
2022-10-14,"1,226",0.91%
2022-10-17,"1,230",0.33%
2022-10-18,"1,241",0.89%
2022-10-19,"1,235",-0.48%
2022-10-20,"1,231",-0.32%
2022-10-21,"1,232",0.08%
2022-10-24,"1,224",-0.65%
2022-10-25,"1,213",-0.90%
2022-10-26,"1,224",0.91%
2022-10-27,"1,229",0.41%
2022-10-28,"1,227",-0.16%
2022-10-30,"1,213",-1.14%
2022-10-31,"1,195",-1.48%
2022-11-01,"1,187",-0.67%
2022-11-02,"1,179",-0.67%
2022-11-03,"1,199",1.70%
2022-11-06,"1,200",0.08%
2022-11-07,"1,244",3.67%
2022-11-08,"1,285",3.30%
2022-11-09,"1,324",3.04%
2022-11-10,"1,340",1.21%
2022-11-13,"1,355",1.12%
2022-11-14,"1,368",0.96%
2022-11-15,"1,389",1.54%
2022-11-16,"1,392",0.22%
2022-11-17,"1,461",4.96%
2022-11-20,"1,515",3.70%
2022-11-21,"1,649",8.84%
2022-11-22,"1,711",3.76%
2022-11-23,"1,738",1.58%
2022-11-24,"1,770",1.84%
2022-11-27,"1,808",2.15%
2022-11-28,"1,813",0.28%
2022-11-29,"1,816",0.17%
2022-11-30,"1,806",-0.55%
2022-12-01,"1,806",0.00%
2022-12-04,"1,783",-1.27%
2022-12-05,"1,783",0.00%
2022-12-06,"1,788",0.28%
2022-12-07,"1,820",1.79%
2022-12-08,"1,835",0.82%
2022-12-11,"1,983",8.07%
2022-12-12,"2,011",1.41%
2022-12-13,"2,049",1.89%
2022-12-14,"2,063",0.68%
2022-12-15,"2,051",-0.58%
2022-12-18,"2,121",3.41%
2022-12-19,"2,121",0.00%
2022-12-20,"2,124",0.14%
2022-12-21,"2,143",0.89%
2022-12-22,"2,143",0.00%
2022-12-23,"2,135",-0.37%
2023-01-02,"1,205",-43.56%
2023-01-03,"1,205",0.00%
2023-01-04,"1,171",-2.82%
2023-01-05,"1,068",-8.80%
2023-01-06,"1,068",0.00%
2023-01-08,"1,043",-2.34%
2023-01-09,"1,019",-2.30%
2023-01-10,939,-7.85%
2023-01-11,870,-7.35%
2023-01-12,870,0.00%
2023-01-13,857,-1.49%
2023-01-15,811,-5.37%
2023-01-16,811,0.00%
2023-01-17,739,-8.88%
2023-01-18,726,-1.76%
2023-01-19,726,0.00%
2023-01-20,715,-1.52%
2023-01-22,706,-1.26%
2023-01-23,700,-0.85%
2023-01-24,682,-2.57%
2023-01-25,669,-1.91%
2023-01-26,669,0.00%
2023-01-27,659,-1.49%
2023-01-29,648,-1.67%
2023-01-30,648,0.00%
2023-01-31,634,-2.16%
2023-02-01,634,0.00%
2023-02-02,629,-0.79%
2023-02-03,629,0.00%
2023-02-05,638,1.43%
2023-02-06,638,0.00%
2023-02-07,712,11.60%
2023-02-08,822,15.45%
2023-02-09,875,6.45%
2023-02-10,875,0.00%
2023-02-12,944,7.89%
2023-02-13,944,0.00%
2023-02-14,999,5.83%
2023-02-15,999,0.00%
2023-02-16,"1,063",6.41%
2023-02-17,"1,084",1.98%
2023-02-19,"1,059",-2.31%
2023-02-20,"1,059",0.00%
2023-02-21,"1,013",-4.34%
2023-02-22,"1,013",0.00%
2023-02-23,955,-5.73%
2023-02-24,955,0.00%
2023-02-26,888,-7.02%
2023-02-27,847,-4.62%
2023-02-28,816,-3.66%
2023-03-01,803,-1.59%
2023-03-02,789,-1.74%
2023-03-03,789,0.00%
2023-03-06,784,-0.63%
2023-03-07,784,0.00%
2023-03-08,827,5.48%
2023-03-09,871,5.32%
2023-03-10,905,3.90%
2023-03-12,972,7.40%
2023-03-13,972,0.00%
2023-03-14,"1,013",4.22%
2023-03-15,"1,040",2.67%
2023-03-16,"1,077",3.56%
2023-03-17,"1,070",-0.65%
2023-03-20,"1,067",-0.28%
2023-03-21,"1,074",0.66%
2023-03-22,"1,191",10.89%
2023-03-23,"1,191",0.00%
2023-03-24,"1,200",0.76%
2023-03-27,"1,202",0.17%
2023-03-28,"1,215",1.08%
2023-03-29,"1,245",2.47%
2023-03-30,"1,250",0.40%
2023-03-31,"1,248",-0.16%
2023-04-03,"1,215",-2.64%
2023-04-04,"1,178",-3.05%
2023-04-05,"1,060",-10.02%
2023-04-06,"1,014",-4.34%
2023-04-11,956,-5.72%
2023-04-12,912,-4.60%
2023-04-13,940,3.07%
2023-04-14,958,1.91%
2023-04-17,989,3.24%
2023-04-18,"1,041",5.26%
2023-04-19,"1,040",-0.10%
2023-04-20,"1,014",-2.50%
2023-04-21,968,-4.54%
2023-04-24,900,-7.02%
2023-04-25,842,-6.44%
2023-04-26,809,-3.92%
2023-04-27,783,-3.21%
2023-04-28,752,-3.96%
2023-05-02,763,1.46%
2023-05-03,758,-0.66%
2023-05-04,719,-5.15%
2023-05-05,694,-3.48%
2023-05-09,661,-4.76%
2023-05-10,651,-1.51%
2023-05-11,637,-2.15%
2023-05-12,633,-0.63%
2023-05-15,626,-1.11%
2023-05-16,593,-5.27%
2023-05-17,589,-0.67%
2023-05-18,587,-0.34%
2023-05-19,585,-0.34%
2023-05-22,591,1.03%
2023-05-23,640,8.29%
2023-05-24,667,4.22%
2023-05-25,671,0.60%
2023-05-26,670,-0.15%
2023-05-30,672,0.30%
2023-05-31,674,0.30%
2023-06-01,676,0.30%
2023-06-02,676,0.00%
2023-06-05,657,-2.81%
2023-06-06,642,-2.28%
2023-06-07,618,-3.74%
2023-06-08,616,-0.32%
2023-06-09,608,-1.30%
2023-06-12,597,-1.81%
2023-06-13,577,-3.35%
2023-06-14,574,-0.52%
2023-06-15,584,1.74%
2023-06-16,590,1.03%
2023-06-19,582,-1.36%
2023-06-20,598,2.75%
2023-06-21,603,0.84%
2023-06-22,602,-0.17%
2023-06-23,604,0.33%
2023-06-26,611,1.16%
2023-06-27,599,-1.96%
2023-06-28,593,-1.00%
2023-06-29,603,1.69%
2023-06-30,620,2.82%
2023-07-03,635,2.42%
2023-07-04,615,-3.15%
2023-07-05,609,-0.98%
2023-07-06,606,-0.49%
2023-07-07,605,-0.17%
2023-07-10,608,0.50%
2023-07-11,607,-0.16%
2023-07-12,594,-2.14%
2023-07-13,578,-2.69%
2023-07-14,570,-1.38%
2023-07-17,565,-0.88%
2023-07-18,563,-0.35%
2023-07-19,582,3.37%
2023-07-20,602,3.44%
2023-07-21,610,1.33%
2023-07-24,626,2.62%
2023-07-25,633,1.12%
2023-07-26,655,3.48%
2023-07-27,671,2.44%
2023-07-28,697,3.87%
2023-07-31,704,1.00%
2023-08-01,713,1.28%
2023-08-02,720,0.98%
2023-08-03,716,-0.56%
2023-08-04,706,-1.40%
2023-08-07,689,-2.41%
2023-08-08,686,-0.44%
2023-08-09,685,-0.15%
2023-08-10,679,-0.88%
2023-08-11,670,-1.33%
2023-08-14,670,0.00%
2023-08-15,694,3.58%
2023-08-16,713,2.74%
2023-08-17,750,5.19%
2023-08-18,772,2.93%
2023-08-21,779,0.91%
2023-08-22,790,1.41%
2023-08-23,794,0.51%
2023-08-24,797,0.38%
2023-08-25,807,1.25%
2023-08-29,843,4.46%
2023-08-30,848,0.59%
2023-08-31,847,-0.12%
2023-09-01,837,-1.18%
2023-09-04,803,-4.06%
2023-09-05,783,-2.49%
2023-09-06,758,-3.19%
2023-09-07,760,0.26%
2023-09-08,764,0.53%
2023-09-11,763,-0.13%
2023-09-12,788,3.28%
2023-09-13,805,2.16%
2023-09-14,852,5.84%
2023-09-15,849,-0.35%
2023-09-18,849,0.00%
2023-09-19,847,-0.24%
2023-09-20,857,1.18%
2023-09-21,869,1.40%
2023-09-22,868,-0.12%
2023-09-25,859,-1.04%
2023-09-26,834,-2.91%
2023-09-27,824,-1.20%
2023-09-28,812,-1.46%
2023-09-29,813,0.12%
2023-10-02,811,-0.25%
2023-10-03,808,-0.37%
2023-10-04,796,-1.49%
2023-10-05,775,-2.64%
2023-10-06,750,-3.23%
2023-10-09,735,-2.00%
2023-10-10,737,0.27%
2023-10-11,832,12.89%
2023-10-12,803,-3.49%
2023-10-13,748,-6.85%
2023-10-16,748,0.00%
2023-10-17,755,0.94%
2023-10-18,756,0.13%
2023-10-19,763,0.93%
2023-10-20,774,1.44%
2023-10-23,779,0.65%
2023-10-24,786,0.90%
2023-10-25,789,0.38%
2023-10-26,794,0.63%
2023-10-27,801,0.88%
2023-10-30,793,-1.00%
2023-10-31,780,-1.64%
2023-11-01,779,-0.13%
2023-11-02,768,-1.41%
2023-11-03,781,1.69%
2023-11-06,782,0.13%
2023-11-07,799,2.17%
2023-11-08,801,0.25%
2023-11-09,798,-0.37%
2023-11-10,786,-1.50%
2023-11-13,785,-0.13%
2023-11-14,812,3.44%
2023-11-15,808,-0.49%
2023-11-16,806,-0.25%
2023-11-17,826,2.48%
2023-11-20,862,4.36%
2023-11-21,865,0.35%
2023-11-22,856,-1.04%
2023-11-23,845,-1.29%
2023-11-24,829,-1.89%
2023-11-27,822,-0.84%
2023-11-28,831,1.09%
2023-11-29,838,0.84%
2023-11-30,834,-0.48%
2023-12-01,833,-0.12%
2023-12-04,830,-0.36%
2023-12-05,843,1.57%
2023-12-06,852,1.07%
2023-12-07,856,0.47%
2023-12-08,858,0.23%
2023-12-11,860,0.23%
2023-12-12,880,2.33%
2023-12-13,898,2.05%
2023-12-14,914,1.78%
2023-12-15,933,2.08%
2023-12-18,949,1.71%
2023-12-19,945,-0.42%
2023-12-20,959,1.48%
2023-12-21,963,0.42%
2023-12-22,960,-0.31%
2024-01-02,925,-3.65%
2024-01-03,874,-5.51%
2024-01-04,829,-5.15%
2024-01-05,799,-3.62%
2024-01-08,787,-1.50%
2024-01-09,779,-1.02%
2024-01-10,763,-2.05%
2024-01-11,754,-1.18%
2024-01-12,741,-1.72%
2024-01-15,751,1.35%
2024-01-16,765,1.86%
2024-01-17,819,7.06%
2024-01-18,945,15.38%
2024-01-19,"1,039",9.95%
2024-01-22,"1,139",9.62%
2024-01-23,"1,322",16.07%
2024-01-24,"1,411",6.73%
2024-01-25,"1,391",-1.42%
2024-01-26,"1,358",-2.37%
2024-01-29,"1,311",-3.46%
2024-01-30,"1,266",-3.43%
2024-01-31,"1,208",-4.58%
2024-02-01,"1,181",-2.24%
2024-02-02,"1,147",-2.88%
2024-02-05,"1,141",-0.52%
2024-02-06,"1,101",-3.51%
2024-02-07,"1,097",-0.36%
2024-02-08,"1,103",0.55%
2024-02-09,"1,126",2.09%
2024-02-12,"1,155",2.58%
2024-02-13,"1,169",1.21%
2024-02-14,"1,154",-1.28%
2024-02-15,"1,147",-0.61%
2024-02-16,"1,129",-1.57%
2024-02-19,"1,099",-2.66%
2024-02-20,"1,050",-4.46%
2024-02-21,"1,044",-0.57%
2024-02-22,"1,044",0.00%
2024-02-23,"1,062",1.72%
2024-02-26,"1,061",-0.09%
2024-02-27,"1,058",-0.28%
2024-02-28,"1,044",-1.32%
2024-02-29,"1,014",-2.87%
2024-03-01,986,-2.76%
2024-03-04,964,-2.23%
2024-03-05,947,-1.76%
2024-03-06,933,-1.48%
2024-03-07,931,-0.21%
2024-03-08,959,3.01%
2024-03-11,980,2.19%
2024-03-12,"1,026",4.69%
2024-03-13,"1,119",9.06%
2024-03-14,"1,180",5.45%
2024-03-15,"1,229",4.15%
2024-03-18,"1,268",3.17%
2024-03-19,"1,283",1.18%
2024-03-20,"1,274",-0.70%
2024-03-21,"1,248",-2.04%
2024-03-22,"1,233",-1.20%
2024-03-25,"1,194",-3.16%
2024-03-26,"1,152",-3.52%
2024-03-27,"1,100",-4.51%
2024-03-28,"1,072",-2.55%
2024-04-02,"1,054",-1.68%
2024-04-03,"1,021",-3.13%
2024-04-04,982,-3.82%
2024-04-05,968,-1.43%
2024-04-08,940,-2.89%
2024-04-09,913,-2.87%
2024-04-10,871,-4.60%
2024-04-11,871,0.00%
2024-04-12,879,0.92%
2024-04-15,912,3.75%
2024-04-16,995,9.10%
2024-04-17,"1,021",2.61%
2024-04-18,"1,021",0.00%
2024-04-19,"1,022",0.10%
2024-04-22,979,-4.21%
2024-04-23,966,-1.33%
2024-04-24,962,-0.41%
2024-04-25,954,-0.83%
2024-04-26,939,-1.57%
2024-04-29,933,-0.64%
2024-04-30,926,-0.75%
2024-05-01,926,0.00%
2024-05-02,926,0.00%
2024-05-03,931,0.54%
2024-05-07,955,2.58%
2024-05-08,988,3.46%
2024-05-09,"1,004",1.62%
2024-05-10,972,-3.19%
2024-05-13,984,1.23%
2024-05-14,"1,015",3.15%
2024-05-15,"1,054",3.84%
2024-05-16,"1,036",-1.71%
2024-05-17,"1,036",0.00%
2024-05-20,"1,016",-1.93%
2024-05-21,"1,019",0.30%
2024-05-22,"1,013",-0.59%
2024-05-23,"1,025",1.18%
2024-05-24,"1,020",-0.49%
2024-05-27,"1,116",9.41%
2024-05-28,"1,068",-4.30%
2024-05-29,"1,071",0.28%
2024-05-30,"1,053",-1.68%
2024-05-31,"1,023",-2.85%
2024-06-03,988,-3.42%
2024-06-04,955,-3.34%
2024-06-05,930,-2.62%
2024-06-06,904,-2.80%
2024-06-07,858,-5.09%
2024-06-10,846,-1.40%
2024-06-11,831,-1.77%
2024-06-13,831,0.00%
2024-06-14,828,-0.36%
2024-06-17,827,-0.12%
2024-06-18,819,-0.97%
2024-06-19,807,-1.47%
2024-06-20,799,-0.99%
2024-06-21,795,-0.50%
2024-06-24,785,-1.26%
2024-06-25,796,1.40%
2024-06-26,809,1.63%
2024-06-27,830,2.60%
2024-06-28,834,0.48%
2024-07-01,833,-0.12%
2024-07-02,826,-0.84%
2024-07-03,820,-0.73%
2024-07-04,819,-0.12%
2024-07-05,822,0.37%
2024-07-08,825,0.36%
2024-07-09,819,-0.73%
2024-07-10,833,1.71%
2024-07-11,840,0.84%
2024-07-12,849,1.07%
2024-07-15,842,-0.82%
2024-07-16,821,-2.49%
2024-07-17,818,-0.37%
2024-07-18,820,0.24%
2024-07-19,822,0.24%
2024-07-22,822,0.00%
2024-07-23,817,-0.61%
2024-07-24,816,-0.12%
2024-07-25,814,-0.25%
2024-07-26,814,0.00%
2024-07-29,806,-0.98%
2024-07-30,796,-1.24%
2024-07-31,778,-2.26%
2024-08-01,760,-2.31%
2024-08-02,755,-0.66%
2024-08-05,724,-4.11%
2024-08-06,693,-4.28%
2024-08-07,665,-4.04%
2024-08-08,647,-2.71%
2024-08-09,622,-3.86%
2024-08-12,605,-2.73%
2024-08-13,599,-0.99%
2024-08-14,615,2.67%
2024-08-15,619,0.65%
2024-08-16,625,0.97%
2024-08-19,620,-0.80%
2024-08-20,615,-0.81%
2024-08-21,623,1.30%
2024-08-22,640,2.73%
2024-08-23,652,1.88%
2024-08-27,650,-0.31%
2024-08-28,626,-3.69%
2024-08-29,625,-0.16%
2024-08-30,614,-1.76%
2024-09-02,592,-3.58%
2024-09-03,580,-2.03%
2024-09-04,581,0.17%
2024-09-05,581,0.00%
2024-09-06,585,0.69%
2024-09-09,591,1.03%
2024-09-10,605,2.37%
2024-09-11,617,1.98%
2024-09-12,618,0.16%
2024-09-13,632,2.27%
2024-09-16,644,1.90%
2024-09-17,644,0.00%
2024-09-18,644,0.00%
2024-09-19,638,-0.93%
2024-09-20,628,-1.57%
2024-09-23,601,-4.30%
2024-09-24,598,-0.50%
2024-09-25,582,-2.68%
2024-09-26,572,-1.72%
2024-09-27,566,-1.05%
2024-09-30,554,-2.12%
2024-10-01,537,-3.07%
2024-10-02,521,-2.98%
2024-10-03,508,-2.50%
2024-10-04,497,-2.17%
2024-10-07,491,-1.21%
2024-10-09,518,5.50%
2024-10-10,532,2.70%
2024-10-14,547,0.00%
2024-10-16,561,2.56%
2024-10-17,571,1.78%
2024-10-18,580,1.58%
2024-10-21,580,0.00%
2024-10-22,580,0.00%
2024-10-23,566,-2.41%
2024-10-24,558,-1.41%
2024-10-25,552,-1.08%
2024-10-28,545,-1.27%
2024-10-29,536,-1.65%
2024-10-30,528,-1.49%
2024-10-31,523,-0.95%
2024-11-01,524,0.19%
2024-11-04,509,-2.86%
2024-11-05,499,-1.96%
2024-11-06,485,-2.81%
2024-11-07,478,-1.44%
2024-11-08,466,-2.51%
2024-11-11,462,-0.86%
2024-11-12,460,-0.43%
2024-11-13,460,0.00%
2024-11-14,470,2.17%
2024-11-15,477,1.49%
2024-11-18,495,3.77%
2024-11-19,534,7.88%
2024-11-20,564,5.62%
2024-11-21,600,6.38%
2024-11-22,627,4.50%
2024-11-25,705,12.44%
2024-11-26,718,0.00%
2024-11-27,725,0.97%
2024-11-28,685,-5.52%
2024-11-29,663,-3.21%
2024-12-02,620,-6.49%
2024-12-03,587,-5.32%
2024-12-04,579,-1.36%
2024-12-05,601,3.80%
2024-12-06,625,3.99%
2024-12-09,665,6.40%
2024-12-10,686,3.16%
2024-12-12,661,-3.64%
2024-12-13,661,0.00%
2024-12-16,658,-0.45%
2024-12-19,627,-4.71%
2024-12-20,627,0.00%
2024-12-23,629,0.32%
2024-12-24,625,-0.64%
2025-01-02,602,-3.68%
2025-01-03,591,-1.83%
2025-01-06,585,-1.02%
2025-01-07,581,-0.68%
2025-01-08,574,-1.20%
2025-01-09,606,0.00%
2025-01-10,629,3.80%
2025-01-13,640,1.75%
2025-01-14,708,10.63%
2025-01-15,736,3.95%
2025-01-16,753,2.31%
2025-01-17,756,0.40%
2025-01-20,752,-0.53%
2025-01-21,756,0.53%
2025-01-22,762,0.79%
2025-01-23,746,-2.10%
2025-01-24,725,-2.82%
2025-01-27,690,-4.83%
2025-01-28,667,-3.33%
2025-01-29,654,-1.95%
2025-01-30,653,-0.15%
2025-01-31,662,1.38%
2025-02-03,721,8.91%
2025-02-04,715,-0.83%
2025-02-05,701,-1.96%
2025-02-06,706,0.71%
2025-02-07,700,-0.85%
2025-02-10,675,-3.57%
2025-02-11,657,-2.67%
2025-02-12,637,-3.04%
2025-02-13,641,0.63%
2025-02-14,666,3.90%
2025-02-17,706,6.01%
2025-02-18,737,4.39%
2025-02-19,738,0.14%
2025-02-20,724,-1.90%
2025-02-21,717,-0.97%
2025-02-24,708,-1.26%
2025-02-25,705,-0.42%
2025-02-26,702,-0.43%
2025-02-27,681,-2.99%
2025-02-28,670,-1.62%
2025-03-03,656,-2.09%
2025-03-04,653,-0.46%
2025-03-05,656,0.46%
2025-03-06,660,0.61%
2025-03-07,663,0.45%
2025-03-10,671,1.21%
2025-03-11,680,1.34%
2025-03-12,698,2.65%
2025-03-13,735,5.30%
2025-03-14,750,2.04%
2025-03-17,765,2.00%
2025-03-18,787,2.88%
2025-03-19,810,2.92%
2025-03-20,837,3.33%
2025-03-21,848,1.31%
2025-03-24,840,-0.94%
2025-03-25,839,-0.12%
2025-03-26,819,-2.38%
2025-03-27,799,-2.44%
2025-03-28,789,-1.25%
2025-03-31,758,-3.93%
2025-04-01,731,-3.56%
2025-04-02,696,-4.79%
2025-04-03,682,-2.01%
2025-04-04,676,-0.88%
2025-04-07,676,0.00%
2025-04-08,669,-1.04%
2025-04-09,662,-1.05%
2025-04-10,664,0.30%
2025-04-11,679,2.26%
2025-04-14,690,1.62%
2025-04-15,687,-0.43%
2025-04-16,695,1.16%
2025-04-17,670,-3.60%
2025-04-22,656,-2.09%
2025-04-23,669,1.98%
2025-04-24,676,1.05%
2025-04-25,678,0.30%
2025-04-28,665,-1.92%
2025-04-29,644,-3.16%
2025-04-30,633,-1.71%
2025-05-01,617,-2.53%
2025-05-02,606,-1.78%
2025-05-06,586,-3.30%
2025-05-07,575,-1.88%
2025-05-08,571,-0.70%
2025-05-09,573,0.35%
2025-05-12,574,0.17%
2025-05-13,580,1.05%
2025-05-14,588,1.38%
2025-05-15,615,4.59%
2025-05-16,629,2.28%
2025-05-19,640,1.75%
2025-05-20,717,12.03%
2025-05-21,744,3.77%
2025-05-22,746,0.27%
2025-05-23,724,-2.95%
2025-05-27,712,-1.66%
2025-05-28,710,-0.28%
2025-05-29,707,-0.42%
2025-05-30,698,-1.27%
2025-06-02,684,-2.01%
2025-06-03,656,-4.09%
2025-06-04,633,-3.51%
2025-06-05,631,-0.32%
2025-06-06,626,-0.79%
2025-06-09,616,-1.60%
2025-06-10,613,-0.49%
2025-06-11,604,-1.47%
2025-06-12,600,-0.66%
2025-06-13,604,0.67%
2025-06-16,631,4.47%
2025-06-17,724,14.74%
2025-06-18,727,0.41%
2025-06-19,711,-2.20%
2025-06-20,708,-0.42%
2025-06-23,720,1.69%
2025-06-24,750,4.17%
2025-06-25,704,-6.13%
2025-06-26,676,-3.98%
2025-06-27,613,-9.32%
2025-06-30,586,-4.40%
2025-07-01,557,-4.95%
2025-07-02,550,-1.26%
2025-07-03,534,-2.91%
2025-07-04,535,0.19%
2025-07-07,535,0.00%
2025-07-08,534,-0.19%
2025-07-09,537,0.56%
2025-07-10,542,0.93%
2025-07-11,546,0.74%
2025-07-14,548,0.37%
2025-07-15,587,7.12%
2025-07-16,622,5.96%
2025-07-17,617,-0.80%
2025-07-18,619,0.32%
2025-07-21,621,0.32%
2025-07-22,636,2.42%
2025-07-23,649,2.04%
2025-07-24,642,-1.08%
2025-07-25,644,0.31%
2025-07-28,659,2.33%
2025-07-29,674,2.28%
2025-07-30,663,-1.63%
2025-07-31,663,0.00%
2025-08-01,652,-1.66%
2025-08-04,651,-0.15%
2025-08-05,658,1.08%
2025-08-06,672,2.13%
2025-08-07,682,1.49%
2025-08-08,671,-1.61%
2025-08-11,656,-2.24%
2025-08-12,636,-3.05%
2025-08-13,615,-3.30%
2025-08-14,608,-1.14%
2025-08-15,605,-0.49%
2025-08-18,605,0.00%
2025-08-19,612,1.16%
2025-08-20,616,0.65%
2025-08-21,614,-0.32%
2025-08-22,618,0.65%
2025-08-26,624,0.97%
2025-08-27,622,-0.32%
2025-08-28,615,-1.13%
2025-08-29,622,1.14%
2025-09-01,627,0.80%
2025-09-02,629,0.32%
2025-09-03,630,0.16%
2025-09-04,634,0.63%
2025-09-05,638,0.63%
2025-09-08,642,0.63%
2025-09-09,649,1.09%
2025-09-10,643,-0.92%
2025-09-11,625,-2.80%
2025-09-12,614,-1.76%
2025-09-15,605,-1.47%
2025-09-16,609,0.66%
2025-09-17,609,0.00%
2025-09-18,621,1.97%
2025-09-19,618,-0.48%
2025-09-22,620,0.32%
2025-09-23,625,0.81%
2025-09-24,624,-0.16%
2025-09-25,630,0.96%
2025-09-26,628,-0.32%
2025-09-29,620,-1.27%
2025-09-30,602,-2.90%
2025-10-01,589,-2.16%
2025-10-02,582,-1.19%
2025-10-03,579,-0.52%
2025-10-06,576,-0.52%
2025-10-07,573,-0.52%
2025-10-08,572,-0.17%
2025-10-09,564,-1.40%
2025-10-10,560,-0.71%
2025-10-13,551,-1.61%
2025-10-14,547,-0.73%
2025-10-15,544,-0.55%
2025-10-16,549,0.92%
2025-10-17,551,0.36%
2025-10-20,558,1.27%
2025-10-21,573,2.69%
2025-10-22,588,2.62%
2025-10-23,642,9.18%
2025-10-24,635,-1.09%
2025-10-27,610,-3.94%
2025-10-28,614,0.66%
2025-10-29,613,-0.16%
2025-10-30,624,1.79%
2025-10-31,627,0.48%
2025-11-03,647,3.19%
2025-11-04,645,-0.31%
2025-11-05,641,-0.62%
2025-11-06,642,0.16%
2025-11-07,650,1.25%
2025-11-10,650,0.00%
2025-11-11,655,0.77%
2025-11-12,670,2.29%
2025-11-13,690,2.99%
2025-11-14,702,1.74%
2025-11-17,725,3.28%
2025-11-18,742,2.34%
2025-11-19,761,2.56%
2025-11-20,782,2.76%
2025-11-21,811,3.71%
2025-11-24,849,4.69%
2025-11-25,875,3.06%
2025-11-26,885,1.14%
2025-11-27,874,-1.24%
2025-11-28,871,-0.34%
2025-12-01,853,-2.07%
2025-12-02,821,-3.75%
2025-12-03,792,-3.53%
2025-12-04,775,-2.15%
2025-12-05,769,-0.77%
2025-12-08,761,-1.04%
2025-12-09,751,-1.31%
2025-12-10,746,-0.67%
2025-12-11,741,-0.67%
2025-12-12,741,0.00%
2025-12-15,743,0.27%
2025-12-16,768,3.36%
2025-12-17,756,-1.56%
2025-12-18,754,-0.26%
2025-12-19,751,-0.40%
2025-12-22,755,0.53%
2025-12-23,759,0.53%
2025-12-24,757,-0.26%
2026-01-02,752,-0.66%
2026-01-05,746,-0.80%
2026-01-06,713,-4.42%
2026-01-07,700,-1.82%
2026-01-08,709,1.29%
2026-01-09,713,0.56%
2026-01-12,721,1.12%
2026-01-13,777,7.77%
2026-01-14,845,8.75%
2026-01-15,837,-0.95%
2026-01-16,830,-0.84%
2026-01-19,829,-0.12%
2026-01-20,855,3.14%
2026-01-21,849,-0.70%
2026-01-22,865,1.88%
2026-01-23,857,-0.92%
2026-01-26,890,3.85%
2026-01-27,890,0.00%
2026-01-28,887,-0.34%
2026-01-29,893,0.68%
2026-01-30,883,-1.12%
2026-02-02,894,1.25%
2026-02-03,901,0.78%
2026-02-04,902,0.11%
2026-02-05,916.0,1.55%
2026-02-06,917.0,0.11%
2026-02-09,907.0,-1.09%
2026-02-10,895.0,-1.32%
2026-02-11,893.0,-0.22%
2026-02-12,856.0,-4.14%
2026-02-13,846.0,-1.17%
2026-02-16,829.0,-2.01%
2026-02-17,812.0,-2.05%
2026-02-18,802.0,-1.23%
2026-02-19,808.0,0.75%
2026-02-20,805.0,-0.37%
2026-02-23,810.0,0.62%
2026-02-24,829.0,2.35%
2026-02-25,846.0,2.05%
2026-02-26,866.0,2.36%
2026-02-27,906.0,4.62%
2026-03-02,1124.0,24.06%
2026-03-03,1395.0,24.11%
2026-03-04,1784.0,27.89%
2026-03-05,1654.0,-7.29%
2026-03-06,1592.0,-3.75%
2026-03-09,1585.0,-0.44%
2026-03-10,1579.0,-0.38%
2026-03-11,1553.0,-1.65%
2026-03-12,1471.0,-5.28%
2026-03-13,1463.0,-0.54%
2026-03-16,1455.0,-0.55%
2026-03-17,1461.0,0.41%
2026-03-18,1510.0,3.35%
2026-03-19,1549.0,2.58%
2026-03-20,1616.0,4.33%
2026-03-23,1748.0,8.17%
2026-03-24,1833.0,4.86%
2026-03-25,1892.0,3.22%
2026-03-26,1936.0,2.33%
2026-03-27,1947.0,0.57%
2026-03-30,1930.0,-0.87%
2026-03-31,1966.0,1.87%
2026-04-01,1994.0,1.42%
2026-04-02,1969.0,-1.25%
2026-04-07,1972.0,0.15%
2026-04-08,2023.0,2.59%
2026-04-09,2084.0,3.02%
2026-04-10,2106.0,1.06%
2026-04-13,2146.0,1.90%
2026-04-14,2147.0,0.05%
2026-04-15,2135.0,-0.56%
2026-04-16,2121.0,-0.66%
2026-04-17,2123.0,0.09%
2026-04-20,2163.0,1.88%
2026-04-21,2202.0,1.80%
2026-04-22,2198.0,-0.18%
2026-04-23,2201.0,0.14%
2026-04-24,2197.0,-0.18%
2026-04-27,2178.0,-0.86%
2026-04-28,2102.0,-3.49%
2026-04-29,2034.0,-3.24%
2026-04-30,1997.0,-1.82%
2026-05-01,2038.0,2.05%
2026-05-05,1952.0,-4.22%
2026-05-06,1879.0,-3.74%
2026-05-07,1858.0,-1.12%
2026-05-08,1851.0,-0.38%
2026-05-11,1842.0,-0.49%
2026-05-12,1818.0,-1.30%
2026-05-13,1785.0,-1.82%
2026-05-14,1739.0,-2.58%
2026-05-15,1726.0,-0.75%
2026-05-18,1698.0,-1.62%
2026-05-19,1686.0,-0.71%
2026-05-20,1685.0,-0.06%
2026-05-21,1674.0,-0.65%
2026-05-22,1668.0,-0.36%
2026-05-26,1619.0,-2.94%
2026-05-27,1632.0,0.80%
2026-05-28,1557.0,-4.60%
2026-05-29,1504.0,-3.40%
2026-06-01,1454.0,-3.32%
2026-06-02,1398.0,-3.85%
2026-06-03,1367.0,-2.22%
2026-06-04,1370.0,0.22%
2026-06-05,1376.0,0.44%
2026-06-08,1379.0,0.22%
2026-06-09,1394.0,1.09%
2026-06-10,1398.0,0.29%
2026-06-11,1366.0,-2.29%
2026-06-12,1363.0,-0.22%
2026-06-15,1363.0,0.00%
2026-06-16,1343.0,-1.47%
2026-06-17,1330.0,-0.97%
2026-06-18,1318.0,-0.90%
2026-06-19,1307.0,-0.83%
2026-06-22,1313.0,0.46%
2026-06-23,1312.0,-0.08%
2026-06-24,1310.0,-0.15%
2026-06-25,1315.0,0.38%
2026-06-26,1298.0,-1.29%
2026-06-29,1280.0,-1.39%
2026-06-30,1110.0,-13.28%
2026-07-01,1077.0,-2.97%
2026-07-02,1030.0,-4.36%
2026-07-03,1023.0,-0.68%
2026-07-06,1012.0,-1.08%
2026-07-07,995.0,-1.68%
2026-07-08,1015.0,2.01%
2026-07-09,1043.0,2.76%
2026-07-10,1048.0,0.48%
2026-07-13,1128.0,7.63%
2026-07-14,1176.0,4.26%
2026-07-15,1190.0,1.19%
2026-07-16,1200.0,0.84%
2026-07-17,1236.0,3.00%
2026-07-20,1262.0,2.10%
2026-07-21,1305.0,3.41%
2026-07-22,1326.0,1.61%
2026-07-23,1342.0,1.21%
2026-07-24,1352.0,0.75%
2026-07-27,1379.0,2.00%
2026-07-28,1431.0,3.77%
2026-07-29,1453.0,1.54%
2026-07-30,1433.0,-1.38%
2026-07-31,1427.0,-0.42%
2026-08-03,1436.0,0.63%
2026-08-04,1440.0,0.28%
2026-08-05,1441.0,0.07%
2026-08-06,1425.0,-1.11%
2026-08-07,1417.0,-0.56%
2026-08-10,1387.0,-2.12%
