date,iron_ore,coal_newcastle,coal_australian,crude_brent,natgas_eu,natgas_us,lng_japan,gasoline,diesel,fertilizer_dap,maize,wheat_srw,rice_thai,soybeans,copper,aluminum,nickel,base_metals,precious_metals,energy_index,agri_index,total_index
1960-01-01,11.4,,,1.6,0.4,,,,,,45.0,,104.5,94.0,715.0,511.0,1631.0,,3.3,2.1,22.0,7.6
1960-02-01,11.4,,,1.6,0.4,,,,,,44.0,,103.5,91.0,728.0,511.0,1631.0,,3.3,2.1,21.8,7.6
1960-03-01,11.4,,,1.6,0.4,,,,,,45.0,,103.8,92.0,685.0,511.0,1631.0,,3.3,2.1,21.9,7.6
1960-04-01,11.4,,,1.6,0.4,,,,,,45.0,,101.0,93.0,723.0,511.0,1631.0,,3.3,2.1,22.0,7.7
1960-05-01,11.4,,,1.6,0.4,,,,,,48.0,,102.2,93.0,685.0,511.0,1631.0,,3.3,2.1,22.0,7.6
1960-06-01,11.4,,,1.6,0.4,,,,,,47.0,,103.1,91.0,692.0,511.0,1631.0,,3.3,2.1,21.7,7.6
1960-07-01,11.4,,,1.6,0.4,,,,,,47.0,,102.1,92.0,702.0,511.0,1631.0,,3.3,2.1,21.7,7.6
1960-08-01,11.4,,,1.6,0.4,,,,,,47.0,,109.7,93.0,676.0,511.0,1631.0,,3.3,2.1,21.7,7.6
1960-09-01,11.4,,,1.6,0.4,,,,,,46.0,,116.1,92.0,647.0,511.0,1631.0,,3.3,2.1,21.9,7.6
1960-10-01,11.4,,,1.6,0.4,,,,,,42.0,,115.2,88.0,613.0,511.0,1631.0,,3.3,2.1,21.2,7.4
1960-11-01,11.4,,,1.6,0.4,,,,,,38.0,,114.4,90.0,642.0,511.0,1631.0,,3.3,2.1,20.8,7.3
1960-12-01,11.4,,,1.6,0.4,,,,,,40.0,,112.7,93.0,637.0,511.0,1631.0,,3.3,2.1,21.1,7.4
1961-01-01,11.0,,,1.6,0.4,,,,,,43.0,,113.5,102.0,607.0,511.0,1711.0,,3.3,2.1,21.2,7.4
1961-02-01,11.0,,,1.6,0.4,,,,,,44.0,,109.5,114.0,617.0,511.0,1711.0,,3.3,2.1,21.7,7.5
1961-03-01,11.0,,,1.6,0.4,,,,,,44.0,,117.7,121.0,621.0,511.0,1711.0,,3.3,2.1,22.2,7.6
1961-04-01,11.0,,,1.6,0.4,,,,,,43.0,,115.2,129.0,632.0,511.0,1711.0,,3.3,2.1,22.4,7.6
1961-05-01,11.0,,,1.6,0.4,,,,,,45.0,,119.4,122.0,668.0,511.0,1711.0,,3.3,2.1,22.4,7.6
1961-06-01,11.0,,,1.6,0.4,,,,,,44.0,,121.4,114.0,652.0,511.0,1711.0,,3.3,2.1,22.0,7.6
1961-07-01,11.0,,,1.6,0.4,,,,,,45.0,,123.4,112.0,633.0,511.0,1711.0,,3.3,2.1,21.8,7.5
1961-08-01,11.0,,,1.6,0.4,,,,,,44.0,,119.6,101.0,636.0,511.0,1711.0,,3.3,2.1,21.6,7.5
1961-09-01,11.0,,,1.6,0.4,,,,,,43.0,,119.0,98.0,633.0,511.0,1711.0,,3.3,2.1,21.4,7.4
1961-10-01,11.0,,,1.6,0.4,,,,,,47.6,,120.3,98.0,630.0,511.0,1711.0,,3.3,2.1,21.4,7.4
1961-11-01,11.0,,,1.6,0.4,,,,,,48.4,,128.3,100.0,632.0,511.0,1711.0,,3.3,2.1,21.6,7.5
1961-12-01,11.0,,,1.6,0.4,,,,,,48.4,,120.1,101.0,635.0,511.0,1711.0,,3.4,2.1,21.6,7.5
1962-01-01,11.0,,,1.5,0.4,,,,,,48.0,,117.8,101.0,635.0,511.0,1761.0,,3.4,2.0,21.3,7.4
1962-02-01,11.0,,,1.5,0.4,,,,,,48.0,,119.2,101.0,648.0,505.0,1761.0,,3.4,2.0,21.4,7.4
1962-03-01,11.0,,,1.5,0.4,,,,,,48.8,,123.8,103.0,648.0,496.0,1761.0,,3.4,2.0,21.4,7.4
1962-04-01,11.0,,,1.5,0.4,,,,,,48.8,,130.8,104.0,646.0,496.0,1761.0,,3.4,2.0,21.4,7.4
1962-05-01,11.0,,,1.5,0.4,,,,,,49.6,,149.1,104.0,646.0,496.0,1761.0,,3.4,2.0,21.7,7.4
1962-06-01,11.0,,,1.5,0.4,,,,,,49.6,,144.1,102.0,646.0,496.0,1761.0,,3.4,2.0,21.6,7.4
1962-07-01,11.0,,,1.5,0.4,,,,,,48.8,,144.2,101.0,646.0,496.0,1761.0,,3.4,2.0,21.5,7.4
1962-08-01,11.0,,,1.5,0.4,,,,,,47.2,,142.9,95.0,646.0,496.0,1761.0,,3.4,2.0,21.3,7.4
1962-09-01,11.0,,,1.5,0.4,,,,,,47.6,,140.6,95.0,646.0,496.0,1761.0,,3.5,2.0,21.5,7.4
1962-10-01,11.0,,,1.5,0.4,,,,,,47.6,,143.0,97.0,646.0,496.0,1761.0,,3.5,2.0,21.2,7.3
1962-11-01,11.0,,,1.5,0.4,,,,,,48.4,,142.5,101.0,646.0,496.0,1761.0,,3.5,2.0,21.7,7.4
1962-12-01,11.0,,,1.5,0.4,,,,,,51.2,,121.1,102.0,646.0,496.0,1761.0,,3.5,2.0,21.7,7.4
1963-01-01,11.0,,,1.5,0.39,,,,,,52.8,,121.8,107.0,646.0,496.0,1741.0,,3.6,2.0,22.1,7.5
1963-02-01,11.0,,,1.5,0.39,,,,,,53.2,,123.4,110.0,646.0,496.0,1742.0,,3.6,2.0,22.3,7.6
1963-03-01,11.0,,,1.5,0.39,,,,,,52.4,,123.3,109.0,646.0,496.0,1742.0,,3.6,2.0,22.4,7.6
1963-04-01,11.0,,,1.5,0.39,,,,,,52.0,,122.4,107.0,646.0,496.0,1741.0,,3.6,2.0,22.7,7.6
1963-05-01,11.0,,,1.5,0.39,,,,,,52.4,,123.2,109.0,646.0,496.0,1742.0,,3.6,2.0,23.5,7.8
1963-06-01,11.0,,,1.5,0.39,,,,,,55.5,,128.1,108.0,646.0,496.0,1742.0,,3.6,2.0,23.4,7.8
1963-07-01,11.0,,,1.5,0.39,,,,,,56.7,,130.6,109.0,646.0,496.0,1741.0,,3.6,2.0,23.2,7.7
1963-08-01,11.0,,,1.5,0.39,,,,,,55.5,,129.9,106.0,646.0,496.0,1742.0,,3.6,2.0,22.6,7.6
1963-09-01,11.0,,,1.5,0.39,,,,,,55.9,,130.3,109.0,646.0,496.0,1742.0,,3.6,2.0,22.7,7.6
1963-10-01,11.0,,,1.5,0.39,,,,,,53.2,,128.7,117.0,646.0,507.0,1741.0,,3.6,2.0,23.7,7.9
1963-11-01,11.0,,,1.5,0.39,,,,,,52.4,,124.8,116.0,646.0,507.0,1742.0,,3.6,2.0,23.7,7.9
1963-12-01,11.0,,,1.5,0.39,,,,,,53.5,,121.5,114.0,650.0,507.0,1742.0,,3.6,2.0,23.6,7.9
1964-01-01,10.2,,,1.5,0.38,,,,,,55.1,,124.0,117.0,656.0,507.0,1741.0,,3.6,1.9,24.0,7.9
1964-02-01,10.2,,,1.5,0.38,,,,,,52.8,,119.1,113.0,694.0,507.0,1742.0,,3.6,1.9,23.5,7.8
1964-03-01,10.2,,,1.5,0.38,,,,,,54.3,,115.1,111.0,745.0,525.0,1742.0,,3.6,1.9,23.3,7.9
1964-04-01,10.2,,,1.5,0.38,,,,,,55.5,,116.9,107.0,862.0,529.0,1741.0,,3.6,1.9,23.4,7.9
1964-05-01,10.2,,,1.5,0.38,,,,,,55.9,,117.0,105.0,828.0,529.0,1742.0,,3.6,1.9,23.2,7.9
1964-06-01,10.2,,,1.5,0.38,,,,,,56.3,,119.2,104.0,808.0,529.0,1742.0,,3.6,1.9,22.8,7.8
1964-07-01,10.2,,,1.5,0.38,,,,,,55.9,,122.6,102.0,855.0,529.0,1741.0,,3.6,1.9,22.6,7.8
1964-08-01,10.2,,,1.5,0.38,,,,,,54.7,,122.9,104.0,999.0,529.0,1742.0,,3.6,1.9,22.5,7.8
1964-09-01,10.2,,,1.5,0.38,,,,,,55.1,,123.4,110.0,1162.0,529.0,1742.0,,3.6,1.9,22.6,8.0
1964-10-01,10.2,,,1.5,0.38,,,,,,52.8,,121.5,114.0,1358.0,529.0,1741.0,,3.6,1.9,22.7,8.1
1964-11-01,10.2,,,1.5,0.38,,,,,,52.8,,121.0,118.0,1400.0,529.0,1742.0,,3.6,1.9,22.7,8.1
1964-12-01,10.2,,,1.5,0.38,,,,,,54.3,,119.1,122.0,1269.0,540.0,1742.0,,3.6,1.9,22.8,8.1
1965-01-01,10.2,,,1.4,0.41,,,,,,55.9,,114.6,123.0,1001.0,540.0,1735.0,,3.6,1.9,22.4,7.9
1965-02-01,10.2,,,1.4,0.41,,,,,,56.7,,115.9,128.0,1180.0,540.0,1735.0,,3.6,1.9,22.9,8.1
1965-03-01,10.2,,,1.4,0.41,,,,,,57.1,,115.6,125.0,1237.0,540.0,1735.0,,3.6,1.9,22.7,8.1
1965-04-01,10.2,,,1.4,0.41,,,,,,57.5,,113.3,123.0,1348.0,540.0,1735.0,,3.6,1.9,22.8,8.1
1965-05-01,15.3,,,1.4,0.41,,,,,,58.7,,111.8,119.0,1379.0,540.0,1735.0,,3.6,1.9,22.6,8.2
1965-06-01,10.2,,,1.4,0.41,,,,,,58.3,,110.9,122.0,1309.0,540.0,1735.0,,3.6,1.9,22.5,8.0
1965-07-01,10.2,,,1.4,0.41,,,,,,56.7,,112.0,120.0,1134.0,540.0,1735.0,,3.6,1.9,22.4,7.9
1965-08-01,10.2,,,1.4,0.41,,,,,,55.1,,116.9,111.0,1210.0,540.0,1735.0,,3.6,1.9,22.0,7.9
1965-09-01,10.2,,,1.4,0.41,,,,,,53.9,,126.6,106.0,1328.0,540.0,1735.0,,3.6,1.9,22.3,8.0
1965-10-01,10.2,,,1.4,0.41,,,,,,51.6,,126.7,104.0,1402.0,540.0,1735.0,,3.6,1.9,22.3,8.0
1965-11-01,10.2,,,1.4,0.41,,,,,,51.6,,129.2,107.0,1469.0,540.0,1735.0,,3.6,1.9,22.3,8.1
1965-12-01,10.2,,,1.4,0.41,,,,,,55.1,,132.1,113.0,1518.0,540.0,1735.0,,3.6,1.9,22.5,8.1
1966-01-01,9.5,,,1.4,0.42,,,,,,57.1,,125.5,120.0,1679.0,540.0,1739.0,,3.6,1.9,23.1,8.3
1966-02-01,9.5,,,1.4,0.42,,,,,,57.1,,124.8,122.0,1874.0,540.0,1739.0,,3.6,1.9,23.0,8.4
1966-03-01,9.5,,,1.4,0.42,,,,,,55.5,,131.7,120.0,1875.0,540.0,1739.0,,3.6,1.9,23.1,8.4
1966-04-01,9.5,,,1.4,0.42,,,,,,55.9,,143.0,122.0,1907.0,540.0,1739.0,,3.6,1.9,23.3,8.5
1966-05-01,9.5,,,1.4,0.42,,,,,,55.1,,140.9,125.0,1664.0,540.0,1739.0,,3.6,1.9,23.2,8.3
1966-06-01,9.5,,,1.4,0.42,,,,,,57.1,,144.5,131.0,1696.0,540.0,1739.0,,3.6,1.9,23.4,8.4
1966-07-01,9.5,,,1.4,0.42,,,,,,59.1,,153.3,139.0,1568.0,540.0,1739.0,,3.6,1.9,23.9,8.4
1966-08-01,9.5,,,1.4,0.42,,,,,,62.6,,150.4,140.0,1195.0,540.0,1739.0,,3.6,1.9,24.2,8.2
1966-09-01,9.5,,,1.4,0.42,,,,,,61.0,,155.4,128.0,1128.0,540.0,1739.0,,3.6,1.9,23.5,8.1
1966-10-01,9.5,,,1.4,0.42,,,,,,58.7,,164.3,120.0,1275.0,540.0,1739.0,,3.6,1.9,23.2,8.1
1966-11-01,9.5,,,1.4,0.42,,,,,,59.1,,166.1,121.0,1302.0,540.0,1739.0,,3.6,1.9,23.0,8.1
1966-12-01,9.5,,,1.4,0.42,,,,,,61.4,,142.6,121.0,1215.0,540.0,1739.0,,3.6,1.9,23.1,8.0
1967-01-01,8.9,,,1.3,0.46,,,,,68.5,60.2,,142.3,117.0,1244.0,540.0,1936.0,,3.6,1.9,23.1,8.0
1967-02-01,8.9,,,1.3,0.46,,,,,68.5,59.1,,151.5,117.0,1220.0,540.0,1936.0,,3.7,1.9,23.0,8.0
1967-03-01,8.9,,,1.3,0.46,,,,,68.5,59.1,,163.5,116.0,1098.0,540.0,1936.0,,3.7,1.9,23.1,7.9
1967-04-01,8.9,,,1.3,0.46,,,,,68.5,57.9,,168.5,116.0,995.0,540.0,1936.0,,3.7,1.9,23.2,7.9
1967-05-01,8.9,,,1.3,0.46,,,,,68.5,57.1,,175.8,116.0,1036.0,540.0,1936.0,,3.7,1.9,23.3,7.9
1967-06-01,8.9,,,1.3,0.46,,,,,68.5,57.1,,184.5,117.0,1015.0,540.0,1936.0,,3.7,1.9,23.6,8.0
1967-07-01,8.9,,,1.3,0.46,,,,,68.5,55.1,,206.2,115.0,997.0,540.0,1936.0,,3.9,1.9,23.4,7.9
1967-08-01,8.9,,,1.3,0.46,,,,,68.5,52.0,,207.2,111.0,1045.0,540.0,1936.0,,4.1,1.9,23.1,7.9
1967-09-01,8.9,,,1.3,0.46,,,,,68.5,49.2,,221.6,111.0,1060.0,540.0,1936.0,,4.0,1.9,23.3,8.0
1967-10-01,8.9,,,1.3,0.46,,,,,68.5,48.0,,224.1,110.0,1138.0,540.0,1936.0,,4.1,1.9,23.4,8.0
1967-11-01,8.9,,,1.3,0.46,,,,,68.5,47.6,,213.6,116.0,1444.0,540.0,1936.0,,4.3,1.9,23.4,8.2
1967-12-01,8.9,,,1.3,0.46,,,,,68.5,46.9,,213.6,113.0,1324.0,540.0,1936.0,,4.4,1.9,23.0,8.0
1968-01-01,8.8,,,1.3,0.45,,,,,60.5,51.6,,198.8,114.0,1409.0,540.0,2075.0,,4.4,1.9,22.8,8.0
1968-02-01,8.8,,,1.3,0.45,,,,,60.5,51.2,,207.0,115.0,1720.0,540.0,2075.0,,4.3,1.9,23.0,8.2
1968-03-01,8.8,,,1.3,0.45,,,,,60.5,50.0,,209.8,116.0,1701.0,540.0,2075.0,,4.6,1.9,23.0,8.2
1968-04-01,8.8,,,1.3,0.45,,,,,60.5,48.0,,197.0,113.0,1255.0,540.0,2075.0,,4.7,1.9,22.7,7.9
1968-05-01,8.8,,,1.3,0.45,,,,,60.5,48.4,,187.1,114.0,1097.0,540.0,2075.0,,5.0,1.9,22.7,7.8
1968-06-01,8.8,,,1.3,0.45,,,,,60.5,47.6,,179.3,112.0,1137.0,562.0,2075.0,,5.2,1.9,22.2,7.8
1968-07-01,8.8,,,1.3,0.45,,,,,60.5,47.2,,181.7,111.0,1054.0,562.0,2075.0,,4.9,1.9,22.1,7.7
1968-08-01,8.8,,,1.3,0.45,,,,,60.5,44.9,,177.7,106.0,1056.0,562.0,2075.0,,4.8,1.9,21.6,7.6
1968-09-01,8.8,,,1.3,0.45,,,,,60.5,44.1,,175.8,105.0,1110.0,562.0,2075.0,,4.9,1.9,21.9,7.7
1968-10-01,8.8,,,1.3,0.45,,,,,60.5,44.9,,163.7,104.0,1080.0,562.0,2075.0,,4.6,1.9,21.9,7.7
1968-11-01,8.8,,,1.3,0.45,,,,,60.5,49.2,,157.1,109.0,1100.0,562.0,2075.0,,4.7,1.9,22.2,7.7
1968-12-01,8.8,,,1.3,0.45,,,,,60.5,48.4,,159.9,111.0,1185.0,562.0,2075.0,,4.7,1.9,22.5,7.8
1969-01-01,9.8,,,1.3,0.45,,,,,58.0,50.4,,162.4,111.0,1256.0,573.0,2363.0,,4.8,1.8,22.5,7.9
1969-02-01,9.8,,,1.3,0.45,,,,,58.0,50.4,,160.5,109.0,1285.0,584.0,2363.0,,4.7,1.8,22.6,7.9
1969-03-01,9.8,,,1.3,0.45,,,,,58.0,50.4,,167.0,111.0,1278.0,584.0,2363.0,,4.7,1.8,23.0,8.0
1969-04-01,9.8,,,1.3,0.45,,,,,58.0,51.6,,165.2,110.0,1388.0,584.0,2363.0,,4.7,1.8,23.0,8.1
1969-05-01,9.8,,,1.3,0.45,,,,,58.0,54.3,,171.1,112.0,1392.0,584.0,2363.0,,4.7,1.8,23.2,8.1
1969-06-01,9.8,,,1.3,0.45,,,,,58.0,54.3,,178.8,110.0,1483.0,584.0,2363.0,,4.4,1.8,23.4,8.2
1969-07-01,9.8,,,1.3,0.45,,,,,58.0,53.9,,180.5,102.0,1454.0,584.0,2363.0,,4.4,1.8,23.2,8.2
1969-08-01,9.8,,,1.3,0.45,,,,,58.0,53.5,,171.6,99.0,1607.0,584.0,2363.0,,4.4,1.8,23.2,8.2
1969-09-01,9.8,,,1.3,0.45,,,,,58.0,51.2,,167.6,101.0,1579.0,584.0,2363.0,,4.5,1.8,23.1,8.2
1969-10-01,9.8,,,1.3,0.45,,,,,58.0,51.9,,167.4,103.0,1554.0,602.0,2363.0,,4.6,1.8,23.5,8.3
1969-11-01,9.8,,,1.3,0.45,,,,,58.0,53.2,,167.6,107.0,1631.0,606.0,2363.0,,4.5,1.8,23.6,8.4
1969-12-01,9.8,,,1.3,0.45,,,,,58.0,52.4,,161.1,106.0,1700.0,606.0,2363.0,,4.2,1.8,23.8,8.5
1970-01-01,9.8,,7.8,1.2,0.45,,,,,54.0,58.4,,140.5,107.0,1626.0,606.0,2846.0,,4.3,2.1,24.3,8.7
1970-02-01,9.8,,7.8,1.2,0.45,,,,,54.0,58.4,,133.4,110.0,1657.0,606.0,2846.0,,4.3,2.1,24.3,8.8
1970-03-01,9.8,,7.8,1.2,0.45,,,,,54.0,58.4,,126.3,111.0,1754.0,606.0,2846.0,,4.3,2.1,24.4,8.8
1970-04-01,9.8,,7.8,1.2,0.45,,,,,54.0,58.4,,121.6,112.0,1742.0,613.0,2846.0,,4.3,2.1,24.5,8.9
1970-05-01,9.8,,7.8,1.2,0.45,,,,,54.0,58.4,,121.6,115.0,1598.0,617.0,2846.0,,4.1,2.1,24.8,8.8
1970-06-01,9.8,,7.8,1.2,0.45,,,,,54.0,58.4,,124.0,118.0,1458.0,617.0,2846.0,,4.1,2.1,24.8,8.8
1970-07-01,9.8,,7.8,1.2,0.45,,,,,54.0,58.4,,124.9,122.0,1367.0,617.0,2846.0,,4.1,2.1,24.8,8.7
1970-08-01,9.8,,7.8,1.2,0.45,,,,,54.0,58.4,,128.1,120.0,1267.0,617.0,2846.0,,4.2,2.1,24.5,8.6
1970-09-01,9.8,,7.8,1.2,0.45,,,,,54.0,58.4,,125.7,119.0,1247.0,617.0,2846.0,,4.3,2.1,24.5,8.6
1970-10-01,9.8,,7.8,1.2,0.45,,,,,54.0,58.4,,124.4,123.0,1142.0,617.0,2846.0,,4.3,2.1,24.8,8.6
1970-11-01,9.8,,7.8,1.2,0.45,,,,,54.0,58.4,,124.8,125.0,1085.0,617.0,2846.0,,4.3,2.1,25.1,8.6
1970-12-01,9.8,,7.8,1.2,0.45,,,,,54.0,58.4,,120.4,121.0,1046.0,617.0,2846.0,,4.2,2.1,25.0,8.6
1971-01-01,10.3,,8.7,1.6,0.5,,,,,57.5,58.4,,121.4,125.0,1010.0,617.0,2932.0,,4.2,2.7,24.9,8.9
1971-02-01,10.3,,8.7,1.6,0.5,,,,,57.5,58.4,,105.1,125.0,1020.0,617.0,2932.0,,4.2,2.7,24.6,8.9
1971-03-01,10.3,,8.7,1.6,0.5,,,,,57.5,58.4,,98.9,124.0,1144.0,617.0,2932.0,,4.3,2.7,24.6,8.9
1971-04-01,10.3,,8.7,1.6,0.5,,,,,57.5,58.4,,95.7,119.0,1252.0,617.0,2932.0,,4.3,2.7,24.6,9.0
1971-05-01,10.3,,8.7,1.6,0.5,,,,,57.5,58.4,,106.0,122.0,1114.0,617.0,2932.0,,4.4,2.7,24.5,8.9
1971-06-01,10.3,,8.7,1.6,0.5,,,,,57.5,58.4,,109.2,127.0,1074.0,617.0,2932.0,,4.3,2.7,24.5,8.9
1971-07-01,10.3,,8.7,1.7,0.5,,,,,66.0,58.4,,111.5,134.0,1115.0,617.0,2932.0,,4.3,2.8,24.8,9.0
1971-08-01,10.3,,8.7,1.7,0.5,,,,,66.0,58.4,,113.4,131.0,1098.0,628.0,2932.0,,4.5,2.8,25.0,9.1
1971-09-01,10.3,,8.7,1.7,0.5,,,,,66.0,58.4,,120.6,124.0,1056.0,639.0,2932.0,,4.3,2.8,24.6,9.0
1971-10-01,10.3,,8.7,1.7,0.5,,,,,66.0,58.4,,121.7,125.0,1041.0,639.0,2932.0,,4.2,2.8,24.5,9.0
1971-11-01,10.3,,8.7,1.7,0.5,,,,,66.0,58.4,,118.1,125.0,1014.0,642.0,2932.0,,4.2,2.8,24.4,8.9
1971-12-01,10.3,,8.7,1.7,0.5,,,,,66.0,58.4,,117.0,126.0,1038.0,666.0,2932.0,,4.3,2.8,24.6,9.0
1972-01-01,10.3,,9.6,1.8,0.54,,,,,83.0,51.3,,113.8,125.0,1078.0,670.0,3080.0,,4.5,2.9,25.0,9.2
1972-02-01,10.3,,9.6,1.8,0.54,,,,,83.0,51.7,,112.6,127.0,1112.0,670.0,3080.0,,4.7,2.9,24.9,9.3
1972-03-01,10.3,,9.6,1.8,0.54,,,,,83.0,52.5,,113.1,135.0,1108.0,670.0,3080.0,,4.8,2.9,25.6,9.4
1972-04-01,10.3,,9.6,1.8,0.54,,,,,83.0,53.7,,111.6,140.0,1133.0,670.0,3080.0,,4.8,2.9,25.5,9.4
1972-05-01,10.3,,9.6,1.8,0.54,,,,,83.0,54.5,,114.1,140.0,1106.0,600.0,3080.0,,5.2,2.9,25.5,9.3
1972-06-01,10.3,,9.6,1.8,0.54,,,,,83.0,52.9,,118.4,138.0,1063.0,567.0,3080.0,,5.7,2.9,25.2,9.2
1972-07-01,10.3,,9.6,1.9,0.54,,,,,99.0,54.1,,119.3,141.0,1035.0,538.0,3080.0,,6.1,3.0,25.2,9.2
1972-08-01,10.3,,9.6,1.9,0.54,,,,,99.0,55.7,,135.6,141.0,1047.0,540.0,3080.0,,6.3,3.0,25.6,9.3
1972-09-01,10.3,,9.6,1.9,0.54,,,,,99.0,59.2,,144.8,135.0,1061.0,538.0,3080.0,,6.1,3.0,26.3,9.4
1972-10-01,10.3,,9.6,1.9,0.54,,,,,99.0,57.2,,148.7,136.0,918.0,538.0,3080.0,,6.1,3.0,26.7,9.4
1972-11-01,10.3,,9.6,1.9,0.54,,,,,99.0,59.2,,156.0,148.0,1007.0,540.0,3080.0,,6.0,3.0,27.5,9.6
1972-12-01,10.3,,9.6,1.9,0.54,,,,,99.0,67.1,,165.5,174.0,1024.0,540.0,3080.0,,6.2,3.0,30.2,10.3
1973-01-01,10.3,,11.5,2.1,0.69,,,,,105.0,79.1,,160.9,214.0,1119.0,542.0,3373.0,,6.3,3.4,32.8,11.2
1973-02-01,10.3,,11.5,2.1,0.69,,,,,105.0,81.1,,173.5,259.0,1244.0,558.0,3373.0,,7.1,3.4,35.5,11.9
1973-03-01,10.3,,11.5,2.1,0.69,,,,,105.0,79.9,,185.9,258.0,1510.0,571.0,3373.0,,7.8,3.4,36.3,12.3
1973-04-01,10.3,,11.5,2.4,0.69,,,,,105.0,77.8,,185.9,260.0,1588.0,571.0,3373.0,,8.1,3.7,36.6,12.6
1973-05-01,10.3,,11.5,2.4,0.69,,,,,105.0,89.0,,185.9,358.0,1552.0,582.0,3373.0,,9.0,3.7,40.8,13.4
1973-06-01,10.3,,11.5,2.4,0.69,,,,,105.0,101.2,,185.9,470.0,1749.0,602.0,3373.0,,10.4,3.7,46.0,14.7
1973-07-01,10.3,,11.5,2.7,0.69,,,,,132.5,109.4,,332.5,330.0,2021.0,635.0,3373.0,,10.5,4.1,49.5,16.0
1973-08-01,10.3,,11.5,2.7,0.69,,,,,132.5,122.4,,377.7,331.0,2123.0,619.0,3373.0,,9.6,4.1,49.3,16.0
1973-09-01,10.3,,11.5,2.7,0.69,,,,,132.5,107.1,,377.7,266.0,1936.0,604.0,3373.0,,9.4,4.1,45.0,14.9
1973-10-01,10.3,,11.5,4.1,0.69,,,,,132.5,106.4,,337.7,245.0,2065.0,622.0,3373.0,,9.4,5.6,44.5,16.0
1973-11-01,10.3,,11.5,4.1,0.69,,,,,132.5,107.9,,475.9,239.0,2273.0,650.0,3373.0,,9.0,5.6,46.1,16.6
1973-12-01,10.3,,11.5,4.1,0.69,,,,,132.5,112.6,,495.5,254.0,2244.0,633.0,3373.0,,10.1,5.6,50.1,17.4
1974-01-01,13.4,,16.9,13.0,1.73,,,,,215.0,112.3,,512.2,261.0,2032.0,604.0,3572.0,,12.0,16.0,53.3,25.4
1974-02-01,13.4,,16.9,13.0,1.73,,,,,232.5,131.1,,539.7,271.0,2292.0,619.0,3572.0,,14.9,16.0,56.8,26.4
1974-03-01,13.4,,16.9,13.0,1.73,,,,,262.5,126.4,,570.2,265.0,2743.0,688.0,3572.0,,16.1,16.0,55.3,26.4
1974-04-01,13.4,,16.9,10.6,1.73,,,,,293.8,114.2,,603.6,235.0,3032.0,752.0,3572.0,,16.0,13.4,53.2,24.6
1974-05-01,13.4,,16.9,10.6,1.73,,,,,301.3,113.7,,598.7,229.0,2876.0,765.0,3572.0,,15.8,13.4,52.7,24.4
1974-06-01,13.4,,16.9,10.6,1.73,,,,,339.5,116.6,,570.4,228.0,2440.0,756.0,3572.0,,14.8,13.4,52.1,24.0
1974-07-01,13.4,,16.9,10.0,1.73,,,,,358.1,132.3,,494.6,276.0,1919.0,761.0,4079.0,,13.6,12.8,54.1,23.7
1974-08-01,13.4,,16.9,10.0,1.73,,,,,365.0,145.8,,496.5,320.0,1803.0,849.0,4079.0,,14.4,12.8,57.9,24.5
1974-09-01,13.4,,16.9,10.0,1.73,,,,,405.0,141.4,,491.9,303.0,1461.0,838.0,4079.0,,13.8,12.8,57.2,24.2
1974-10-01,13.4,,16.9,10.3,1.73,,,,,405.0,151.6,,478.4,335.0,1399.0,844.0,4079.0,,15.0,13.1,61.2,25.2
1974-11-01,13.4,,16.9,10.3,1.73,,,,,405.0,144.1,,436.6,312.0,1417.0,842.0,4079.0,,16.3,13.1,62.2,25.4
1974-12-01,13.4,,16.9,10.3,1.73,,,,,408.8,145.3,,413.3,288.0,1289.0,860.0,4079.0,,16.2,13.1,58.2,24.5
1975-01-01,17.3,,26.8,10.4,1.68,,,,,396.0,131.7,,376.7,256.0,1211.0,895.0,4431.0,,15.5,13.8,52.9,23.8
1975-02-01,17.3,,26.8,10.4,1.68,,,,,383.0,120.5,,381.4,231.0,1267.0,908.0,4431.0,,15.9,13.8,48.9,22.9
1975-03-01,17.3,,26.8,10.4,1.68,,,,,363.0,120.2,,374.0,226.0,1344.0,917.0,4431.0,,15.7,13.8,46.7,22.5
1975-04-01,17.3,,26.8,10.4,1.68,,,,,307.0,119.7,,377.7,229.0,1329.0,897.0,4431.0,,15.1,13.8,46.4,22.4
1975-05-01,17.3,,26.8,10.4,1.68,,,,,242.0,114.5,,365.4,208.0,1254.0,904.0,4431.0,,15.2,13.8,43.2,21.6
1975-06-01,17.3,,26.8,10.4,1.68,,,,,194.0,119.1,,324.9,207.0,1193.0,904.0,4431.0,,15.0,13.8,41.7,21.2
1975-07-01,17.3,,26.8,10.4,1.68,,,,,181.0,119.8,,307.7,224.0,1222.0,864.0,4431.0,,15.2,13.8,43.8,21.6
1975-08-01,17.3,,26.8,10.4,1.68,,,,,185.0,131.6,,323.7,243.0,1277.0,838.0,4431.0,,15.3,13.8,47.4,22.4
1975-09-01,17.3,,26.8,10.4,1.68,,,,,192.0,122.3,,336.2,227.0,1210.0,827.0,4852.0,,13.8,13.8,45.6,22.0
1975-10-01,17.3,,26.8,10.5,1.68,,,,,162.0,116.9,,332.5,211.0,1179.0,816.0,4852.0,,13.5,13.9,44.2,21.7
1975-11-01,17.3,,26.8,10.5,1.68,,,,,150.0,110.3,,309.5,192.0,1180.0,814.0,4852.0,,13.4,13.9,41.9,21.1
1975-12-01,17.3,,26.8,10.5,1.68,,,,,155.0,109.2,,287.4,185.0,1151.0,838.0,4852.0,,13.0,13.9,41.6,21.1
1976-01-01,22.7,,27.2,11.5,1.74,,,,,130.0,110.3,,259.9,189.0,1193.0,853.0,4850.0,,12.5,15.2,42.8,22.1
1976-02-01,22.7,,27.2,11.5,1.74,,,,,125.0,113.2,,233.4,191.0,1219.0,851.0,4850.0,,12.5,15.2,43.7,22.3
1976-03-01,22.7,,27.2,11.5,1.74,,,,,126.0,113.1,,228.4,190.0,1329.0,816.0,4850.0,,12.7,15.2,44.4,22.5
1976-04-01,22.7,,27.2,11.5,1.74,,,,,113.0,111.1,,226.5,190.0,1510.0,820.0,4850.0,,12.5,15.2,45.4,22.8
1976-05-01,22.7,,27.2,11.5,1.74,,,,,104.0,118.2,,226.5,210.0,1512.0,825.0,4850.0,,12.6,15.2,47.2,23.2
1976-06-01,22.7,,27.2,11.5,1.74,,,,,100.0,121.8,,222.8,248.0,1550.0,805.0,4850.0,,12.8,15.2,50.0,23.8
1976-07-01,22.7,,27.2,11.6,1.74,,,,,120.0,121.3,,222.7,264.0,1647.0,904.0,4850.0,,12.3,15.3,50.5,24.2
1976-08-01,22.7,,27.2,11.6,1.74,,,,,125.0,116.1,,223.5,248.0,1539.0,939.0,4850.0,,11.3,15.4,49.6,24.0
1976-09-01,22.7,,27.2,11.6,1.74,,,,,140.0,115.0,,244.9,261.0,1459.0,996.0,4938.0,,11.6,15.4,50.5,24.2
1976-10-01,22.7,,27.2,11.9,1.74,,,,,128.0,106.2,,250.0,254.0,1285.0,948.0,5313.0,,11.7,15.7,50.6,24.3
1976-11-01,22.7,,27.2,11.9,1.74,,,,,115.0,98.7,,239.2,260.0,1279.0,948.0,5313.0,,12.7,15.7,51.4,24.5
1976-12-01,22.7,,27.2,11.9,1.74,,,,,113.0,103.5,,238.3,269.0,1287.0,974.0,5313.0,,12.9,15.7,53.0,24.9
1977-01-01,23.1,,28.7,12.5,1.79,,2.77,,,130.0,111.6,,239.5,287.0,1396.0,1058.0,5313.0,,12.9,16.6,55.5,26.5
1977-02-01,23.1,,28.7,12.5,1.79,,2.77,,,133.0,110.6,,235.1,293.0,1426.0,1078.0,5313.0,,13.2,16.7,58.4,27.2
1977-03-01,23.1,,28.7,12.5,1.79,,2.77,,,137.0,108.0,,242.5,328.0,1515.0,1082.0,5313.0,,14.3,16.7,63.5,28.3
1977-04-01,23.1,,28.7,12.4,1.79,,2.77,,,134.0,105.8,,232.6,384.0,1429.0,1082.0,5187.0,,14.3,16.7,65.9,28.6
1977-05-01,23.1,,28.7,12.4,1.79,,2.77,,,129.0,100.9,,237.7,371.0,1371.0,1082.0,5282.0,,14.0,16.7,62.9,27.9
1977-06-01,23.1,,28.7,12.4,1.79,,2.77,,,133.0,94.5,,244.6,326.0,1312.0,1102.0,5313.0,,13.5,16.8,59.3,27.2
1977-07-01,23.1,,28.7,12.6,1.79,,2.77,,,133.0,85.0,,251.2,252.0,1248.0,1171.0,5313.0,,13.7,17.0,54.0,26.3
1977-08-01,23.1,,28.7,12.6,1.79,,2.77,,,143.0,76.9,,255.0,230.0,1160.0,1184.0,5313.0,,13.7,17.0,51.6,25.7
1977-09-01,23.1,,28.7,12.6,1.79,,2.77,,,148.0,78.3,,255.0,205.0,1195.0,1184.0,5313.0,,14.1,17.0,50.6,25.5
1977-10-01,23.1,,28.7,12.7,1.79,,2.77,,,138.0,83.2,,256.9,209.0,1210.0,1204.0,4586.0,,14.9,17.0,49.9,25.4
1977-11-01,23.1,,28.7,12.7,1.79,,2.77,,,123.0,93.4,,274.1,236.0,1182.0,1237.0,4586.0,,15.2,17.0,51.4,25.8
1977-12-01,23.1,,28.7,12.7,1.79,,2.77,,,128.0,96.0,,302.6,241.0,1261.0,1261.0,4586.0,,15.0,17.0,52.7,26.2
1978-01-01,21.5,,27.9,12.7,2.3,,3.04,,,138.0,95.8,,317.3,239.0,1261.0,1316.0,4586.0,,16.0,17.3,53.1,26.4
1978-02-01,21.5,,27.1,12.7,2.3,,3.04,,,138.0,101.0,,341.1,239.0,1217.0,1321.0,4586.0,,16.4,17.3,53.8,26.6
1978-03-01,21.5,,27.1,12.7,2.3,,3.04,,,137.0,106.1,,373.8,273.0,1254.0,1299.0,4586.0,,17.1,17.3,56.5,27.1
1978-04-01,21.5,,27.1,12.7,2.3,,3.04,,,131.0,111.5,,388.5,290.0,1285.0,1259.0,4696.0,,16.4,17.3,58.2,27.5
1978-05-01,21.5,,28.6,12.7,2.3,,3.04,,,128.0,112.7,,386.5,290.0,1303.0,1237.0,4696.0,,16.5,17.4,57.0,27.3
1978-06-01,21.5,,30.2,12.7,2.3,,3.04,,,130.0,106.6,,381.1,278.0,1333.0,1248.0,4645.0,,17.2,17.5,55.9,27.2
1978-07-01,21.5,,30.2,12.8,2.3,,3.04,,,137.0,97.3,,362.2,266.0,1337.0,1290.0,4586.0,,17.5,17.5,53.6,26.8
1978-08-01,21.5,,30.2,12.8,2.3,,3.04,,,143.0,92.0,,344.3,262.0,1426.0,1321.0,4586.0,,18.8,17.6,53.8,27.0
1978-09-01,21.5,,30.2,12.8,2.3,,3.04,,,151.5,91.0,,347.0,264.0,1442.0,1382.0,4586.0,,19.3,17.6,56.5,27.6
1978-10-01,21.5,,30.2,12.9,2.3,,3.04,,,151.5,95.9,,338.4,271.0,1506.0,1425.0,4586.0,,20.7,17.7,58.0,28.1
1978-11-01,21.5,,30.2,13.2,2.3,,3.04,,,151.5,100.5,,294.2,270.0,1481.0,1394.0,4586.0,,19.3,18.1,57.4,28.2
1978-12-01,21.5,,30.2,14.5,2.3,,3.04,,,141.5,98.5,,273.4,278.0,1533.0,1409.0,4586.0,,19.5,19.5,57.0,29.1
1979-01-01,23.5,,30.2,19.0,3.26,,3.69,,,153.0,105.4,140.4,278.5,284.0,1659.0,1265.0,4586.0,,21.0,24.8,57.6,32.7
1979-02-01,23.5,,30.2,22.0,3.26,,3.69,,,157.5,107.0,144.8,279.5,298.0,1944.0,1442.0,4546.0,,23.3,28.1,58.9,35.6
1979-03-01,23.5,,30.2,23.3,3.26,,3.69,,,162.5,109.5,144.0,293.0,310.0,2050.0,1542.0,4819.0,,23.2,29.5,59.8,37.0
1979-04-01,23.5,,30.2,23.6,3.26,,3.69,,,164.0,111.5,142.2,295.5,300.0,2100.0,1569.0,5379.0,,23.0,29.9,60.7,37.5
1979-05-01,23.5,,30.2,32.8,3.26,,3.69,,,162.0,112.6,141.4,296.8,300.0,1926.0,1576.0,5968.0,,25.1,39.6,61.2,44.1
1979-06-01,23.5,,30.2,36.5,3.26,,3.69,,,175.5,120.4,163.9,303.3,322.0,1878.0,1597.0,6519.0,,26.6,43.6,65.7,47.8
1979-07-01,23.5,,30.2,35.0,3.26,,3.69,,,187.5,130.5,168.3,304.1,322.0,1814.0,1534.0,6614.0,,28.1,42.1,66.6,46.9
1979-08-01,23.5,,31.3,35.8,3.26,,3.69,,,207.5,118.9,162.8,328.4,302.0,1976.0,1562.0,6614.0,,28.7,43.0,65.4,47.3
1979-09-01,23.5,,31.3,36.5,3.26,,3.69,,,215.0,118.0,165.0,338.2,292.0,2096.0,1616.0,6614.0,,36.4,43.8,66.3,48.2
1979-10-01,23.5,,32.4,38.5,3.26,,3.69,,,247.5,119.1,163.1,340.4,283.0,2076.0,1786.0,6614.0,,41.6,46.0,65.4,49.8
1979-11-01,23.5,,32.4,42.0,3.26,,3.69,,,242.0,118.2,166.8,342.4,281.0,2090.0,1833.0,6614.0,,41.6,49.8,65.8,52.4
1979-12-01,23.5,,32.4,40.5,3.26,,3.69,,,246.0,115.3,173.1,356.9,279.0,2214.0,1913.0,6945.0,,51.2,48.2,66.6,51.8
1980-01-01,28.1,,32.4,40.0,4.22,,5.7,,,257.0,105.4,169.7,372.8,268.0,2601.0,2055.0,6585.0,,81.1,48.4,66.8,52.4
1980-02-01,28.1,,32.4,38.5,4.22,,5.7,,,257.5,113.9,170.5,376.5,271.0,2918.0,2131.0,6979.0,,77.2,46.8,68.9,52.1
1980-03-01,28.1,,32.4,38.3,4.22,,5.7,,,260.5,110.4,162.4,392.7,264.0,2306.0,1978.0,6734.0,,59.9,46.6,67.0,51.0
1980-04-01,28.1,,39.5,38.2,4.22,,5.7,,,202.5,108.2,155.8,396.0,252.0,2070.0,1932.0,6233.0,,48.1,46.9,65.8,50.8
1980-05-01,28.1,,40.1,38.5,4.22,,5.7,,,211.0,110.0,156.2,410.4,260.0,2037.0,1776.0,6001.0,,45.7,47.4,68.4,51.4
1980-06-01,28.1,,40.7,38.0,4.22,,5.7,,,212.5,113.6,146.2,418.9,262.0,2006.0,1669.0,6295.0,,54.3,46.9,67.7,50.7
1980-07-01,28.1,,40.7,37.4,4.22,,5.7,,,215.0,128.9,160.5,418.9,303.0,2176.0,1758.0,6622.0,,57.6,46.4,68.0,50.7
1980-08-01,28.1,,44.2,33.6,4.22,,5.7,,,215.0,143.5,165.3,418.9,309.0,2082.0,1784.0,6585.0,,56.1,42.5,69.1,48.3
1980-09-01,28.1,,44.6,33.4,4.22,,5.7,,,205.0,140.8,175.6,418.9,335.0,2060.0,1655.0,6655.0,,62.9,42.4,71.2,48.5
1980-10-01,28.1,,44.6,37.9,4.22,,5.7,,,202.5,140.4,187.0,418.9,340.0,2040.0,1626.0,6692.0,,62.3,47.2,71.6,51.7
1980-11-01,28.1,,45.0,40.8,4.22,,5.7,,,214.0,146.6,193.3,439.4,367.0,2010.0,1504.0,6453.0,,58.4,50.4,72.4,53.9
1980-12-01,28.1,,45.0,40.2,4.22,,5.7,,,214.0,141.5,177.1,446.4,324.0,1879.0,1431.0,6391.0,,50.9,49.6,68.3,52.3
1981-01-01,28.1,,45.0,40.3,4.6,,6.03,,,227.5,148.8,177.5,446.4,323.0,1869.0,1431.0,6404.0,,50.4,50.0,68.7,52.7
1981-02-01,28.1,,45.0,38.7,4.6,,6.03,,,226.0,143.3,176.4,456.3,306.0,1801.0,1452.0,6371.0,,45.0,48.4,66.5,51.1
1981-03-01,28.1,,45.0,38.3,4.6,,6.03,,,207.5,142.1,167.9,480.6,305.0,1818.0,1443.0,6292.0,,44.3,48.1,65.9,50.8
1981-04-01,28.1,,56.5,37.2,4.6,,6.03,,,193.0,145.5,172.1,490.6,316.0,1821.0,1369.0,6307.0,,43.3,47.5,64.6,49.8
1981-05-01,28.1,,56.5,35.2,4.6,,6.03,,,195.5,141.3,142.9,494.4,306.0,1742.0,1297.0,6352.0,,41.6,45.4,62.9,48.1
1981-06-01,28.1,,56.5,33.3,4.6,,6.03,,,190.0,136.1,132.8,510.3,291.0,1700.0,1232.0,6169.0,,39.6,43.3,61.3,46.3
1981-07-01,28.1,,56.5,35.1,4.6,,6.03,,,177.5,137.6,138.6,498.5,294.0,1682.0,1175.0,6150.0,,34.9,45.3,61.2,47.4
1981-08-01,28.1,,56.5,35.8,4.6,,6.03,,,179.5,127.1,140.3,473.9,283.0,1787.0,1231.0,5999.0,,35.3,46.1,59.7,47.8
1981-09-01,28.1,,56.5,35.9,4.6,,6.03,,,130.0,115.5,147.1,463.1,264.0,1710.0,1169.0,5579.0,,38.5,46.3,58.4,47.5
1981-10-01,28.1,,56.5,36.5,4.6,,6.03,,,122.5,112.7,149.7,431.7,260.0,1666.0,1140.0,5217.0,,37.3,47.0,57.6,47.7
1981-11-01,28.1,,56.5,37.1,4.6,,6.03,,,145.0,111.8,156.8,405.2,257.0,1651.0,1082.0,5100.0,,35.1,47.7,57.4,48.0
1981-12-01,28.1,,56.5,36.7,4.6,,6.03,,,137.5,107.6,153.0,356.9,256.0,1655.0,1131.0,5496.0,,34.8,47.3,56.4,47.5
1982-01-01,32.5,,55.6,35.8,4.45,,6.05,,,135.0,115.4,148.4,321.2,262.0,1611.0,1113.0,5629.0,,32.7,46.3,57.1,47.0
1982-02-01,32.5,,55.6,31.6,4.45,,6.05,,,190.0,112.6,153.7,302.8,254.0,1598.0,1088.0,5717.0,,32.3,41.9,56.6,44.0
1982-03-01,32.5,,55.6,29.3,4.45,,6.05,,,190.0,114.2,141.8,305.3,254.0,1510.0,1029.0,5653.0,,28.4,39.5,55.5,42.0
1982-04-01,32.5,,55.6,33.1,4.45,,6.05,,,168.5,117.8,148.6,291.3,265.0,1522.0,996.0,5394.0,,29.8,43.6,55.2,44.6
1982-05-01,32.5,,55.6,35.2,4.45,,6.05,,,166.0,118.1,128.3,278.5,269.0,1528.0,973.0,5212.0,,28.1,45.9,55.0,46.0
1982-06-01,32.5,,55.6,34.6,4.45,,6.05,,,167.0,115.0,125.7,270.7,254.0,1300.0,919.0,5187.0,,25.8,45.3,52.8,44.9
1982-07-01,32.5,,55.6,33.7,4.45,,6.05,,,168.0,115.0,127.5,261.8,249.0,1441.0,958.0,5069.0,,28.2,44.4,51.4,44.1
1982-08-01,32.5,,55.6,32.8,4.45,,6.05,,,165.5,102.3,123.8,266.7,234.0,1452.0,959.0,4953.0,,30.4,43.5,50.1,43.3
1982-09-01,32.5,,55.6,34.3,4.45,,6.05,,,167.0,100.9,120.5,252.0,217.0,1427.0,960.0,4310.0,,36.7,45.1,49.8,44.2
1982-10-01,32.5,,55.6,35.0,4.45,,6.05,,,163.5,91.7,112.9,235.1,214.0,1461.0,952.0,3917.0,,36.3,45.9,48.4,44.5
1982-11-01,32.5,,55.6,33.8,4.45,,6.05,,,160.5,102.9,131.6,238.3,231.0,1444.0,965.0,3434.0,,36.3,44.7,49.7,43.9
1982-12-01,32.5,,45.5,31.8,4.45,,6.05,,,158.5,105.5,127.9,246.1,232.0,1473.0,987.0,3576.0,,38.9,42.0,50.3,42.2
1983-01-01,29.0,,43.0,30.9,4.05,,5.55,,,150.5,107.8,131.2,240.0,235.0,1572.0,1077.0,3797.0,,43.1,40.7,50.4,41.6
1983-02-01,29.0,,43.0,29.1,4.05,,5.55,,,164.0,117.3,133.4,249.6,239.0,1647.0,1230.0,4228.0,,45.3,38.9,51.1,40.8
1983-03-01,29.0,,43.0,28.2,4.05,,5.55,,,179.5,125.2,133.0,261.8,242.0,1598.0,1302.0,4832.0,,37.5,37.8,52.2,40.4
1983-04-01,29.0,,43.0,29.8,4.05,,5.55,,,180.5,133.4,137.1,261.8,253.0,1675.0,1364.0,4818.0,,39.2,39.4,54.3,42.0
1983-05-01,29.0,,43.0,29.6,4.05,,5.55,,,171.5,133.9,135.7,259.9,252.0,1766.0,1453.0,5032.0,,40.9,39.2,55.7,42.3
1983-06-01,29.0,,43.0,30.2,4.05,,5.55,,,158.5,135.0,132.3,249.1,243.0,1701.0,1466.0,4883.0,,38.1,40.0,55.4,42.7
1983-07-01,29.0,,34.8,30.8,4.05,,5.55,,,157.5,140.6,135.3,241.5,263.0,1704.0,1520.0,4804.0,,37.8,40.1,56.5,43.1
1983-08-01,29.0,,34.8,31.1,4.05,,5.55,,,154.5,152.8,145.1,255.0,339.0,1640.0,1604.0,4853.0,,38.7,40.5,61.4,44.5
1983-09-01,29.0,,34.8,30.4,4.05,,5.55,,,160.0,147.8,141.8,278.3,350.0,1561.0,1614.0,4911.0,,38.3,39.8,62.3,44.2
1983-10-01,29.0,,34.8,29.9,4.05,,5.55,,,174.0,148.2,141.5,269.7,329.0,1435.0,1566.0,4674.0,,35.1,39.2,62.4,43.7
1983-11-01,29.0,,32.0,29.2,4.05,,5.55,,,188.5,147.0,139.6,264.2,324.0,1389.0,1517.0,4585.0,,33.3,38.4,61.7,42.9
1983-12-01,29.0,,29.3,29.0,4.05,,5.55,,,190.0,143.3,141.7,251.0,311.0,1415.0,1549.0,4657.0,,34.1,38.0,61.8,42.7
1984-01-01,26.2,,29.3,29.6,3.76,,5.24,,,191.5,141.9,140.0,237.8,305.0,1376.0,1549.0,4671.0,,32.1,38.6,63.2,43.4
1984-02-01,26.2,,29.3,29.9,3.76,,5.24,,,204.0,137.0,133.3,227.9,293.0,1430.0,1491.0,4640.0,,33.9,39.0,62.3,43.4
1984-03-01,26.2,,29.3,30.1,3.76,,5.24,,,201.0,147.1,142.7,234.1,314.0,1501.0,1456.0,4781.0,,34.9,39.1,63.7,43.9
1984-04-01,26.2,,29.3,30.1,3.76,,5.24,,,198.5,148.0,148.1,235.3,315.0,1533.0,1370.0,4912.0,,33.7,39.1,64.3,43.9
1984-05-01,26.2,,29.3,29.9,3.76,,5.24,,,171.5,146.1,144.3,234.3,338.0,1421.0,1289.0,4811.0,,33.2,38.9,65.9,43.9
1984-06-01,26.2,,31.8,29.2,3.76,,5.24,,,156.0,147.0,136.3,235.3,308.0,1367.0,1275.0,4773.0,,33.0,38.3,62.8,42.8
1984-07-01,26.2,,31.8,27.9,3.76,,5.24,,,163.5,142.6,133.7,248.8,270.0,1331.0,1163.0,4640.0,,29.8,36.9,58.0,40.7
1984-08-01,26.2,,31.8,28.1,3.76,,5.24,,,170.5,138.8,137.5,252.0,261.0,1338.0,1136.0,4736.0,,29.9,37.2,57.1,40.7
1984-09-01,26.2,,31.8,28.4,3.76,,5.24,,,168.0,130.4,140.8,236.5,245.0,1294.0,1012.0,4706.0,,29.1,37.3,56.9,40.5
1984-10-01,26.2,,31.8,27.8,3.76,,5.24,,,166.0,121.2,141.3,231.6,245.0,1273.0,1028.0,4750.0,,29.2,36.8,55.6,39.9
1984-11-01,26.2,,32.8,27.7,3.76,,5.24,,,160.5,117.4,143.5,211.7,250.0,1345.0,1152.0,4748.0,,29.4,36.7,54.5,39.8
1984-12-01,26.2,,33.8,27.0,3.76,,5.24,,,156.5,114.0,141.4,204.6,241.0,1321.0,1095.0,4859.0,,27.1,35.9,52.9,38.8
1985-01-01,26.6,,33.8,27.0,3.65,,5.23,,,158.5,119.0,147.6,206.8,243.0,1359.0,1075.0,4947.0,,25.5,35.9,52.6,38.8
1985-02-01,26.6,,33.8,28.2,3.65,,5.23,,,156.0,119.8,140.5,200.9,239.0,1389.0,1098.0,5051.0,,25.2,37.3,52.4,39.7
1985-03-01,26.6,,33.8,28.1,3.65,,5.23,,,179.5,120.2,140.9,200.0,241.0,1390.0,1095.0,5212.0,,26.1,37.1,53.0,39.6
1985-04-01,26.6,,33.8,27.9,3.65,,5.23,,,179.5,120.1,139.1,202.9,243.0,1502.0,1106.0,5490.0,,27.4,36.9,53.2,39.6
1985-05-01,26.6,,33.8,26.7,3.65,,5.23,,,154.0,116.7,122.7,202.9,231.0,1531.0,1105.0,5604.0,,26.5,35.5,51.5,38.3
1985-06-01,26.6,,33.8,26.5,3.65,,5.23,,,151.5,116.0,123.2,202.9,227.0,1432.0,1032.0,5553.0,,26.5,35.3,50.2,37.8
1985-07-01,26.6,,33.8,26.6,3.65,,5.23,,,151.0,114.9,117.8,191.1,223.0,1475.0,1012.0,5091.0,,26.3,35.4,48.8,37.5
1985-08-01,26.6,,33.8,27.2,3.65,,5.23,,,155.5,105.5,111.8,191.1,211.0,1420.0,1019.0,4908.0,,27.4,35.9,47.9,37.6
1985-09-01,26.6,,33.8,27.2,3.65,,5.23,,,154.0,101.9,111.2,191.1,207.0,1366.0,985.0,4570.0,,26.9,35.8,47.0,37.3
1985-10-01,26.6,,33.8,27.9,3.65,,5.23,,,151.0,98.6,121.0,191.1,205.0,1385.0,971.0,4240.0,,27.2,36.6,46.9,37.7
1985-11-01,26.6,,33.8,29.1,3.65,,5.23,,,149.0,106.2,131.7,191.1,210.0,1370.0,950.0,4035.0,,26.8,37.8,48.2,38.7
1985-12-01,26.6,,33.8,25.9,3.65,,5.23,,,146.5,107.9,136.6,191.1,213.0,1391.0,1039.0,4090.0,,26.6,34.3,50.6,37.0
1986-01-01,26.3,,33.8,25.8,3.65,,4.1,,,145.5,107.8,135.4,220.6,221.0,1418.0,1119.0,4035.0,,28.5,34.1,52.0,37.3
1986-02-01,26.3,,33.8,17.6,3.65,,4.1,,,143.0,103.2,136.1,212.0,216.0,1406.0,1115.0,3988.0,,27.8,25.4,50.9,31.1
1986-03-01,26.3,,30.8,13.9,3.65,,4.1,,,148.0,100.9,139.5,197.3,217.0,1445.0,1168.0,4123.0,,28.1,21.1,51.2,28.5
1986-04-01,26.3,,30.8,12.5,3.65,,4.1,,,149.0,101.3,139.7,186.2,213.0,1435.0,1164.0,3999.0,,27.4,19.6,50.3,27.2
1986-05-01,26.3,,30.8,14.2,3.65,,4.1,,,148.0,105.6,119.2,181.3,215.0,1419.0,1164.0,4043.0,,27.4,21.3,48.9,28.0
1986-06-01,26.3,,30.8,11.9,3.65,,4.1,,,140.5,103.5,99.6,181.3,213.0,1413.0,1183.0,4087.0,,27.5,18.6,46.6,25.8
1986-07-01,26.3,,30.8,9.5,3.65,,4.1,,,135.5,83.0,100.1,181.3,209.0,1344.0,1123.0,3911.0,,27.7,16.0,45.4,23.7
1986-08-01,26.3,,30.8,13.7,3.65,,4.1,,,135.5,72.3,100.3,185.8,202.0,1303.0,1129.0,3807.0,,29.9,20.4,45.1,26.6
1986-09-01,26.3,,30.8,14.2,3.65,,4.1,,,129.5,65.7,102.3,173.5,195.0,1347.0,1206.0,3724.0,,33.1,21.0,46.3,27.3
1986-10-01,26.3,,30.8,13.8,3.65,,4.1,,,134.5,65.3,114.8,174.8,197.0,1317.0,1162.0,3644.0,,33.4,20.5,46.3,26.9
1986-11-01,26.3,,30.8,14.6,3.65,,4.1,,,127.0,72.4,118.1,174.0,204.0,1303.0,1132.0,3642.0,,31.5,21.4,46.3,27.4
1986-12-01,26.3,,29.3,15.9,3.65,,4.1,,,122.0,69.6,115.7,167.0,199.0,1336.0,1133.0,3572.0,,30.8,22.7,45.9,28.3
1987-01-01,25.3,,29.3,18.4,2.59,,3.35,,,140.0,67.9,117.4,172.0,200.0,1346.0,1171.0,3525.0,,32.2,24.8,47.0,29.9
1987-02-01,25.3,,29.3,17.3,2.59,,3.35,,,161.0,66.1,115.7,186.0,198.0,1380.0,1283.0,3717.0,,31.7,23.6,47.2,29.3
1987-03-01,25.3,,29.3,17.9,2.59,,3.35,,,165.0,71.6,116.5,198.3,199.0,1466.0,1367.0,3772.0,,32.4,24.2,46.8,29.8
1987-04-01,25.3,,24.8,18.1,2.59,,3.35,,,157.5,74.9,113.1,199.4,207.0,1484.0,1401.0,3898.0,,35.9,24.2,47.7,30.1
1987-05-01,25.3,,24.8,18.8,2.59,,3.35,,,151.5,81.8,115.8,197.5,221.0,1520.0,1412.0,4436.0,,38.4,24.8,49.4,31.0
1987-06-01,25.3,,24.8,18.9,2.59,,3.35,,,149.0,80.7,102.2,192.8,228.0,1572.0,1472.0,4436.0,,36.7,24.9,48.8,31.0
1987-07-01,25.3,,27.0,19.8,2.59,,3.35,,,159.5,76.4,100.6,190.8,222.0,1695.0,1653.0,4753.0,,36.9,26.0,48.1,31.9
1987-08-01,25.3,,27.0,19.0,2.59,,3.35,,,167.0,71.7,101.7,204.0,215.0,1756.0,1810.0,5307.0,,37.9,25.1,48.4,31.6
1987-09-01,25.3,,27.0,18.4,2.59,,3.35,,,167.5,73.6,110.1,258.0,214.0,1811.0,1746.0,5333.0,,37.6,24.4,51.4,31.7
1987-10-01,25.3,,27.0,18.8,2.59,,3.35,,,163.0,78.9,113.5,266.8,217.0,1967.0,1963.0,5692.0,,37.9,24.9,51.9,32.5
1987-11-01,25.3,,29.0,17.8,2.59,,3.35,,,165.0,81.7,113.7,254.3,228.0,2524.0,1681.0,5937.0,,37.1,24.0,53.8,32.3
1987-12-01,25.3,,31.0,17.1,2.59,,3.35,,,174.0,83.2,124.9,255.6,240.0,2869.0,1824.0,7661.0,,38.3,23.4,54.6,32.5
1988-01-01,24.3,,31.0,16.9,2.36,,3.34,,,189.0,85.9,126.2,291.5,254.0,2663.0,2002.0,8073.0,,37.6,23.4,55.6,32.9
1988-02-01,24.3,,31.0,15.8,2.36,,3.34,,,194.5,88.0,125.3,306.3,254.0,2330.0,2138.0,8667.0,,35.0,22.0,53.8,31.6
1988-03-01,24.3,,33.0,14.8,2.36,,3.34,,,189.0,90.2,118.2,294.0,257.0,2359.0,2526.0,15497.0,,35.2,20.9,53.5,31.6
1988-04-01,24.3,,33.0,16.6,2.36,,3.34,,,194.5,89.5,122.9,288.0,270.0,2286.0,2508.0,18012.0,,35.8,22.7,54.2,33.0
1988-05-01,24.3,,33.0,16.4,2.36,,3.34,,,175.5,89.3,124.4,257.0,285.0,2448.0,2988.0,17025.0,,35.9,22.4,55.3,33.7
1988-06-01,24.3,,36.0,15.6,2.36,,3.34,,,166.5,120.3,139.6,271.5,353.0,2540.0,3578.0,15590.0,,36.4,21.7,60.8,35.2
1988-07-01,24.3,,36.0,14.9,2.36,,3.34,,,177.0,125.5,138.9,271.8,351.0,2214.0,2582.0,14591.0,,35.5,21.0,60.5,33.2
1988-08-01,24.3,,36.0,15.0,2.36,,3.34,,,176.5,119.9,145.9,271.6,342.0,2201.0,2701.0,14187.0,,34.8,21.1,57.2,32.8
1988-09-01,24.3,,37.0,13.3,2.36,,3.34,,,173.5,121.4,153.3,273.3,337.0,2436.0,2387.0,11878.0,,33.3,19.3,57.8,31.3
1988-10-01,24.3,,37.0,12.5,2.36,,3.34,,,174.5,121.4,162.9,273.0,313.0,2940.0,2309.0,11558.0,,32.8,18.6,57.5,31.0
1988-11-01,24.3,,37.5,13.0,2.36,,3.34,,,173.0,114.4,162.3,271.8,313.0,3305.0,2382.0,13342.0,,33.8,19.3,57.4,31.8
1988-12-01,24.3,,38.0,15.2,2.36,,3.34,,,178.5,116.9,168.9,260.0,313.0,3499.0,2503.0,16920.0,,33.5,21.8,58.2,34.0
1989-01-01,27.8,,38.0,17.0,2.09,,3.28,,,181.0,118.2,172.6,264.8,318.0,3394.0,2398.0,17725.0,,32.4,23.5,57.6,34.9
1989-02-01,27.8,,38.0,16.7,2.09,,3.28,,,178.5,117.4,164.2,269.3,307.0,3097.0,2183.0,18524.0,,31.2,23.0,57.5,34.2
1989-03-01,27.8,,38.0,18.7,2.09,,3.28,,,176.5,118.4,168.6,278.5,313.0,3264.0,2074.0,17157.0,,31.5,24.9,59.1,35.7
1989-04-01,27.8,,38.0,19.8,2.09,,3.28,,,167.5,115.7,161.4,293.0,297.0,3118.0,2126.0,15261.0,,31.0,26.1,59.1,36.4
1989-05-01,27.8,,38.0,18.4,2.09,,3.28,,,152.5,117.6,162.6,310.3,297.0,2739.0,2259.0,13454.0,,29.7,24.8,59.3,35.4
1989-06-01,27.8,,38.0,17.5,2.09,,3.28,,,142.5,113.0,151.9,327.2,291.0,2546.0,1914.0,12143.0,,29.3,23.9,59.4,34.3
1989-07-01,27.8,,38.0,17.8,2.09,,3.28,,,137.5,108.7,152.4,350.5,272.0,2505.0,1756.0,12275.0,,29.7,24.1,58.2,33.9
1989-08-01,27.8,,38.0,17.1,2.09,,3.28,,,144.0,100.9,153.4,332.2,236.0,2762.0,1798.0,12910.0,,29.0,23.3,56.0,33.1
1989-09-01,27.8,,38.0,17.8,2.09,,3.28,,,156.0,103.4,157.3,319.8,237.0,2884.0,1718.0,11222.0,,28.8,24.0,56.2,33.5
1989-10-01,27.8,,38.0,19.0,2.09,,3.28,,,148.0,107.3,160.5,304.0,238.0,2861.0,1820.0,10425.0,,29.1,25.4,56.2,34.5
1989-11-01,27.8,,38.0,19.2,2.09,,3.28,,,142.0,108.5,163.9,268.5,246.0,2591.0,1736.0,9793.0,,31.2,25.9,55.6,34.4
1989-12-01,27.8,,38.0,19.9,2.09,,3.28,,,137.5,109.2,166.5,272.0,248.0,2419.0,1633.0,8809.0,,32.3,27.1,55.1,34.8
1990-01-01,32.5,,38.0,21.0,2.82,,3.64,,,138.5,105.6,163.0,276.2,242.0,2367.0,1528.0,7056.0,,32.0,28.9,55.6,35.9
1990-02-01,32.5,,38.0,19.9,2.82,,3.64,,,139.8,106.1,155.5,300.0,240.0,2360.0,1454.0,6977.0,,32.5,27.1,55.8,34.7
1990-03-01,32.5,,38.0,18.5,2.82,,3.64,,,146.0,109.7,153.3,289.3,242.0,2626.0,1567.0,9267.0,,30.7,25.1,56.2,33.9
1990-04-01,32.5,,38.0,16.8,2.82,,3.64,,,155.2,118.8,150.7,275.8,247.0,2686.0,1526.0,8940.0,,29.5,23.2,56.6,32.7
1990-05-01,32.5,,40.5,16.7,2.82,,3.64,,,149.1,121.0,133.5,260.0,259.0,2742.0,1527.0,8698.0,,29.2,23.3,56.0,32.7
1990-06-01,32.5,,40.5,15.7,2.82,,3.64,,,152.8,120.9,130.5,255.0,249.0,2585.0,1566.0,8422.0,,28.0,22.2,54.9,31.6
1990-07-01,32.5,,40.5,17.6,2.82,,3.64,,,160.7,114.9,119.6,256.4,252.0,2769.0,1571.0,9318.0,,28.6,24.1,54.9,33.0
1990-08-01,32.5,,40.5,27.1,2.82,,3.64,,,160.5,110.1,115.1,259.5,250.0,2957.0,1782.0,10957.0,,30.8,34.1,54.4,40.1
1990-09-01,32.5,,40.5,34.1,2.82,,3.64,,,165.9,101.5,108.5,260.8,250.0,3031.0,2067.0,10844.0,,30.2,41.7,54.4,45.5
1990-10-01,32.5,,40.5,36.1,2.82,,3.64,,,165.7,100.3,104.8,281.4,247.0,2744.0,1946.0,9145.0,,29.2,44.1,54.4,46.8
1990-11-01,32.5,,40.5,33.0,2.82,,3.64,,,163.4,100.4,106.4,272.3,239.0,2586.0,1618.0,8587.0,,29.0,41.4,53.7,44.3
1990-12-01,32.5,,40.5,28.0,2.82,,3.64,,,158.6,102.0,108.4,263.8,244.0,2485.0,1522.0,8158.0,,28.6,36.1,53.8,40.6
1991-01-01,34.8,,40.5,23.7,3.44,,3.99,,,157.4,105.7,107.1,303.4,239.0,2449.0,1515.0,8569.0,,29.0,31.3,54.1,37.4
1991-02-01,34.8,,40.5,19.4,3.41,,3.99,,,160.6,106.1,106.4,327.3,241.0,2449.0,1505.0,8672.0,,27.4,26.3,54.6,34.2
1991-03-01,34.8,,39.5,19.5,3.33,,3.99,,,163.6,109.5,116.2,311.5,244.0,2410.0,1496.0,8701.0,,27.6,26.3,55.2,34.2
1991-04-01,34.8,,39.5,19.3,3.47,,3.99,,,166.0,110.3,117.1,285.8,245.0,2472.0,1392.0,9021.0,,27.3,26.1,54.6,33.9
1991-05-01,34.8,,39.5,19.3,3.37,,3.99,,,165.3,105.7,115.6,288.3,241.0,2306.0,1296.0,8452.0,,27.3,26.1,53.5,33.4
1991-06-01,34.8,,39.5,18.2,3.29,,3.99,,,159.3,104.2,118.2,293.3,241.0,2219.0,1275.0,8280.0,,28.2,24.7,53.9,32.5
1991-07-01,34.8,,39.5,19.5,3.0,,3.99,,,163.5,105.1,116.2,303.4,229.0,2236.0,1297.0,8541.0,,28.2,25.9,53.4,33.2
1991-08-01,34.8,,39.5,19.8,2.98,,3.99,,,161.9,110.4,127.1,298.3,241.0,2233.0,1256.0,8145.0,,27.1,26.4,54.3,33.6
1991-09-01,34.8,,39.5,20.5,2.97,,3.99,,,159.5,108.9,137.6,291.5,246.0,2325.0,1212.0,7681.0,,26.7,27.6,54.7,34.5
1991-10-01,34.8,,39.5,22.2,2.71,,3.99,,,155.0,109.7,147.2,276.6,237.0,2364.0,1150.0,7443.0,,27.4,29.4,54.8,35.7
1991-11-01,34.8,,39.5,21.3,2.7,,3.99,,,143.5,106.5,147.0,271.8,237.0,2380.0,1135.0,7245.0,,27.4,28.5,54.4,34.9
1991-12-01,34.8,,39.5,18.4,2.7,,3.99,,,143.5,106.9,157.8,268.4,234.0,2223.0,1098.0,7118.0,,27.4,25.6,54.3,32.9
1992-01-01,33.1,,39.5,18.2,2.57,,3.6,,,145.3,109.3,167.3,277.3,236.0,2139.0,1177.0,7517.0,,27.1,24.4,55.0,32.2
1992-02-01,33.1,,39.5,18.1,2.5,,3.51,,,147.9,113.6,170.1,278.3,237.0,2206.0,1267.0,7862.0,,27.1,24.2,54.7,32.2
1992-03-01,33.1,,39.5,17.6,2.58,,3.59,,,144.8,117.0,161.4,277.2,240.0,2227.0,1280.0,7418.0,,26.5,23.8,54.7,32.0
1992-04-01,33.1,,39.5,19.0,2.47,,3.53,,,142.8,108.5,153.1,278.0,235.0,2215.0,1317.0,7421.0,,26.0,25.4,53.9,33.0
1992-05-01,33.1,,39.5,19.9,2.49,,3.47,,,140.5,109.6,139.7,274.0,247.0,2217.0,1307.0,7327.0,,26.0,26.6,54.1,33.8
1992-06-01,33.1,,39.5,21.2,2.5,,3.49,,,143.5,110.9,140.4,268.8,253.0,2299.0,1276.0,7193.0,,26.2,27.9,54.3,34.7
1992-07-01,33.1,,39.5,20.3,2.55,,3.61,,,146.0,102.8,129.9,278.5,237.0,2520.0,1313.0,7498.0,,26.9,27.2,53.8,34.3
1992-08-01,33.1,,39.5,19.8,2.56,,3.65,,,131.4,97.0,118.8,270.8,229.0,2522.0,1305.0,7268.0,,26.1,27.0,53.5,34.1
1992-09-01,33.1,,39.5,20.3,2.57,,3.63,,,131.3,98.1,131.5,257.0,227.0,2414.0,1270.0,6918.0,,26.2,28.0,53.1,34.6
1992-10-01,33.1,,37.3,20.3,2.63,,3.7,,,130.1,95.1,137.4,250.0,221.0,2249.0,1174.0,6305.0,,26.1,28.1,52.2,34.1
1992-11-01,33.1,,35.0,19.2,2.64,,3.65,,,126.4,94.5,145.8,252.6,229.0,2158.0,1159.0,5565.0,,25.5,26.6,52.8,33.1
1992-12-01,33.1,,35.0,18.2,2.64,,3.71,,,124.6,94.6,146.3,256.3,235.0,2207.0,1207.0,5724.0,,25.5,25.4,52.8,32.4
1993-01-01,29.1,,35.0,17.4,2.76,,3.64,,,123.8,94.2,156.9,259.8,239.0,2257.0,1207.0,5931.0,,25.1,24.3,53.7,31.8
1993-02-01,29.1,,31.0,18.5,2.74,,3.61,,,120.3,94.4,149.4,254.3,236.0,2213.0,1202.0,6039.0,,25.1,24.9,54.2,32.3
1993-03-01,29.1,,31.0,18.8,2.75,,3.59,,,115.1,97.1,145.5,230.2,238.0,2153.0,1151.0,5971.0,,25.1,25.9,54.9,33.0
1993-04-01,29.1,,31.0,18.7,2.68,,3.62,,,112.8,100.6,156.3,206.3,244.0,1950.0,1109.0,5972.0,,26.2,26.0,56.0,33.1
1993-05-01,29.1,,31.0,18.5,2.68,,3.57,,,115.1,98.6,140.1,184.8,246.0,1795.0,1124.0,5763.0,,28.3,25.6,57.8,33.1
1993-06-01,29.1,,31.0,17.7,2.68,,3.54,,,113.9,92.8,112.3,189.0,245.0,1853.0,1165.0,5532.0,,28.5,24.4,56.7,32.2
1993-07-01,29.1,,31.0,16.8,2.66,,3.54,,,112.9,101.3,116.8,200.8,287.0,1927.0,1202.0,5036.0,,30.4,23.6,58.8,32.2
1993-08-01,29.1,,31.0,16.7,2.65,,3.49,,,113.1,100.3,119.6,209.0,274.0,1947.0,1172.0,4722.0,,29.4,23.8,58.6,32.2
1993-09-01,29.1,,31.0,16.0,2.62,,3.48,,,116.9,100.9,115.7,206.0,260.0,1862.0,1115.0,4353.0,,27.3,23.0,58.5,31.5
1993-10-01,29.1,,31.0,16.6,2.62,,3.39,,,129.5,106.5,127.9,256.8,249.0,1646.0,1087.0,4449.0,,28.0,23.3,58.6,31.6
1993-11-01,29.1,,31.0,15.2,2.62,,3.36,,,140.4,116.7,136.4,307.8,267.0,1630.0,1040.0,4634.0,,28.8,22.1,59.6,31.0
1993-12-01,29.1,,31.0,13.6,2.6,,3.25,,,150.4,121.8,140.5,320.5,276.0,1724.0,1094.0,5119.0,,29.8,20.5,60.7,30.3
1994-01-01,26.5,,31.0,14.3,2.47,,3.12,,,150.0,127.2,152.7,356.0,282.0,1805.0,1175.0,5578.0,,30.2,21.1,60.8,30.9
1994-02-01,26.5,,31.0,13.8,2.36,,3.19,,,151.8,123.2,144.2,343.8,273.0,1866.0,1270.0,5825.0,,30.0,21.1,61.0,31.1
1994-03-01,26.5,,29.5,14.0,2.36,,3.15,,,155.9,119.4,133.5,269.8,274.0,1915.0,1289.0,5588.0,,30.3,20.5,60.8,30.7
1994-04-01,26.5,,29.5,15.2,2.36,,3.07,,,162.3,113.2,130.0,269.3,261.0,1882.0,1279.0,5408.0,,29.8,21.6,61.0,31.4
1994-05-01,26.5,,31.4,16.2,2.36,,3.06,,,159.2,109.6,125.3,233.0,256.0,2151.0,1323.0,6087.0,,30.1,22.6,62.8,32.7
1994-06-01,26.5,,33.6,16.8,2.36,,3.1,,,157.6,112.2,120.2,213.8,265.0,2364.0,1401.0,6282.0,,30.4,23.3,63.8,33.6
1994-07-01,26.5,,33.1,17.6,2.42,,3.14,,,158.6,97.8,119.5,226.3,237.0,2458.0,1492.0,6227.0,,30.3,24.3,66.3,35.0
1994-08-01,26.5,,33.1,16.8,2.46,,3.24,,,161.1,96.0,128.2,252.6,232.0,2406.0,1455.0,5860.0,,29.9,23.1,66.5,34.1
1994-09-01,26.5,,33.1,15.9,2.48,,3.28,,,164.0,97.5,142.1,259.8,233.0,2506.0,1569.0,6365.0,,30.9,21.9,67.9,33.8
1994-10-01,26.5,,33.1,16.4,2.56,,3.26,,,167.1,96.5,157.4,262.0,227.0,2548.0,1698.0,6748.0,,30.7,22.5,65.7,34.0
1994-11-01,26.5,,33.1,17.2,2.57,,3.26,,,165.9,95.5,152.4,264.5,239.0,2802.0,1893.0,7556.0,,30.1,23.4,65.7,35.1
1994-12-01,26.5,,36.1,16.0,2.56,,3.29,,,171.7,102.5,157.3,260.5,243.0,2985.0,1878.0,8556.0,,29.4,22.4,66.1,34.6
1995-01-01,28.4,,37.1,16.6,2.66,,3.36,,,188.2,107.0,153.0,276.8,243.0,3009.0,2061.0,9593.0,,29.4,23.0,66.2,35.4
1995-02-01,28.4,,37.6,17.1,2.66,,3.4,,,198.6,106.7,149.7,280.5,238.0,2878.0,1916.0,8505.0,,29.2,23.6,67.0,35.7
1995-03-01,28.4,,38.4,17.0,2.65,,3.46,,,205.6,109.7,143.1,286.3,246.0,2924.0,1805.0,7532.0,,29.5,23.5,67.0,35.5
1995-04-01,28.4,,37.1,18.7,2.71,,3.45,,,204.5,109.3,140.7,281.5,249.0,2904.0,1849.0,7398.0,,30.9,25.3,66.6,36.7
1995-05-01,28.4,,38.8,18.4,2.71,,3.53,,,197.8,112.0,143.3,291.0,250.0,2773.0,1763.0,7232.0,,30.6,25.1,66.6,36.3
1995-06-01,28.4,,40.8,17.4,2.73,,3.56,,,185.6,119.9,153.5,326.0,252.0,2995.0,1780.0,7872.0,,30.5,24.1,66.4,35.7
1995-07-01,28.4,,41.1,15.9,2.8,,3.48,,,180.8,127.0,173.4,345.6,261.0,3076.0,1860.0,8597.0,,30.3,22.3,67.5,34.9
1995-08-01,28.4,,40.9,16.1,2.8,,3.46,,,185.3,126.4,168.5,339.5,257.0,3037.0,1888.0,8945.0,,30.3,22.7,66.6,35.0
1995-09-01,28.4,,40.9,16.8,2.78,,3.46,,,192.0,130.5,185.6,359.8,266.0,2916.0,1761.0,8405.0,,30.3,23.6,66.2,35.2
1995-10-01,28.4,,41.0,16.1,2.75,,3.45,,,204.8,140.9,194.0,382.6,271.0,2814.0,1674.0,8062.0,,30.2,23.0,67.3,34.9
1995-11-01,28.4,,39.6,16.9,2.75,,3.41,,,224.9,144.0,198.3,340.5,282.0,2977.0,1654.0,8506.0,,30.3,24.1,67.8,35.8
1995-12-01,28.4,,39.4,18.0,2.73,,3.37,,,229.2,148.7,205.3,341.5,296.0,2926.0,1657.0,8091.0,,30.3,26.1,67.2,37.0
1996-01-01,30.0,,39.4,17.9,2.75,,3.43,,,226.3,156.1,197.0,369.2,305.0,2616.0,1589.0,7862.0,,31.3,26.4,67.3,37.0
1996-02-01,30.0,,39.3,18.0,2.77,,3.48,,,225.9,164.8,204.0,368.0,299.0,2538.0,1592.0,8216.0,,31.9,28.4,68.6,38.5
1996-03-01,30.0,,39.0,20.0,2.67,,3.47,,,221.0,184.9,205.5,359.5,295.0,2561.0,1612.0,8022.0,,31.2,28.5,68.5,38.7
1996-04-01,30.0,,39.3,21.0,3.1,,3.56,,,210.8,190.4,247.5,327.2,316.0,2596.0,1587.0,8043.0,,30.9,28.9,71.3,39.7
1996-05-01,30.0,,38.2,19.1,2.81,,3.6,,,186.1,204.0,213.4,332.3,322.0,2658.0,1589.0,8027.0,,30.8,26.7,72.3,38.4
1996-06-01,30.0,,38.2,18.3,2.81,,3.6,,,182.1,197.6,180.6,341.5,308.0,2173.0,1482.0,7709.0,,30.1,26.2,70.6,37.3
1996-07-01,30.0,,38.4,19.6,2.78,,3.61,,,188.0,197.8,181.1,358.0,312.0,1986.0,1459.0,7204.0,,29.9,27.6,69.6,37.9
1996-08-01,30.0,,38.4,20.6,2.79,,3.68,,,189.9,185.5,175.0,335.5,317.0,2009.0,1463.0,7054.0,,30.2,28.0,69.0,38.1
1996-09-01,30.0,,38.1,22.6,2.79,,3.68,,,186.7,145.4,169.7,328.4,319.0,1941.0,1407.0,7318.0,,29.9,29.9,67.3,38.9
1996-10-01,30.0,,37.6,24.2,2.94,,3.79,,,183.8,127.9,158.4,312.8,290.0,1961.0,1336.0,7031.0,,29.6,32.3,65.2,39.9
1996-11-01,30.0,,35.7,22.6,2.96,,4.03,,,188.3,117.7,158.2,315.0,286.0,2231.0,1450.0,6943.0,,29.3,31.5,64.9,39.6
1996-12-01,30.0,,35.4,23.9,2.96,,4.08,,,188.5,117.7,158.6,319.2,289.0,2268.0,1500.0,6581.0,,28.7,33.9,64.5,41.2
1997-01-01,30.2,,35.2,23.5,2.89,,4.13,,,188.0,118.4,154.0,356.0,301.0,2435.0,1576.0,7072.0,,27.8,32.7,66.5,41.0
1997-02-01,30.2,,34.6,20.8,2.89,,4.22,,,187.4,121.7,143.6,347.0,308.0,2406.0,1580.0,7735.0,,27.5,28.4,68.0,38.5
1997-03-01,30.2,,34.5,19.2,2.83,,4.25,,,187.4,127.6,153.8,323.4,332.0,2421.0,1632.0,7896.0,,28.0,26.3,70.0,37.5
1997-04-01,30.2,,35.4,17.5,2.77,,4.07,,,188.5,124.4,158.6,304.5,338.0,2391.0,1561.0,7316.0,,27.1,24.6,69.5,36.2
1997-05-01,30.2,,35.7,19.1,2.74,,4.03,,,188.5,118.8,152.7,324.5,298.0,2514.0,1625.0,7483.0,,27.1,26.6,69.7,37.7
1997-06-01,30.2,,34.5,17.6,2.76,,4.03,,,187.0,112.1,131.6,323.2,278.0,2613.0,1568.0,7062.0,,27.0,24.8,67.5,36.0
1997-07-01,30.2,,35.0,18.4,2.67,,3.89,,,186.9,106.1,127.8,320.0,306.0,2450.0,1592.0,6836.0,,25.5,25.7,65.0,36.0
1997-08-01,30.2,,36.9,18.7,2.67,,3.69,,,186.6,112.9,140.9,285.0,265.0,2251.0,1711.0,6761.0,,25.7,26.5,64.1,36.4
1997-09-01,30.2,,37.2,18.5,2.7,,3.69,,,186.6,112.2,143.2,270.6,269.0,2107.0,1611.0,6504.0,,25.8,26.7,63.6,36.2
1997-10-01,30.2,,37.2,19.9,2.63,,3.62,,,186.0,120.4,143.7,265.8,278.0,2052.0,1608.0,6380.0,,26.2,28.4,62.4,37.0
1997-11-01,30.2,,33.6,19.0,2.66,,3.68,,,185.5,117.2,138.2,252.5,288.0,1917.0,1599.0,6140.0,,25.0,27.3,62.4,36.1
1997-12-01,30.2,,31.4,17.0,2.65,,3.6,,,185.5,113.5,135.7,269.7,284.0,1762.0,1531.0,5945.0,,24.6,24.2,61.6,33.7
1998-01-01,31.0,,31.4,15.1,2.65,,3.54,,,184.0,114.7,130.2,288.0,273.0,1688.0,1486.0,5492.0,,24.7,21.9,60.2,31.7
1998-02-01,31.0,,33.4,14.1,2.63,,3.43,,,183.5,113.4,127.3,297.3,273.0,1665.0,1466.0,5387.0,,26.1,21.0,61.3,31.3
1998-03-01,31.0,,31.9,13.1,2.61,,3.44,,,183.5,114.2,129.9,296.0,265.0,1748.0,1438.0,5396.0,,25.5,19.9,59.9,30.3
1998-04-01,31.0,,31.2,13.4,2.54,,3.19,,,185.0,107.1,118.3,311.5,259.0,1801.0,1418.0,5394.0,,26.4,20.4,60.3,30.7
1998-05-01,31.0,,30.3,14.4,2.51,,3.0,,,186.5,106.1,112.3,318.3,247.0,1733.0,1365.0,5020.0,,25.0,21.0,58.8,30.7
1998-06-01,31.0,,30.0,12.1,2.5,,3.0,,,189.2,104.2,107.2,325.5,242.0,1661.0,1307.0,4476.0,,24.2,18.6,56.5,28.4
1998-07-01,31.0,,30.0,12.0,2.4,,2.84,,,190.5,100.5,96.8,324.3,238.0,1651.0,1309.0,4325.0,,24.5,18.4,55.7,28.1
1998-08-01,31.0,,26.2,11.9,2.37,,2.79,,,190.5,87.9,92.9,321.4,219.0,1621.0,1311.0,4081.0,,23.7,17.7,54.4,27.3
1998-09-01,31.0,,27.1,13.4,2.33,,2.74,,,190.5,86.3,96.3,321.3,216.0,1648.0,1342.0,4102.0,,23.8,19.5,54.7,28.6
1998-10-01,31.0,,27.1,12.6,2.17,,2.76,,,189.6,95.5,107.6,298.8,223.0,1586.0,1304.0,3872.0,,24.2,18.4,55.1,27.9
1998-11-01,31.0,,26.1,10.9,2.15,,2.78,,,186.7,98.1,115.3,270.0,234.0,1574.0,1295.0,4132.0,,24.1,16.9,56.0,27.0
1998-12-01,31.0,,26.1,9.8,2.13,,2.72,,,182.8,95.8,104.1,277.8,230.0,1474.0,1249.0,3878.0,,23.8,15.2,54.9,25.5
1999-01-01,27.6,,26.1,11.1,2.02,,2.77,,,181.8,97.4,103.2,299.8,221.0,1431.0,1218.0,4269.0,,23.8,16.6,55.2,26.4
1999-02-01,27.6,,26.1,10.2,2.01,,2.78,,,181.6,94.2,95.0,280.0,205.0,1411.0,1187.0,4626.0,,24.2,15.6,52.7,25.2
1999-03-01,27.6,,26.1,12.5,1.95,,2.78,,,181.8,96.2,100.2,256.2,205.0,1378.0,1182.0,5011.0,,23.8,18.0,51.3,26.5
1999-04-01,27.6,,26.1,15.3,1.87,,2.76,,,180.5,94.1,99.7,235.5,207.0,1466.0,1278.0,5103.0,,23.4,21.4,50.6,28.9
1999-05-01,27.6,,26.1,15.1,1.89,,2.88,,,180.5,92.5,96.6,244.3,199.0,1511.0,1323.0,5399.0,,23.2,21.4,50.3,28.9
1999-06-01,27.6,,26.1,15.8,1.91,,2.93,,,180.5,93.7,92.9,253.8,194.0,1422.0,1315.0,5195.0,,22.0,22.2,49.9,29.2
1999-07-01,27.6,,26.1,19.0,2.0,,2.99,,,177.0,84.0,85.3,259.0,183.0,1640.0,1404.0,5700.0,,21.8,25.7,48.3,31.5
1999-08-01,27.6,,26.1,20.2,2.08,,3.17,,,172.4,85.7,92.8,244.5,199.0,1648.0,1431.0,6449.0,,22.0,27.6,49.3,33.1
1999-09-01,27.6,,26.1,22.4,2.2,,3.35,,,164.4,86.5,102.1,229.3,207.0,1750.0,1492.0,7028.0,,22.5,29.7,50.2,34.9
1999-10-01,27.6,,25.6,22.0,2.47,,3.57,,,157.0,85.8,98.7,217.0,203.0,1724.0,1474.0,7321.0,,25.7,29.6,50.1,34.7
1999-11-01,27.6,,25.1,24.6,2.51,,3.73,,,148.3,85.4,96.9,228.0,198.0,1728.0,1473.0,7950.0,,24.3,31.9,50.0,36.3
1999-12-01,27.6,,25.1,25.6,2.66,,3.94,,,147.5,87.2,92.1,233.8,199.0,1765.0,1554.0,8083.0,,23.7,33.1,49.9,37.2
2000-01-01,28.8,,25.1,25.4,3.36,,4.15,,,147.2,93.3,98.6,241.4,208.0,1844.0,1680.0,8310.0,,23.8,33.3,50.3,37.7
2000-02-01,28.8,,25.1,27.7,3.46,,4.21,,,144.5,95.2,100.1,241.0,214.0,1801.0,1670.0,9653.0,,25.0,36.1,50.4,39.6
2000-03-01,28.8,,25.1,27.5,3.51,,4.46,,,143.0,95.1,97.2,225.8,221.0,1739.0,1577.0,10280.0,,23.9,36.1,50.0,39.4
2000-04-01,28.8,,25.1,22.5,3.68,,4.64,,,143.0,95.2,95.2,214.8,229.0,1679.0,1457.0,9728.0,,23.5,31.3,50.4,36.0
2000-05-01,28.8,,25.6,27.3,3.55,,4.53,,,143.0,96.4,104.3,198.6,229.0,1786.0,1467.0,10130.0,,23.2,37.1,50.0,39.9
2000-06-01,28.8,,25.6,29.7,3.6,,4.74,,,142.0,84.3,99.3,196.0,211.0,1753.0,1506.0,8411.0,,24.0,40.5,49.1,42.0
2000-07-01,28.8,,25.6,28.5,3.96,,4.86,,,140.3,75.3,91.2,189.0,197.0,1799.0,1564.0,8164.0,,23.7,39.1,47.9,40.9
2000-08-01,28.8,,25.6,29.4,4.01,,4.84,,,148.6,75.6,90.9,186.5,198.0,1856.0,1528.0,8007.0,,23.2,40.6,47.7,41.9
2000-09-01,28.8,,27.2,32.6,4.03,,4.9,,,157.5,80.4,97.9,179.0,209.0,1960.0,1601.0,8638.0,,23.2,45.0,47.5,44.9
2000-10-01,28.8,,27.2,30.9,4.31,,5.04,,,155.9,85.0,104.3,187.5,203.0,1899.0,1500.0,7678.0,,22.9,43.3,47.6,43.5
2000-11-01,28.8,,27.2,32.5,4.39,,5.13,,,153.5,89.2,103.2,185.0,206.0,1795.0,1474.0,7340.0,,22.5,45.7,47.4,45.0
2000-12-01,28.8,,30.8,25.1,4.44,,5.05,,,153.5,97.6,105.0,184.3,217.0,1851.0,1565.0,7314.0,,22.8,42.5,48.1,43.1
2001-01-01,30.0,,32.1,25.6,4.65,,4.88,,,154.5,95.2,110.4,184.4,210.0,1788.0,1616.0,6995.0,,22.5,42.2,48.0,43.0
2001-02-01,30.0,,32.1,27.4,4.59,,4.8,,,159.0,92.0,106.7,184.5,200.0,1766.0,1604.0,6524.0,,22.1,40.7,47.4,41.8
2001-03-01,30.0,,32.6,24.4,4.57,,4.87,,,159.1,90.3,103.5,175.0,195.0,1739.0,1509.0,6134.0,,22.0,36.9,47.2,39.0
2001-04-01,30.0,,33.5,25.6,4.48,,4.73,,,151.3,88.0,101.1,163.8,186.0,1664.0,1497.0,6330.0,,21.9,38.2,46.6,39.7
2001-05-01,30.0,,33.8,28.5,4.36,,4.66,,,142.0,84.1,102.6,164.3,184.0,1682.0,1539.0,7061.0,,22.7,39.9,47.0,41.0
2001-06-01,30.0,,33.9,27.7,4.33,,4.69,,,133.1,83.3,97.4,168.0,188.0,1608.0,1466.0,6641.0,,22.5,38.5,46.8,39.8
2001-07-01,30.0,,34.0,24.5,3.75,,4.66,,,135.0,91.7,108.0,169.4,208.0,1525.0,1416.0,5937.0,,22.1,34.0,48.8,37.1
2001-08-01,30.0,,33.8,25.7,3.79,,4.54,,,135.0,93.1,105.9,168.3,212.0,1464.0,1377.0,5521.0,,22.2,35.0,48.7,37.7
2001-09-01,30.0,,32.8,25.5,3.79,,4.54,,,135.0,90.1,107.6,173.0,202.0,1426.0,1345.0,5027.0,,23.0,33.8,47.1,36.4
2001-10-01,30.0,,32.4,20.5,3.52,,4.59,,,135.9,86.6,115.0,170.6,187.0,1377.0,1283.0,4825.0,,23.0,28.6,44.9,32.4
2001-11-01,30.0,,29.4,18.9,3.46,,4.38,,,140.5,89.5,116.4,173.5,189.0,1428.0,1327.0,5078.0,,22.3,26.7,46.1,31.4
2001-12-01,30.0,,27.4,18.6,3.4,,4.27,,,141.7,91.9,118.2,179.3,189.0,1472.0,1345.0,5264.0,,22.6,26.2,46.3,31.3
2002-01-01,29.3,,27.4,19.5,3.06,,4.21,,,146.0,92.0,121.7,191.8,188.0,1504.0,1369.0,6043.0,,23.1,26.8,46.6,31.8
2002-02-01,29.3,,28.1,20.3,3.03,,4.12,,,150.3,90.8,113.4,195.3,187.0,1562.0,1369.0,6029.0,,23.9,27.7,46.6,32.4
2002-03-01,29.3,,27.8,23.7,2.97,,3.99,,,149.8,89.6,116.6,189.0,191.0,1605.0,1405.0,6538.0,,24.0,32.2,47.6,35.8
2002-04-01,29.3,,27.1,25.7,2.81,,3.96,,,147.8,87.1,113.0,190.2,195.0,1590.0,1370.0,6958.0,,24.6,34.7,47.6,37.3
2002-05-01,29.3,,26.9,25.4,2.83,,4.01,,,143.9,90.3,110.9,197.5,197.0,1596.0,1343.0,6761.0,,25.5,34.5,48.2,37.3
2002-06-01,29.3,,24.9,24.1,2.9,,4.06,,,149.5,94.1,115.4,202.7,200.0,1648.0,1354.0,7120.0,,26.1,32.8,50.0,36.6
2002-07-01,29.3,,23.2,25.8,2.95,,4.56,,,160.5,98.7,123.5,199.6,218.0,1589.0,1338.0,7143.0,,25.6,34.2,51.7,37.9
2002-08-01,29.3,,22.3,26.6,3.01,,4.35,,,162.5,108.9,130.1,190.3,227.0,1480.0,1292.0,6717.0,,25.1,35.2,52.4,38.6
2002-09-01,29.3,,22.7,28.3,3.08,,4.46,,,160.9,114.1,151.8,186.6,236.0,1479.0,1301.0,6640.0,,25.7,37.7,54.2,40.7
2002-10-01,29.3,,24.5,27.5,3.28,,4.54,,,156.3,109.7,156.8,186.3,229.0,1484.0,1311.0,6804.0,,25.4,37.8,54.3,40.7
2002-11-01,29.3,,24.5,24.2,3.34,,4.56,,,151.5,108.9,160.0,186.8,243.0,1582.0,1372.0,7314.0,,25.7,34.2,53.6,38.3
2002-12-01,29.3,,24.5,28.5,3.36,,4.56,,,147.5,107.0,146.2,186.5,241.0,1596.0,1375.0,7193.0,,26.6,39.7,54.7,42.3
2003-01-01,32.0,,24.9,31.2,3.61,,4.69,,,149.8,106.1,137.5,200.8,244.0,1648.0,1378.0,8026.0,,28.5,43.6,54.9,45.1
2003-02-01,32.0,,25.2,32.6,3.67,,4.8,,,155.3,105.9,140.8,198.8,243.0,1684.0,1422.0,8623.0,,28.6,48.3,54.9,48.3
2003-03-01,32.0,,24.4,30.3,3.74,,4.78,,,177.2,105.6,129.4,197.0,241.0,1659.0,1389.0,8379.0,,27.3,43.4,54.3,44.8
2003-04-01,32.0,,23.5,25.0,4.03,,4.78,,,181.5,105.5,125.8,195.0,251.0,1587.0,1332.0,7910.0,,26.3,37.0,53.8,40.3
2003-05-01,32.0,,23.3,25.8,4.04,,4.74,,,178.4,107.5,129.2,198.0,250.0,1648.0,1398.0,8331.0,,28.4,38.6,53.4,41.4
2003-06-01,32.0,,24.1,27.5,4.05,,4.77,,,171.3,107.3,126.3,203.4,239.0,1687.0,1410.0,8875.0,,28.2,40.4,52.9,42.5
2003-07-01,32.0,,24.4,28.4,4.04,,4.75,,,176.4,96.8,129.0,198.5,230.0,1710.0,1436.0,8797.0,,28.2,40.3,52.3,42.4
2003-08-01,32.0,,25.3,29.8,3.98,,4.67,,,175.6,100.7,144.2,195.0,237.0,1760.0,1456.0,9351.0,,28.9,41.7,53.1,43.7
2003-09-01,32.0,,26.7,27.1,3.97,,4.7,,,171.3,104.1,138.4,197.6,264.0,1790.0,1416.0,9965.0,,30.4,38.4,54.5,41.8
2003-10-01,32.0,,27.5,29.6,3.88,,4.62,,,166.4,105.4,142.8,195.8,310.0,1921.0,1474.0,11047.0,,30.3,41.1,57.4,44.4
2003-11-01,32.0,,29.9,28.8,3.9,,4.72,,,169.4,108.5,160.9,193.4,327.0,2055.0,1508.0,12087.0,,31.2,40.2,58.9,44.3
2003-12-01,32.0,,34.0,29.9,3.97,,4.75,,,187.5,111.2,158.8,198.3,332.0,2201.0,1555.0,14163.0,,32.8,43.8,58.8,46.9
2004-01-01,37.9,,37.8,31.2,3.87,,4.75,,,204.3,115.5,155.9,212.8,350.0,2424.0,1606.0,15327.0,,33.9,45.2,60.5,48.6
2004-02-01,37.9,,41.8,30.9,3.89,,4.81,,,211.5,123.5,157.5,213.3,368.0,2760.0,1686.0,15145.0,,33.5,44.1,62.0,48.4
2004-03-01,37.9,,48.9,33.8,3.86,,4.88,,,205.3,127.8,156.5,237.8,413.0,3009.0,1656.0,13715.0,,34.5,47.6,64.1,51.3
2004-04-01,37.9,,53.3,33.4,3.92,,4.91,,,199.4,133.5,157.2,240.8,358.0,2949.0,1730.0,12848.0,,34.1,47.8,63.7,51.3
2004-05-01,37.9,,56.4,37.9,3.95,,4.91,,,191.1,128.2,148.3,232.0,316.0,2734.0,1623.0,11118.0,,31.5,53.6,62.4,54.6
2004-06-01,37.9,,59.6,35.2,4.01,,5.04,,,190.6,123.3,137.2,229.0,295.0,2687.0,1678.0,13534.0,,32.1,50.8,61.1,52.6
2004-07-01,37.9,,61.4,38.4,4.28,,5.07,,,201.5,104.8,131.6,230.8,279.0,2808.0,1709.0,15023.0,,32.9,54.0,59.8,54.7
2004-08-01,37.9,,59.3,43.0,4.34,,5.16,,,208.1,104.1,129.1,239.0,265.0,2846.0,1692.0,13680.0,,33.4,58.1,59.0,57.3
2004-09-01,37.9,,55.4,43.4,4.41,,5.43,,,208.5,97.9,138.2,235.3,260.0,2895.0,1724.0,13271.0,,33.5,58.1,58.8,57.3
2004-10-01,37.9,,56.6,49.8,4.83,,5.55,,,211.8,93.8,141.4,244.0,249.0,3012.0,1820.0,14404.0,,35.1,66.8,57.9,63.3
2004-11-01,37.9,,52.8,43.1,4.96,,5.45,,,213.8,93.7,140.8,259.2,260.0,3123.0,1814.0,14045.0,,36.7,59.1,58.3,58.2
2004-12-01,37.9,,52.3,39.6,5.01,,5.57,,,211.1,95.4,139.5,278.3,265.0,3145.0,1849.0,13769.0,,36.5,56.1,58.6,56.3
2005-01-01,65.0,,53.0,44.3,5.46,,5.42,,,208.6,96.3,142.5,287.0,262.0,3170.0,1834.0,14505.0,,34.9,60.8,59.0,59.9
2005-02-01,65.0,,49.9,45.6,5.49,,5.58,,,207.1,94.1,141.6,290.0,261.0,3254.0,1883.0,15350.0,,35.3,62.0,61.0,61.3
2005-03-01,65.0,,50.9,53.1,5.52,,5.59,,,210.6,99.9,152.2,292.8,290.0,3379.0,1980.0,16191.0,,36.1,71.1,64.0,68.3
2005-04-01,65.0,,51.3,51.9,5.86,,5.67,,,214.8,96.3,132.1,297.3,283.0,3394.0,1894.0,16142.0,,35.7,70.3,62.5,67.3
2005-05-01,65.0,,51.3,48.7,5.89,,5.74,,,217.2,95.4,133.1,293.8,283.0,3249.0,1744.0,16932.0,,35.2,66.0,62.3,64.2
2005-06-01,65.0,,51.0,54.3,5.91,,5.68,,,224.3,97.1,131.1,285.0,306.0,3524.0,1731.0,16160.0,,36.0,72.9,62.2,68.8
2005-07-01,65.0,,50.9,57.6,6.42,,6.03,,,228.3,107.5,130.9,276.8,298.0,3614.0,1779.0,14581.0,,35.3,77.2,62.0,71.7
2005-08-01,65.0,,49.1,64.1,6.56,,6.2,,,231.5,101.7,131.8,282.8,274.0,3798.0,1868.0,14893.0,,36.3,86.8,61.1,78.2
2005-09-01,65.0,,45.3,63.0,6.58,,6.39,,,240.8,96.4,128.2,285.3,263.0,3858.0,1840.0,14228.0,,37.6,89.7,61.8,80.3
2005-10-01,65.0,,42.5,58.5,7.28,,6.48,,,246.4,101.9,135.3,286.4,257.0,4060.0,1929.0,12403.0,,38.9,86.0,62.7,78.2
2005-11-01,65.0,,38.1,55.5,7.46,,6.61,,,246.1,95.4,132.3,277.8,256.0,4269.0,2051.0,12116.0,,39.6,78.7,62.0,73.5
2005-12-01,65.0,,38.2,56.7,7.49,,6.49,,,245.9,102.1,137.6,280.5,264.0,4577.0,2247.0,13429.0,,42.5,83.2,63.4,77.2
2006-01-01,67.2,,43.2,63.6,7.96,,6.53,,,244.3,102.7,144.2,291.3,257.0,4734.0,2378.0,14555.0,,45.6,85.4,65.6,79.6
2006-02-01,65.2,,47.7,59.9,7.95,,7.04,,,238.1,107.1,149.2,301.5,257.0,4982.0,2455.0,14979.0,,46.3,80.3,67.6,76.8
2006-03-01,66.7,,49.8,62.3,7.99,,6.88,,,233.6,105.3,142.7,303.5,257.0,5103.0,2429.0,14897.0,,47.3,82.1,66.4,77.9
2006-04-01,67.3,,52.9,70.4,8.24,,6.93,,,231.8,107.7,140.8,302.3,258.0,6388.0,2621.0,17942.0,,52.9,91.3,66.6,85.3
2006-05-01,67.3,,52.6,70.2,8.28,,6.92,,,232.9,110.6,150.9,308.0,266.0,8046.0,2861.0,21077.0,,58.0,89.9,69.0,86.2
2006-06-01,69.3,,52.4,68.9,8.29,,7.1,,,232.4,109.4,140.1,312.5,267.0,7198.0,2477.0,20755.0,,50.4,88.5,67.7,83.9
2006-07-01,70.5,,52.8,73.9,8.58,,6.86,,,230.3,114.0,143.9,315.4,272.0,7712.0,2513.0,26586.0,,53.3,94.0,68.4,88.4
2006-08-01,69.8,,50.9,73.6,8.71,,7.23,,,228.3,116.6,148.4,312.7,262.0,7696.0,2460.0,30744.0,,54.1,94.7,68.3,89.0
2006-09-01,70.0,,47.1,62.8,8.77,,7.65,,,225.1,121.7,166.9,309.2,258.0,7602.0,2473.0,30131.0,,51.4,80.3,67.6,79.2
2006-10-01,71.7,,44.1,58.4,8.97,,7.2,,,218.5,142.2,197.8,301.0,273.0,7500.0,2655.0,32703.0,,50.3,77.0,69.2,77.7
2006-11-01,73.5,,46.0,58.5,8.99,,7.21,,,219.4,164.5,192.9,296.3,300.0,7029.0,2703.0,32114.0,,54.4,79.2,71.6,79.7
2006-12-01,73.5,,49.8,62.3,8.92,,7.35,,,223.8,160.4,189.8,305.0,297.0,6675.0,2814.0,34570.0,,54.8,82.2,72.7,82.0
2007-01-01,78.2,,51.3,54.3,8.59,,7.11,,,249.2,164.8,176.0,313.0,306.0,5670.0,2809.0,36811.0,,54.5,73.6,73.4,75.9
2007-02-01,82.7,,52.9,57.8,8.56,,6.89,,,317.6,177.3,176.5,315.0,325.0,5676.0,2832.0,41184.0,,57.7,79.1,75.4,80.3
2007-03-01,88.6,,55.4,62.1,8.37,,6.86,,,387.0,170.5,168.5,318.7,322.0,6452.0,2762.0,46325.0,,56.5,82.7,75.3,83.3
2007-04-01,91.3,,56.1,67.4,8.0,,7.09,,,404.6,152.7,175.3,316.5,320.0,7766.0,2815.0,50267.0,,58.6,88.8,75.7,88.5
2007-05-01,102.0,,56.0,67.5,7.98,,7.22,,,392.0,160.2,180.8,317.6,334.0,7681.0,2793.0,52179.0,,57.4,88.9,77.3,89.2
2007-06-01,103.2,,61.6,71.3,8.03,,7.11,,,387.9,165.2,205.0,323.3,361.0,7474.0,2677.0,41719.0,,56.6,92.8,79.8,91.7
2007-07-01,106.1,,67.3,77.2,8.13,,7.26,,,398.5,146.8,225.6,328.8,376.0,7973.0,2732.0,33426.0,,57.0,98.0,81.4,95.6
2007-08-01,121.9,,69.4,70.8,8.34,,7.7,,,401.6,151.2,253.9,327.5,385.0,7514.0,2516.0,27652.0,,56.4,91.4,81.7,90.7
2007-09-01,148.7,,68.4,77.1,8.54,,8.09,,,399.6,159.4,323.0,325.0,426.0,7649.0,2391.0,29538.0,,60.0,98.1,85.2,96.3
2007-10-01,168.1,,74.8,82.9,9.16,,8.55,,,406.0,164.2,325.5,329.2,450.0,8008.0,2442.0,31055.0,,63.6,105.7,87.5,102.6
2007-11-01,195.1,,84.6,92.5,9.47,,9.14,,,447.0,171.3,307.7,342.0,489.0,6967.0,2507.0,30610.0,,68.0,117.1,90.0,110.6
2007-12-01,190.1,,91.0,91.5,9.49,,9.18,,,512.5,180.3,345.3,360.7,504.0,6588.0,2382.0,25992.0,,67.5,116.3,92.4,110.0
2008-01-01,193.4,,91.8,91.9,10.7,,9.94,,,593.9,206.7,343.8,375.6,529.0,7061.0,2446.0,27690.0,,74.7,118.6,97.5,113.1
2008-02-01,186.1,,132.0,94.8,10.84,,10.46,,,692.5,220.1,388.7,464.8,574.0,7888.0,2777.0,27955.0,,79.2,124.4,105.5,119.6
2008-03-01,197.1,,118.3,103.3,11.04,,10.96,,,862.2,234.4,419.6,594.0,559.0,8439.0,3005.0,31225.0,,83.8,134.0,111.5,128.4
2008-04-01,196.0,,123.0,110.2,12.19,,11.42,,,953.5,246.4,323.4,907.0,549.0,8685.0,2959.0,28763.0,,78.3,143.1,113.6,135.4
2008-05-01,193.0,,133.2,123.9,12.38,,11.63,,,997.5,243.5,255.1,901.8,566.0,8383.0,2903.0,25735.0,,76.7,159.8,113.7,146.6
2008-06-01,183.9,,159.8,133.0,12.63,,12.07,,,1004.1,287.1,254.7,757.0,635.0,8261.0,2958.0,22549.0,,76.6,172.7,117.1,155.7
2008-07-01,180.5,,180.0,133.9,14.37,,12.35,,,1075.8,265.3,245.4,731.8,637.0,8414.0,3071.0,20160.0,,80.5,173.5,115.4,156.2
2008-08-01,178.7,,158.4,113.8,14.64,,13.25,,,1065.0,235.0,255.4,693.5,557.0,7635.0,2764.0,18928.0,,70.1,147.6,106.7,136.3
2008-09-01,139.6,,150.0,99.1,14.85,,14.39,,,980.0,233.8,223.8,683.8,525.0,6991.0,2526.0,17795.0,,66.8,131.0,101.7,122.7
2008-10-01,88.7,,108.0,72.8,15.93,,15.01,,,910.0,183.1,185.9,609.3,400.0,4926.0,2121.0,12140.0,,62.9,100.5,87.4,96.5
2008-11-01,65.0,,92.3,53.2,15.81,,15.06,,,710.0,163.8,183.0,552.0,372.0,3717.0,1852.0,10702.0,,59.3,78.8,82.7,78.8
2008-12-01,70.0,,78.7,41.6,15.5,,13.78,,,495.0,158.3,179.3,531.8,359.0,3072.0,1490.0,9686.0,,63.2,64.4,80.3,67.5
2009-01-01,72.5,,79.4,44.9,13.89,,12.71,,,308.9,172.8,195.1,580.0,401.0,3221.0,1413.0,11307.0,,67.1,66.3,85.2,70.0
2009-02-01,75.6,,75.4,43.2,11.04,,10.52,,,313.8,163.4,183.4,590.8,374.0,3315.0,1330.0,10409.0,,74.6,61.8,84.5,66.7
2009-03-01,64.1,,61.0,46.8,10.9,,9.48,,,317.8,164.6,183.7,588.3,373.0,3750.0,1336.0,9696.0,,73.2,64.1,83.7,68.2
2009-04-01,59.8,,63.6,50.8,8.51,,8.12,,,300.6,168.5,182.6,549.7,388.0,4407.0,1421.0,11166.0,,70.6,66.5,86.6,70.7
2009-05-01,62.7,,64.5,57.9,8.09,,7.5,,,267.9,179.9,202.5,533.0,426.0,4569.0,1460.0,12635.0,,74.4,74.2,91.5,77.1
2009-06-01,71.7,,71.4,68.6,7.95,,7.18,,,256.1,179.5,201.7,574.5,442.0,5014.0,1574.0,14960.0,,76.3,85.8,91.5,85.3
2009-07-01,84.0,,73.8,64.9,6.67,,7.55,,,263.3,151.6,175.6,572.0,431.0,5216.0,1668.0,15985.0,,74.3,80.8,88.1,81.4
2009-08-01,97.7,,72.5,72.5,6.92,,7.76,,,276.4,152.0,161.7,526.3,498.0,6165.0,1934.0,19642.0,,76.3,88.6,91.3,88.5
2009-09-01,80.7,,67.6,67.7,7.13,,8.42,,,280.6,150.4,158.4,518.8,425.0,6196.0,1834.0,17473.0,,81.3,83.2,90.2,84.2
2009-10-01,86.8,,71.1,73.2,7.6,,9.1,,,271.6,167.3,175.6,493.0,430.0,6288.0,1879.0,18525.0,,85.2,90.9,91.8,90.0
2009-11-01,99.3,,78.8,77.0,7.81,,9.13,,,273.2,171.6,204.7,542.8,447.0,6676.0,1949.0,16991.0,,91.2,95.0,94.4,93.8
2009-12-01,105.1,,83.1,74.7,8.01,,9.76,,,331.5,164.6,206.5,591.0,449.0,6982.0,2180.0,17066.0,,91.6,95.0,95.3,94.6
2010-01-01,125.7,,97.0,76.4,8.8,,10.02,,,383.0,167.3,198.8,568.8,436.0,7386.0,2235.0,18439.0,,90.9,98.5,96.2,97.8
2010-02-01,127.5,,94.2,74.3,8.8,,10.52,,,413.6,161.8,191.8,535.0,412.0,6848.0,2049.0,18976.0,,87.6,95.6,93.7,94.8
2010-03-01,139.7,,94.4,79.3,8.93,,10.42,,,424.5,159.0,190.0,502.2,409.0,7463.0,2206.0,22461.0,,90.0,99.6,92.1,97.9
2010-04-01,172.5,,100.2,85.0,7.52,,10.98,,,417.5,157.1,187.8,466.0,403.0,7745.0,2317.0,26031.0,,93.4,104.9,93.4,102.5
2010-05-01,161.4,,100.1,76.3,7.27,,11.39,,,410.0,163.4,190.3,451.3,403.0,6838.0,2041.0,22008.0,,97.2,95.7,92.6,94.8
2010-06-01,143.6,,98.2,74.8,7.74,,10.48,,,392.5,152.7,182.6,440.0,401.0,6499.0,1931.0,19389.0,,98.8,95.1,92.4,93.6
2010-07-01,126.4,,96.0,74.7,8.04,,11.32,,,418.1,163.8,222.3,441.8,428.0,6735.0,1988.0,19518.0,,95.8,94.9,95.7,94.4
2010-08-01,145.3,,89.8,76.7,8.45,,11.3,,,459.9,175.6,261.6,452.8,450.0,7284.0,2118.0,21413.0,,97.6,96.5,99.8,97.3
2010-09-01,140.6,,94.9,77.8,8.28,,11.03,,,506.0,205.9,276.3,476.5,468.0,7709.0,2162.0,22643.0,,103.3,97.2,103.8,99.1
2010-10-01,148.5,,97.5,82.9,8.29,,11.13,,,557.3,235.8,267.5,486.0,496.0,8292.0,2347.0,23807.0,,110.7,102.2,108.7,104.4
2010-11-01,156.1,,107.2,85.7,8.59,,10.84,,,554.1,238.2,278.5,514.5,514.0,8470.0,2333.0,22909.0,,115.4,106.1,113.0,108.2
2010-12-01,163.1,,118.3,91.8,8.74,,10.75,,,540.6,250.4,308.6,532.0,546.0,9147.0,2351.0,24111.0,,119.4,113.9,118.5,115.1
2011-01-01,179.2,,132.5,96.3,9.61,,11.45,,,547.4,264.9,320.4,516.8,568.0,9556.0,2440.0,25646.0,,116.8,120.1,123.8,121.1
2011-02-01,187.2,,128.4,104.0,9.36,,12.02,,,413.6,292.9,338.8,524.0,566.0,9868.0,2508.0,28252.0,,120.0,127.4,129.9,127.6
2011-03-01,169.4,,126.1,114.4,9.37,,12.5,,,424.5,290.5,303.1,492.8,553.0,9503.0,2556.0,26710.0,,127.7,138.4,125.9,133.6
2011-04-01,179.3,,122.5,123.1,10.36,,12.99,,,417.5,319.3,314.9,484.3,557.0,9493.0,2678.0,26408.0,,137.8,148.3,127.5,140.7
2011-05-01,177.1,,119.1,114.5,10.3,,13.61,,,410.0,307.9,308.6,481.4,557.0,8960.0,2596.0,24237.0,,134.8,139.1,123.9,133.2
2011-06-01,170.9,,120.1,113.8,10.26,,14.52,,,575.9,310.6,282.2,513.8,556.0,9067.0,2558.0,22421.0,,134.4,138.7,123.0,133.2
2011-07-01,173.0,,120.8,116.5,10.99,,16.22,,,597.6,300.8,266.4,538.3,557.0,9650.0,2525.0,23848.0,,139.1,141.9,122.7,135.8
2011-08-01,177.5,,120.1,110.1,10.81,,16.55,,,597.4,310.2,277.6,566.0,553.0,9001.0,2379.0,21845.0,,153.3,134.6,123.4,130.5
2011-09-01,177.2,,123.1,110.9,10.85,,16.27,,,587.9,295.3,267.5,598.8,532.0,8300.0,2293.0,20378.0,,152.0,135.4,121.4,130.1
2011-10-01,150.4,,119.4,109.5,11.42,,16.48,,,571.4,274.8,253.5,599.4,491.0,7394.0,2181.0,19039.0,,139.0,133.6,115.3,126.5
2011-11-01,135.5,,113.8,110.5,11.32,,16.78,,,563.5,274.4,253.2,615.3,478.0,7581.0,2080.0,17873.0,,144.8,134.0,112.0,125.7
2011-12-01,136.4,,111.6,107.9,11.53,,16.48,,,488.8,258.6,244.7,585.8,483.0,7565.0,2022.0,18267.0,,135.6,131.1,109.4,123.0
2012-01-01,140.3,,116.5,111.2,11.45,,16.71,,,451.4,272.8,253.9,542.0,503.0,8040.0,2144.0,19855.0,,136.9,134.1,111.1,125.8
2012-02-01,140.4,,117.0,119.7,11.12,,16.03,,,435.5,279.5,263.1,537.5,523.0,8441.0,2208.0,20394.0,,146.3,142.8,113.4,132.4
2012-03-01,144.7,,107.5,124.9,11.97,,16.34,,,442.9,280.7,259.8,548.0,547.0,8471.0,2184.0,18661.0,,140.8,147.9,114.5,136.0
2012-04-01,147.6,,103.6,120.5,11.42,,16.85,,,478.0,274.0,254.6,547.8,584.0,8289.0,2050.0,17940.0,,137.6,142.4,114.7,132.4
2012-05-01,136.6,,95.8,110.5,11.64,,17.12,,,490.5,269.3,251.3,600.5,577.0,7956.0,2008.0,17068.0,,130.9,132.3,112.9,124.7
2012-06-01,134.7,,87.2,95.6,11.49,,17.2,,,501.6,267.3,249.5,600.0,578.0,7423.0,1890.0,16549.0,,130.8,116.0,110.5,112.7
2012-07-01,127.9,,88.2,103.1,11.13,,18.11,,,436.9,333.1,323.0,573.8,670.0,7584.0,1876.0,16128.0,,129.9,124.6,118.4,119.7
2012-08-01,107.5,,91.0,113.3,11.18,,17.74,,,504.5,332.0,333.7,567.8,684.0,7516.0,1845.0,15735.0,,133.6,135.4,118.1,126.8
2012-09-01,99.5,,89.0,113.4,11.08,,16.83,,,527.4,320.8,343.6,563.3,677.0,8088.0,2064.0,17288.0,,145.7,135.2,118.1,127.3
2012-10-01,114.0,,81.9,112.0,11.58,,15.3,,,533.5,321.2,340.2,558.3,626.0,8062.0,1974.0,17169.0,,145.4,134.2,114.9,125.9
2012-11-01,120.4,,85.9,109.7,11.83,,15.0,,,487.9,321.6,346.5,559.3,585.0,7711.0,1949.0,16335.0,,143.4,132.3,112.6,124.0
2012-12-01,128.5,,92.9,109.7,11.79,,15.41,,,472.8,308.6,325.2,557.8,591.0,7966.0,2087.0,17449.0,,140.2,132.4,112.1,124.5
2013-01-01,150.5,,92.8,113.0,11.87,,15.89,,,462.3,303.1,309.0,564.2,595.0,8047.0,2038.0,17473.0,,138.7,135.9,111.2,126.9
2013-02-01,154.6,,94.9,116.5,11.77,,16.47,,,464.5,302.7,298.0,563.0,611.0,8061.0,2054.0,17690.0,,135.3,139.8,110.0,129.4
2013-03-01,139.9,,91.0,109.2,11.87,,16.27,,,467.6,309.0,285.9,559.0,585.0,7646.0,1910.0,16725.0,,131.5,132.5,109.0,123.5
2013-04-01,137.4,,87.8,102.9,12.88,,16.2,,,461.1,279.9,278.1,557.0,564.0,7234.0,1862.0,15673.0,,121.4,126.6,106.7,118.4
2013-05-01,124.0,,87.7,103.0,12.29,,16.22,,,421.3,295.5,279.3,543.5,498.0,7249.0,1832.0,14948.0,,114.5,126.3,107.1,118.1
2013-06-01,114.8,,82.8,103.1,11.92,,16.61,,,424.1,298.4,268.2,524.3,525.0,7000.0,1815.0,14280.0,,108.1,125.7,107.1,117.3
2013-07-01,127.2,,77.3,107.7,11.6,,16.17,,,409.6,279.5,260.9,509.0,511.0,6907.0,1770.0,13750.0,,103.0,129.9,104.7,119.6
2013-08-01,137.1,,77.0,111.0,11.64,,15.6,,,400.4,238.7,252.4,478.8,512.0,7193.0,1818.0,14315.0,,109.5,133.0,102.6,121.7
2013-09-01,134.2,,77.6,111.6,11.25,,14.96,,,374.8,207.4,259.8,444.0,560.0,7159.0,1761.0,13801.0,,109.8,133.8,102.6,122.0
2013-10-01,132.6,,79.4,109.5,11.37,,15.3,,,370.0,201.7,287.7,439.0,541.0,7203.0,1815.0,14118.0,,107.1,131.7,102.9,120.7
2013-11-01,136.3,,82.3,108.1,11.42,,15.4,,,334.4,199.1,274.4,438.0,551.0,7071.0,1748.0,13684.0,,103.4,130.3,102.1,119.5
2013-12-01,135.8,,84.3,110.7,11.55,,16.38,,,341.6,197.4,267.0,451.0,564.0,7215.0,1740.0,13925.0,,98.8,134.2,102.2,122.2
2014-01-01,128.1,,81.6,107.4,11.59,,16.67,,,403.4,198.1,246.5,450.0,566.0,7291.0,1727.0,14101.0,,100.6,131.2,101.0,119.9
2014-02-01,121.4,,76.3,108.8,11.3,,16.76,,,450.1,209.3,258.7,459.0,491.0,7149.0,1695.0,14204.0,,105.0,134.0,103.2,122.0
2014-03-01,111.8,,73.3,107.4,10.88,,16.55,,,486.5,222.3,286.9,422.0,531.0,6650.0,1705.0,15678.0,,107.3,130.7,108.1,120.5
2014-04-01,114.6,,72.8,107.8,10.73,,16.79,,,409.0,222.4,277.1,395.0,516.0,6674.0,1811.0,17374.0,,103.9,130.7,107.3,120.5
2014-05-01,100.6,,73.7,109.7,10.2,,16.32,,,413.6,217.3,277.2,388.0,519.0,6891.0,1751.0,19401.0,,103.0,132.3,106.9,121.4
2014-06-01,92.7,,71.5,111.9,9.77,,16.13,,,421.4,202.4,236.6,397.0,511.0,6821.0,1839.0,18629.0,,102.9,134.3,104.7,122.3
2014-07-01,96.1,,68.8,107.0,9.27,,15.21,,,440.6,182.7,218.3,422.0,472.0,7113.0,1948.0,19118.0,,105.9,127.9,102.6,118.0
2014-08-01,92.6,,68.9,101.9,9.14,,15.74,,,446.5,176.4,220.4,445.0,459.0,7002.0,2030.0,18600.0,,103.8,122.4,100.9,113.9
2014-09-01,82.4,,65.9,97.3,9.24,,15.16,,,438.1,163.1,202.8,432.0,430.0,6872.0,1990.0,18035.0,,98.6,117.4,97.8,109.7
2014-10-01,81.1,,63.7,87.3,9.77,,15.89,,,418.8,163.1,220.1,428.0,426.0,6737.0,1946.0,15812.0,,96.3,106.8,97.3,102.2
2014-11-01,73.7,,62.6,78.4,8.9,,15.59,,,408.8,178.7,236.0,418.0,450.0,6713.0,2056.0,15807.0,,92.1,97.3,97.2,95.8
2014-12-01,68.4,,62.4,62.3,9.83,,15.62,,,418.4,178.7,261.8,418.0,448.0,6446.0,1909.0,15962.0,,94.0,79.8,95.7,83.4
2015-01-01,68.2,,61.4,48.1,9.25,,16.19,,,440.3,174.7,231.5,420.0,433.0,5831.0,1815.0,14849.0,,98.2,63.7,93.7,71.6
2015-02-01,62.8,,69.1,57.9,8.27,,14.2,,,444.1,173.7,219.8,420.0,424.0,5729.0,1818.0,14574.0,,96.2,73.8,92.0,77.8
2015-03-01,58.1,,64.8,55.8,8.27,,13.04,,,428.8,174.2,218.8,410.0,410.0,5940.0,1774.0,13756.0,,92.4,71.1,89.8,75.5
2015-04-01,52.3,,56.2,59.4,6.77,,10.94,,,409.0,172.1,209.7,399.0,395.0,6042.0,1819.0,12831.0,,93.9,73.4,89.5,76.9
2015-05-01,60.3,,61.2,64.6,6.68,,9.34,,,413.6,166.3,200.8,381.0,388.0,6295.0,1804.0,13511.0,,94.3,79.3,89.3,81.1
2015-06-01,62.6,,59.0,62.3,6.67,,9.19,,,421.4,166.7,205.0,376.0,391.0,5833.0,1688.0,12825.0,,92.4,76.7,89.1,78.9
2015-07-01,52.4,,59.9,55.9,6.69,,9.5,,,431.5,179.6,207.4,392.0,406.0,5457.0,1640.0,11413.0,,87.9,70.0,89.4,74.0
2015-08-01,56.2,,59.1,47.0,6.35,,9.82,,,434.6,162.6,187.9,373.0,379.0,5127.0,1548.0,10386.0,,87.0,60.3,85.6,66.4
2015-09-01,57.0,,57.7,47.2,6.28,,10.31,,,428.0,165.6,194.0,357.0,367.0,5217.0,1590.0,9938.0,,87.3,60.3,83.9,66.1
2015-10-01,53.1,,54.3,48.1,6.03,,10.11,,,423.8,171.4,206.3,373.0,376.0,5216.0,1516.0,10317.0,,90.5,60.5,84.8,66.3
2015-11-01,46.9,,52.5,44.4,5.5,,9.52,,,383.9,166.2,203.4,368.0,368.0,4800.0,1468.0,9244.0,,84.4,55.9,83.7,62.5
2015-12-01,40.5,,52.2,37.7,5.09,,9.08,,,340.6,163.9,192.0,363.0,368.0,4639.0,1497.0,8708.0,,83.4,48.3,83.7,57.3
2016-01-01,41.9,,49.0,30.8,4.4,,8.4,,,327.1,161.0,191.7,369.0,373.0,4472.0,1481.0,8507.0,,84.7,40.9,82.3,51.8
2016-02-01,46.8,,50.3,33.2,3.97,,8.56,,,326.0,159.7,188.4,384.0,374.0,4599.0,1531.0,8299.0,,92.3,42.8,82.5,53.3
2016-03-01,56.2,,52.2,39.1,3.91,,7.74,,,338.1,159.1,189.7,384.0,381.0,4954.0,1531.0,8717.0,,95.6,48.7,84.4,58.0
2016-04-01,60.9,,50.7,42.3,3.97,,6.82,,,330.5,164.4,192.8,395.0,395.0,4873.0,1571.0,8879.0,,96.3,52.3,86.9,61.0
2016-05-01,55.1,,51.3,47.1,4.33,,6.27,,,313.5,169.0,189.9,433.0,423.0,4695.0,1551.0,8660.0,,98.1,57.7,89.6,65.0
2016-06-01,52.0,,52.9,48.5,4.76,,6.4,,,306.6,179.9,187.0,441.0,457.0,4642.0,1594.0,8928.0,,99.3,60.2,92.6,67.3
2016-07-01,57.3,,61.2,45.1,4.67,,6.76,,,305.2,161.8,166.5,442.0,431.0,4865.0,1629.0,10263.0,,105.9,57.3,90.3,65.2
2016-08-01,60.9,,67.4,46.1,4.05,,7.14,,,318.1,150.2,159.3,415.0,412.0,4752.0,1639.0,10336.0,,105.8,58.4,89.1,65.7
2016-09-01,57.8,,72.7,46.2,4.25,,7.54,,,320.0,148.4,157.6,384.0,404.0,4722.0,1592.0,10192.0,,104.6,59.1,88.6,65.9
2016-10-01,59.1,,94.2,49.7,5.34,,7.65,,,310.0,152.3,164.4,369.0,402.0,4731.0,1666.0,10260.0,,99.0,64.4,87.4,69.4
2016-11-01,73.1,,103.4,46.4,5.69,,7.59,,,298.0,151.8,167.3,365.0,398.0,5451.0,1737.0,11129.0,,97.0,60.9,87.9,67.9
2016-12-01,80.0,,88.2,54.1,5.42,,7.59,,,296.6,152.4,161.2,373.0,416.0,5660.0,1728.0,10972.0,,90.8,69.6,87.7,73.9
2017-01-01,80.4,,83.7,54.9,6.14,,8.04,,,308.0,160.0,173.6,377.0,412.0,5755.0,1791.0,9971.0,,93.6,70.2,89.5,74.8
2017-02-01,89.4,,80.0,55.5,6.05,,8.41,,,326.0,162.9,181.0,367.0,395.0,5941.0,1861.0,10643.0,,97.3,70.1,89.3,75.0
2017-03-01,87.7,,80.9,52.0,5.0,,8.25,,,325.6,159.0,176.5,370.0,384.0,5825.0,1901.0,10205.0,,96.7,65.9,87.7,71.8
2017-04-01,70.2,,83.7,53.0,5.01,,8.76,,,313.1,156.4,172.2,380.0,387.0,5684.0,1921.0,9609.0,,99.4,67.4,86.8,72.2
2017-05-01,62.4,,74.4,50.9,5.06,,9.1,,,309.3,158.6,175.0,421.0,390.0,5600.0,1913.0,9155.0,,96.8,64.9,88.1,70.5
2017-06-01,57.5,,81.1,46.9,4.89,,8.88,,,310.3,157.9,183.4,458.0,379.0,5720.0,1885.0,8932.0,,97.9,60.6,87.1,67.5
2017-07-01,67.7,,87.5,48.7,5.0,,8.86,,,313.8,157.5,201.8,417.0,410.0,5985.0,1903.0,9491.0,,95.6,62.9,87.5,69.5
2017-08-01,76.1,,98.6,51.4,5.48,,8.92,,,320.8,148.5,172.7,393.0,393.0,6486.0,2030.0,10890.0,,99.4,66.4,85.6,72.1
2017-09-01,71.5,,97.8,55.2,5.96,,8.64,,,325.9,147.3,176.9,402.0,394.0,6577.0,2096.0,11216.0,,101.8,70.7,86.1,75.3
2017-10-01,61.7,,97.1,57.6,6.18,,8.31,,,322.4,148.6,177.0,394.0,397.0,6808.0,2131.0,11336.0,,99.1,73.3,85.3,76.9
2017-11-01,64.2,,96.6,62.6,6.69,,8.45,,,344.0,148.7,175.7,402.0,394.0,6827.0,2097.0,11972.0,,99.3,79.0,85.6,80.9
2017-12-01,72.3,,100.8,64.2,7.14,,8.65,,,357.3,149.0,172.5,406.0,387.0,6834.0,2080.0,11495.0,,97.3,80.8,84.8,81.9
2018-01-01,76.3,,106.5,69.0,6.66,,9.34,,,360.4,155.8,178.3,442.0,390.0,7066.0,2210.0,12865.0,,102.7,87.4,87.0,87.3
2018-02-01,77.5,,106.0,65.4,6.72,,9.83,,,370.0,163.4,190.6,425.0,416.0,7007.0,2182.0,13596.0,,102.1,82.1,88.7,84.1
2018-03-01,70.4,,96.7,66.5,6.7,,10.11,,,378.0,172.0,198.9,430.0,430.0,6799.0,2069.0,13393.0,,101.6,82.8,90.0,84.4
2018-04-01,65.8,,93.7,71.6,6.93,,10.09,,,384.8,175.6,198.8,451.0,439.0,6852.0,2255.0,13938.0,,102.3,88.4,91.7,88.7
2018-05-01,66.1,,105.3,76.7,7.49,,10.25,,,384.4,179.1,209.9,451.0,430.0,6825.0,2300.0,14366.0,,100.1,94.6,91.8,92.9
2018-06-01,65.0,,114.3,75.2,7.45,,10.44,,,391.6,165.1,206.0,427.0,394.0,6966.0,2238.0,15106.0,,98.7,93.7,88.9,91.7
2018-07-01,64.6,,119.6,74.4,7.6,,10.44,,,400.8,156.5,206.9,398.0,377.0,6251.0,2082.0,13794.0,,95.1,93.0,86.4,90.1
2018-08-01,67.2,,117.3,73.1,8.08,,10.88,,,409.0,162.4,217.4,405.0,377.0,6051.0,2052.0,13411.0,,92.0,92.0,84.8,88.9
2018-09-01,68.4,,114.2,78.9,9.52,,11.3,,,421.6,154.8,202.0,405.0,357.0,6051.0,2026.0,12510.0,,91.2,98.7,82.6,92.9
2018-10-01,73.4,,108.7,80.5,8.79,,11.66,,,420.8,160.3,209.1,409.0,368.0,6220.0,2030.0,12315.0,,92.6,100.2,83.4,94.3
2018-11-01,73.3,,100.7,65.2,8.27,,11.7,,,410.2,160.7,210.8,401.0,374.0,6196.0,1939.0,11240.0,,92.7,84.4,82.2,83.3
2018-12-01,69.2,,101.4,56.5,7.98,,12.0,,,389.7,167.4,217.8,404.0,381.0,6075.0,1920.0,10835.0,,94.9,74.9,82.5,76.8
2019-01-01,76.2,,98.6,59.3,7.26,,12.01,,,382.1,166.7,220.2,410.0,382.0,5939.0,1854.0,11523.0,,98.4,76.2,83.3,77.8
2019-02-01,88.2,,95.4,64.1,6.01,,11.81,,,357.4,169.5,217.2,408.0,380.0,6300.0,1863.0,12685.0,,100.4,80.1,83.5,80.9
2019-03-01,86.5,,93.1,66.4,5.18,,11.29,,,335.0,166.2,200.4,406.0,370.0,6439.0,1871.0,13026.0,,98.7,82.2,82.8,82.3
2019-04-01,93.7,,86.8,71.2,4.92,,10.27,,,323.8,161.5,197.3,413.0,360.0,6438.0,1845.0,12773.0,,97.6,86.4,82.9,85.2
2019-05-01,100.2,,82.3,70.5,4.34,,10.15,,,313.4,171.1,200.3,409.0,340.0,6018.0,1781.0,12016.0,,97.0,85.2,82.0,83.8
2019-06-01,108.9,,72.5,63.3,3.59,,10.04,,,314.9,195.1,222.4,420.0,359.0,5882.0,1756.0,11944.0,,102.1,76.3,84.0,78.3
2019-07-01,120.2,,72.1,64.0,3.62,,10.13,,,307.5,189.4,204.0,416.0,370.0,5941.0,1797.0,13546.0,,106.3,77.0,83.0,78.8
2019-08-01,93.1,,65.6,59.3,3.68,,10.86,,,292.9,163.6,197.5,430.0,361.0,5709.0,1741.0,15749.0,,113.2,71.6,80.6,74.1
2019-09-01,93.1,,66.0,62.3,4.21,,10.14,,,285.8,157.3,201.9,427.0,366.0,5759.0,1754.0,17657.0,,114.9,75.6,80.7,76.9
2019-10-01,88.5,,69.2,59.4,5.06,,9.98,,,277.4,167.1,212.8,424.0,382.0,5757.0,1726.0,17046.0,,113.4,72.7,82.2,75.2
2019-11-01,85.0,,67.0,62.7,5.15,,10.04,,,248.0,166.3,223.5,421.0,376.0,5860.0,1775.0,15172.0,,111.4,76.6,85.2,78.4
2019-12-01,92.7,,66.2,65.9,4.62,,10.06,,,238.2,167.0,237.7,432.0,383.0,6077.0,1771.0,13829.0,,111.9,79.1,87.1,80.6
2020-01-01,95.8,,69.7,63.6,3.63,,9.89,,,264.9,171.8,248.0,451.0,387.0,6031.0,1773.0,13507.0,,118.0,76.1,88.2,78.8
2020-02-01,87.7,,67.6,55.0,2.91,,9.89,,,279.4,168.7,239.0,450.0,376.0,5688.0,1688.0,12716.0,,120.2,66.3,85.6,71.2
2020-03-01,89.0,,66.7,33.0,2.72,,10.21,,,276.2,162.4,228.1,494.0,373.0,5183.0,1611.0,11846.0,,116.6,42.6,82.8,54.3
2020-04-01,84.7,,58.6,23.3,2.12,,10.01,,,282.0,146.9,221.7,564.0,361.0,5058.0,1460.0,11804.0,,122.6,31.6,81.1,46.2
2020-05-01,93.7,,52.5,31.0,1.58,,10.08,,,263.0,143.9,209.9,510.0,359.0,5240.0,1466.0,12180.0,,125.9,39.2,81.1,51.6
2020-06-01,103.3,,52.2,39.9,1.75,,8.97,,,273.0,148.0,200.5,520.0,370.0,5755.0,1569.0,12727.0,,128.3,48.5,83.2,58.8
2020-07-01,108.5,,51.6,42.8,1.8,,7.79,,,305.1,152.6,212.7,480.0,381.0,6372.0,1644.0,13402.0,,138.4,51.6,84.0,61.7
2020-08-01,121.1,,50.1,44.3,2.86,,6.34,,,341.9,149.3,208.9,505.0,385.0,6499.0,1737.0,14538.0,,152.3,54.3,86.7,64.6
2020-09-01,123.8,,54.6,41.1,3.95,,5.88,,,358.4,166.1,219.7,507.0,423.0,6705.0,1744.0,14857.0,,148.1,51.2,89.3,63.2
2020-10-01,119.8,,58.4,40.5,4.89,,6.18,,,357.1,186.7,245.2,471.0,454.0,6714.0,1806.0,15239.0,,145.2,51.6,91.2,64.0
2020-11-01,124.4,,64.4,43.2,4.84,,6.86,,,359.6,190.4,247.9,489.0,500.0,7069.0,1935.0,15808.0,,143.0,55.3,94.7,67.7
2020-12-01,155.4,,83.0,49.9,5.86,,7.66,,,388.5,198.8,251.2,520.0,511.0,7772.0,2015.0,16823.0,,143.6,63.7,97.1,74.8
2021-01-01,169.6,,86.8,54.6,7.27,,9.0,,,421.3,234.5,276.4,545.0,576.0,7972.0,2004.0,17863.0,,145.1,69.9,102.2,80.4
2021-02-01,163.8,,86.7,62.0,6.16,,9.88,,,528.9,245.2,276.6,557.0,578.0,8471.0,2079.0,18584.0,,142.9,80.4,103.8,88.4
2021-03-01,168.2,,94.9,65.2,6.13,,7.9,,,534.1,245.2,272.6,525.0,586.0,8988.0,2190.0,16407.0,,135.6,80.8,102.9,88.9
2021-04-01,179.8,,92.2,64.8,7.15,,8.28,,,543.4,268.2,281.4,495.0,597.0,9325.0,2319.0,16521.0,,138.4,80.8,105.6,90.1
2021-05-01,207.7,,107.0,68.0,8.91,,8.92,,,574.6,305.3,271.0,493.0,647.0,10162.0,2434.0,17577.0,,145.8,86.3,111.2,96.1
2021-06-01,214.4,,130.0,73.1,10.3,,9.62,,,604.8,292.6,263.5,466.0,615.0,9632.0,2447.0,17980.0,,144.2,93.9,108.7,100.7
2021-07-01,214.1,,152.0,74.4,12.51,,10.36,,,613.0,278.4,254.7,414.0,600.0,9451.0,2498.0,18819.0,,141.2,98.3,108.2,103.8
2021-08-01,162.2,,169.6,70.0,15.43,,10.8,,,603.1,256.6,276.2,403.0,586.0,9370.0,2603.0,19141.0,,138.0,96.3,109.4,102.2
2021-09-01,124.5,,185.7,74.6,22.84,,11.44,,,643.8,235.6,263.6,400.0,558.0,9325.0,2835.0,19377.0,,136.5,107.2,108.2,109.0
2021-10-01,122.9,,224.5,83.7,31.05,,12.38,,,672.9,239.6,262.2,401.0,552.0,9829.0,2934.0,19362.0,,136.9,123.4,110.2,121.3
2021-11-01,96.2,,157.5,80.8,27.62,,15.25,,,726.7,248.7,334.5,400.0,551.0,9729.0,2636.0,19933.0,,140.5,115.0,111.2,115.6
2021-12-01,117.0,,169.7,74.3,38.03,,15.32,,,745.0,264.5,327.8,400.0,554.0,9551.0,2696.0,20016.0,,136.8,112.4,111.1,114.1
2022-01-01,132.5,,197.0,85.5,28.26,,14.69,,,699.4,276.6,325.2,427.0,606.0,9782.0,3006.0,22355.0,,139.1,121.3,115.4,121.8
2022-02-01,142.8,,219.8,95.8,27.23,,17.0,,,747.1,292.6,339.3,427.0,662.0,9943.0,3246.0,24016.0,,142.2,133.3,120.8,131.4
2022-03-01,152.1,,314.0,115.6,42.39,,15.11,,,938.1,335.5,446.7,422.0,721.0,10231.0,3498.0,33924.0,,149.6,166.7,129.1,157.1
2022-04-01,151.3,,310.9,105.8,32.2,,16.29,,,954.0,348.2,427.3,431.0,721.0,10161.0,3244.0,33133.0,,148.1,153.2,130.4,148.4
2022-05-01,131.2,,371.9,112.4,29.17,,16.68,,,842.5,344.8,438.4,464.0,724.0,9377.0,2830.0,28063.0,,139.9,163.6,129.8,153.2
2022-06-01,130.7,,374.1,120.1,33.56,,15.53,,,783.8,335.7,379.9,444.0,737.0,9024.0,2563.0,25659.0,,138.9,173.5,124.8,158.0
2022-07-01,108.6,,402.2,108.9,51.33,,18.88,,,784.0,323.0,316.7,418.0,678.0,7545.0,2408.0,21482.0,,129.8,171.8,115.6,153.1
2022-08-01,108.9,,407.0,98.6,70.04,,21.21,,,749.4,289.8,311.5,431.0,671.0,7982.0,2431.0,22057.0,,132.5,172.8,115.2,153.9
2022-09-01,99.8,,430.8,90.2,59.1,,23.73,,,752.0,312.7,388.8,439.0,664.0,7746.0,2225.0,22774.0,,126.4,158.2,113.8,143.3
2022-10-01,92.6,,389.8,93.1,39.02,,21.84,,,725.0,343.6,423.3,431.0,626.0,7651.0,2256.0,22033.0,,125.8,146.2,113.0,134.7
2022-11-01,93.3,,342.2,91.1,35.72,,19.59,,,665.6,320.9,420.6,440.0,649.0,8050.0,2351.0,25563.0,,131.3,139.4,112.4,130.4
2022-12-01,111.8,,379.2,80.9,36.04,,20.58,,,625.0,302.2,415.1,467.0,646.0,8375.0,2402.0,28947.0,,138.1,130.9,111.6,125.0
2023-01-01,122.2,,318.0,83.1,20.18,,20.19,,,631.0,302.8,410.0,517.0,627.0,9038.0,2502.0,28195.0,,144.9,119.3,112.2,117.9
2023-02-01,127.6,,207.5,82.7,16.54,,18.42,,,612.5,298.2,311.9,492.0,651.0,8937.0,2416.0,26728.0,,140.3,110.5,113.3,111.9
2023-03-01,128.4,,187.2,78.5,13.81,,16.03,,,606.0,282.5,284.7,476.0,628.0,8856.0,2296.0,23289.0,,144.1,103.5,111.0,106.2
2023-04-01,117.4,,194.3,84.1,13.52,,14.37,,,637.0,291.1,277.2,501.0,615.0,8809.0,2343.0,23895.0,,152.7,109.3,114.1,110.7
2023-05-01,105.2,,160.5,75.7,10.11,,13.43,,,510.0,268.1,260.5,510.0,595.0,8217.0,2269.0,21970.0,,151.5,96.9,111.5,101.1
2023-06-01,113.5,,139.4,74.9,10.35,,12.68,,,454.6,266.9,257.0,514.0,592.0,8397.0,2185.0,21233.0,,147.4,95.2,109.1,99.3
2023-07-01,114.4,,140.6,80.1,9.55,,12.99,,,458.8,242.4,249.9,547.0,634.0,8477.0,2160.0,21091.0,,148.6,100.9,109.9,103.4
2023-08-01,110.2,,152.6,86.2,11.19,,12.54,,,528.8,207.6,230.8,635.0,584.0,8349.0,2137.0,20439.0,,145.8,108.7,108.7,108.4
2023-09-01,121.0,,162.5,94.0,11.55,,12.21,,,527.9,223.8,230.6,620.0,619.0,8277.0,2185.0,19645.0,,145.3,117.7,110.8,115.0
2023-10-01,119.0,,142.1,91.1,14.57,,12.62,,,534.8,230.7,236.6,590.0,530.0,7937.0,2192.0,18281.0,,144.6,115.7,109.3,113.1
2023-11-01,131.1,,126.8,83.2,14.49,,12.72,,,535.6,211.3,241.0,598.0,553.0,8190.0,2202.0,17027.0,,149.9,106.2,111.0,107.3
2023-12-01,137.1,,141.8,77.9,11.51,,14.44,,,563.8,206.5,255.0,644.0,547.0,8400.0,2182.0,16461.0,,153.0,99.6,109.7,102.3
2024-01-01,135.8,,124.9,80.2,9.56,,14.34,,,596.3,198.6,247.9,660.0,547.0,8339.0,2193.0,16104.0,,152.6,101.2,109.2,103.2
2024-02-01,124.4,,124.2,83.8,8.15,,13.64,,,583.8,189.1,246.2,624.0,520.0,8305.0,2179.0,16338.0,,151.6,102.2,110.5,104.0
2024-03-01,109.8,,131.5,85.4,8.55,,13.19,,,617.5,190.6,228.5,613.0,487.0,8689.0,2226.0,17439.0,,162.0,104.2,113.7,106.1
2024-04-01,112.8,,135.0,90.1,9.09,,11.88,,,545.0,191.7,227.8,592.0,477.0,9464.0,2506.0,18164.0,,175.8,109.6,118.1,111.6
2024-05-01,118.9,,142.0,82.0,10.12,,12.16,,,522.0,197.8,253.2,628.0,490.0,10139.0,2565.0,19587.0,,179.0,102.6,115.5,106.9
2024-06-01,107.5,,135.1,82.6,10.87,,12.13,,,543.0,192.5,230.6,632.0,480.0,9648.0,2498.0,17498.0,,177.6,103.8,115.7,107.2
2024-07-01,106.9,,137.6,85.3,10.35,,12.49,,,539.4,177.4,218.8,590.0,470.0,9385.0,2349.0,16335.0,,182.3,106.0,113.6,107.9
2024-08-01,99.9,,145.8,80.9,12.37,,13.32,,,546.0,170.3,205.8,589.0,400.0,8972.0,2344.0,16292.0,,185.6,102.6,112.0,104.9
2024-09-01,92.8,,139.2,74.3,11.78,,12.97,,,554.8,185.0,219.2,580.0,391.0,9237.0,2450.0,16077.0,,193.6,95.4,115.1,100.9
2024-10-01,101.4,,146.6,75.7,12.92,,12.54,,,573.4,190.3,233.3,515.0,442.0,9534.0,2596.0,16766.0,,203.4,97.7,116.0,103.2
2024-11-01,100.5,,142.1,74.4,13.93,,12.82,,,574.5,201.3,229.0,511.0,436.0,9076.0,2582.0,15723.0,,199.6,96.5,118.1,102.5
2024-12-01,102.2,,129.8,73.8,13.86,,12.64,,,568.3,202.6,230.3,527.0,409.0,8916.0,2541.0,15445.0,,199.0,96.5,122.2,103.2
2025-01-01,99.6,,118.6,79.2,14.66,,13.19,,,582.7,214.4,230.6,478.0,411.0,8991.0,2573.0,15394.0,,202.6,103.5,122.3,108.1
2025-02-01,105.1,,106.9,75.2,15.34,,12.78,,,603.8,220.9,243.5,437.0,412.0,9331.0,2658.0,15288.0,,216.1,99.2,122.7,105.7
2025-03-01,100.1,,104.0,72.6,13.24,,12.55,,,615.1,207.4,227.5,425.0,401.0,9740.0,2658.0,16066.0,,222.7,95.1,118.2,102.2
2025-04-01,97.2,,98.6,67.7,11.59,,12.68,,,635.0,215.0,219.6,415.0,408.0,9177.0,2372.0,15113.0,,236.6,87.9,117.5,96.4
2025-05-01,97.0,,104.4,64.2,11.66,,12.32,,,669.2,203.9,221.3,431.0,414.0,9533.0,2449.0,15346.0,,243.0,84.0,117.8,94.2
2025-06-01,92.3,,109.0,71.5,12.37,,12.17,,,715.4,196.1,217.3,419.0,416.0,9835.0,2526.0,15003.0,,249.3,92.2,114.4,99.3
2025-07-01,97.3,,112.9,71.0,11.62,,11.91,,,736.0,192.0,210.6,392.0,410.0,9771.0,2606.0,15034.0,,250.4,91.7,112.3,98.8
2025-08-01,99.7,,112.2,68.2,11.15,,11.79,,,795.1,185.5,200.3,375.0,407.0,9670.0,2597.0,14949.0,,252.5,88.1,113.5,96.6
2025-09-01,103.3,,106.3,68.0,11.12,,11.47,,,780.6,197.4,207.0,374.0,404.0,9984.0,2653.0,15106.0,,276.1,87.6,113.8,96.6
2025-10-01,103.5,,107.5,64.7,10.89,,11.1,,,754.0,198.1,209.3,356.0,404.0,10740.0,2793.0,15092.0,,307.5,84.3,111.6,94.4
2025-11-01,102.5,,112.6,63.6,10.42,,11.15,,,708.3,202.0,225.2,368.0,446.0,10812.0,2819.0,14671.0,,310.2,84.0,112.5,94.5
2025-12-01,104.6,,107.7,62.7,9.48,,11.32,,,627.5,205.7,223.2,424.0,440.0,11785.0,2876.0,14884.0,,336.1,82.9,112.1,94.3
2026-01-01,105.5,,109.8,66.8,11.76,,11.49,,,619.2,204.5,217.7,408.0,425.0,13012.0,3142.0,17769.0,,393.3,92.8,111.6,102.1
2026-02-01,98.8,,118.4,71.1,11.24,,11.32,,,626.5,209.6,232.4,409.0,459.0,12951.0,3065.0,17173.0,,400.2,92.4,109.9,101.3
2026-03-01,104.5,,138.6,103.7,17.91,,11.42,,,658.3,212.7,247.4,381.0,473.0,12529.0,3373.0,17076.0,,385.7,130.6,111.5,127.9
2026-04-01,106.1,,130.9,120.4,15.41,,15.65,,,725.3,214.0,246.5,403.0,463.0,12951.0,3600.0,17962.0,,375.3,146.7,113.3,140.0
2026-05-01,108.6,,136.9,107.5,16.17,,12.88,,,769.5,216.2,259.5,440.0,473.0,13543.0,3666.0,18806.0,,368.7,133.7,116.0,132.3
2026-06-01,100.8,,138.5,85.4,15.17,,11.79,,,783.8,197.1,237.5,494.0,464.0,13552.0,3439.0,17588.0,,334.7,109.9,113.8,114.9
2026-07-01,98.2,,131.9,83.4,18.06,,11.8,,,781.3,213.4,258.1,467.0,459.0,13543.0,3161.0,16651.0,,317.2,108.7,116.7,114.2
